Date,bitcoin,ethereum,tether,binancecoin,monero,whitebit,chainlink,usds,litecoin,avalanche-2,dai,canton-network,usd1-wlfi,paypal-usd,tether-gold,okb,hashnote-usyc,ripple-usd,ethena,pump-fun,pepe,polkadot,aster-2,usdd,lighter,gatechain-token,polygon-ecosystem-token,kaspa,akedo,algorand,jupiter-exchange-solana,blockchain-capital,cosmos,render-token,superstate-short-duration-us-government-securities-fund-ustb,gho,aptos,janus-henderson-anemoy-aaa-clo-fund,ripple,usd-coin,solana,tron,bitcoin-cash,near,uniswap,ethena-usde,bitway,blackrock-usd-institutional-digital-liquidity-fund,aave,ondo-us-dollar-yield,mantle,htx-dao,venice-token,ethereum-classic,bitget-token,spiko-amundi-overnight-swap-fund-eur,nexo,filecoin,pancakeswap-token,vechain,injective-protocol,dash,zcash,figure-heloc,hyperliquid,dogecoin,cardano,global-dollar,crypto-com-chain,memecore,united-stables,usdgo,falcon-finance,bfusd,flare-networks,pudgy-penguins,rain,leo-token,stellar,morpho,internet-computer,sky,worldcoin-wld,arbitrum,hedera-hashgraph,sui,kucoin-shares,just,eutbl,aerodrome-finance,stable-2,the-open-network,shiba-inu,bittensor,ondo-finance,pax-gold,world-liberty-financial,quant-network,pi-network,ether-fi,beldex
2025-09-23,,,,,,,21.671616381569255,,,,,,1.0009178616050785,,3758.928047575664,184.97901521965335,1.1015709485031662,0.9994062144916082,,0.00570018003351507,9.670966004849772e-06,,,1.000250117661562,,16.539067839551173,0.22754684663961436,0.0789642851311805,,,,,4.162661384193258,3.665935188810186,,0.9993593826014076,4.302403754137301,,,,,,,,,,,,,,,,,,,,,,,,,,,,,,,,,,,,,,,,,,,,,,,,,,,,,,,,,,,,,,,,
2025-09-24,,,,,,,21.53443888308129,,,,,,0.9999619526662472,,3771.384852892804,181.04950229568732,,0.9997141171311468,,0.005835423969194401,9.576652466572222e-06,,,0.9994236637314516,,16.26146744885351,0.22532286960677525,0.0783125771650265,,,,,4.130090670679297,3.5915906919843925,,0.9990532215016288,4.297805119382009,,2.825968325201984,0.9996817002462052,213.6985956125151,0.33605570384003874,556.8666721113145,2.92452839448603,8.068730799721228,,,1.0,274.8785587830738,1.0763579233886609,1.7647376304476698,2.2769637108522857e-06,2.056799020374798,18.81924838228364,5.24951987474342,,1.237116165007382,2.2394847995831775,2.778155158340215,0.022551230489006792,12.153392825207051,,54.98600269471488,0.99701,44.63918368417908,0.23725211955050027,0.8064193483904211,0.9996225146314768,,,,,0.999463842806536,0.9989657255139042,0.024866890474212595,0.029374898928793775,0.003878052653388929,9.50034113182338,0.3648332706438731,1.729113910890662,4.331012272603007,0.06827328670497124,1.30568450537143,0.43284616042577473,0.21929530906228603,3.3231644857089493,,0.0330006994391163,,1.1056961818278987,,2.80993061061319,1.2098356992229594e-05,308.70246339595127,,,0.19712242259308135,92.4927031206348,0.27418093836233964,1.4646299200098198,
2025-09-25,,,,,,,21.614900508398662,,,,,,1.0004285428923458,,3755.000526000028,182.61154283682788,,0.99990502735095,,0.005633332453493457,9.636010924279789e-06,,,0.9995616772321272,,16.36489230949075,0.2247925147766024,0.07876139959900169,0.0015679322361573332,0.213149079748578,0.47244737350527966,27.56,4.153426759369747,3.6373874784490914,10.833121,0.9991563231134152,4.238941477365033,,2.9278803930811144,0.9997004004603484,211.62431724598696,0.33823128867304963,556.5819075307826,3.02461041163959,7.911956001027745,,,1.0,278.3529583803763,1.0814628196635958,1.725278370710895,2.273295204386507e-06,2.059621642007774,18.62136105935669,5.302391207051127,,1.2527263275158491,2.226606502326564,2.7843748059318423,0.022645288378962097,12.397058961213276,21.166146523163533,58.76444497176032,0.9998565,45.56126417136132,0.24108764983630993,0.8126150440216288,0.9996177538126764,,,,,0.9993951143290088,0.9993381281696644,0.027228738726835466,0.029950834992634904,0.0038086488365275417,9.445790930035294,0.37510157809733347,1.7343926460144956,4.306794898053536,0.06698305775034703,1.354079833368124,0.4295463104637404,0.22127382876264565,3.3616358934855453,15.35939479866308,0.03254560367798637,1.221065081251732,1.0683592453657704,,2.8169881273313795,1.2140348471898383e-05,311.47756645752025,,3756.450914010983,0.19805674238596185,96.84226655627668,0.28172760721054874,1.656023900606262,
2025-09-26,,,,,,,20.20117841588352,,,,,,0.999772157683595,,3739.380590410293,186.80888396872976,1.1012765292575657,0.999705363623466,,0.005093656949582494,9.117288971579656e-06,,,1.0001009427385668,,15.766980161177008,0.21757862247903895,0.07575870053875035,0.0010047082635536752,0.20354948918319477,0.4293509853359071,27.56,4.030828952820513,3.356987378370082,10.83442,0.9989936463225904,3.953438348337398,,2.7493115100975554,0.9997042020151954,193.41099740739065,0.3323954668119269,538.3299069274407,2.74051487157483,7.4921926030167585,,,1.0,261.5565262204308,1.0827061751223102,1.6070387712906085,2.2325896954982557e-06,1.994624001209548,17.974621827506244,5.155448140394844,,1.2109952630661267,2.1287357185268663,2.59540670723649,0.021521575830642264,11.399729832172412,20.158297105085587,54.78644558612746,1.0066126,40.530115526021554,0.22382538501984492,0.769932466162084,0.9997348670661906,,,,,0.9991320526378956,0.9992113527515386,0.023730577999576983,0.027005872429310136,0.0034938434189895344,9.482077757157848,0.3514777347735897,1.636202928911667,4.104705188361699,0.06541935459545352,1.2674907035291243,0.4097004344126166,0.20813689580589456,3.133083768380119,15.055011718177251,0.03140162353336567,1.2123649237206016,0.9862410717923028,,2.6749991609604025,1.1696775983801309e-05,299.0725264351763,,3756.511141945294,0.19239043404539688,86.92833736091512,0.2657588273712872,1.5027604291735843,
2025-09-27,,,,,,,21.057588974509393,,,,,,0.999560807272821,,3757.5668908938246,190.29708146033096,1.1003745726652117,0.9996908765554956,,0.005248698032338463,9.37418038485066e-06,,,1.0005047486149825,,15.763612948007871,0.2212777031359263,0.07813190394837255,0.0023989784745328323,0.2084900686626488,0.44508546456076936,27.56,4.11615233318597,3.4396005567324477,10.835574,0.9989654482368991,4.104039585432404,,2.780990009605818,0.9996034887121756,204.81544207335943,0.33839102858223113,548.0226223577738,2.7724618312730556,7.620435576832902,,,1.0,270.80122455745845,1.0680428264969923,1.7477592673042353,2.2498001769660502e-06,2.0171541725098137,18.382940169481603,5.209010434856512,,1.2362395732036098,2.1962377309805556,2.6054869793355935,0.02231978032425614,11.815156167821032,20.667631529071613,56.12368634088379,1.0251967,44.84660241673546,0.23222498196630123,0.7912377477742287,0.9996619419051131,,,,,0.998716859088511,0.99927289572984,0.02573912218709023,0.02852147968704036,0.0035485713348585475,9.490463804157942,0.3616907823808844,1.6832406328826373,4.211005404677975,0.06725199183649799,1.2852810046169352,0.4247719579819418,0.21414934540549735,3.2197699727315285,15.180620609731406,0.03217173899588758,1.2170904477206643,1.0499259030426258,,2.7449832124780147,1.1915853837620651e-05,300.8478045203803,,3772.456286683414,0.20894745103292367,95.52481994543896,0.2702322989468832,1.5941486321570173,
2025-09-28,,,,,,,20.927617087563245,,,,,,0.9992552617877845,,3775.1373516773688,189.6638455359985,1.1010658828287136,0.99937363006473,,0.005172894127479025,9.247477621173688e-06,,,1.0004392249746978,,15.975612353633052,0.22306037480174437,0.07636427193377598,0.0016102430197771004,0.206039565667908,0.43910988767554177,27.56,4.11413926014427,3.376655687234704,10.835574,0.9990608798969745,4.2171372906076305,,2.8060952172429454,0.9996011895483604,203.5629663855269,0.33679618383552995,543.981351516006,2.7327219130511367,7.619065856833981,,,1.0,266.61799559474383,1.0705758999364394,1.7126313379505709,2.234600413013843e-06,2.0716909020131653,18.2589655383016,5.188362598217599,,1.2224374279430807,2.191418436490891,2.599022591670772,0.021825280046630303,11.837263181572348,20.925462896328135,55.100526017861576,1.0,45.6943690131888,0.23081111284117783,0.7813914527291876,0.9997479104441676,,,,,0.9985937604458076,0.9992661559666252,0.025399168301116347,0.027923914450241196,0.0038934812790203752,9.490947260815627,0.36084596768297544,1.6881225795777213,4.206543751042978,0.06464912335586974,1.2753639892973858,0.4243638886640242,0.21278739121520343,3.1788745897999298,15.202882720555683,0.03205805686056792,1.216829812007419,1.00606009170302,,2.7097652865097266,1.1815087703931871e-05,298.78232993811656,,3777.245165891094,0.20667018321173625,100.09439210813905,0.26803464283189743,1.6246821017922188,
2025-09-29,,,,,,,21.676538878260452,,,,,,0.9997199100926274,,3768.828622825624,193.63333707064257,1.1009762306321187,1.000034313495393,,0.005973352628646787,9.433252856162857e-06,,,1.0002798041440293,,16.55965199283034,0.22845569986653216,0.07768124699490211,0.001653182654880755,0.20818690652386215,0.45092183410624065,27.56,4.179996562514771,3.451940214950826,10.835574,0.9990406547266724,4.228858808277892,,2.8644768800726794,0.9997014930338856,210.7475002663132,0.3356183726581062,556.4494544436657,2.8006616295950812,7.752396775224455,,,1.0,275.16640135098,1.0607978971730316,1.7854810648827226,2.217562122854614e-06,2.057459443282194,18.532678612119746,5.181032258362355,,1.2364521941978197,2.2144582449137302,2.640862268511153,0.022108980191242748,12.100406171640854,21.288901825360995,61.38502529570174,0.9804031,47.16387030543,0.2371477755282876,0.8081860522843538,0.9997633357780922,,,,,0.9985567462197762,0.9991513115248472,0.02635690568230098,0.02903512217560388,0.0039456611618420906,9.579914771905967,0.367642780298854,1.749595917602695,4.292789173018442,0.06861533210905638,1.3304292316171873,0.4303769652664136,0.21617272903569237,3.2768164253388483,15.170520248358107,0.032214202778827424,1.2173013167506408,1.0842212811379348,,2.723878297888334,1.2019339307943624e-05,307.26466141033757,,3776.622522103912,0.22056205880476884,100.24082362301765,0.27051666458502815,1.602274572545021,
2025-09-30,,,,,,,21.72554982164106,,,,,,0.9999509854135312,,3828.318885535945,190.35609779547843,1.1011648706688233,0.999509651558885,,0.00572911557939105,9.395457480495696e-06,,,1.0005590136187958,,16.72856928113165,0.2253505252635528,0.07693863094589053,0.0015997631825736497,0.2077985881844031,0.43929864970570176,27.56,4.1079243267458505,3.411234453919809,10.836709,0.9992555685114312,4.2752704268857675,,2.880372514874754,0.9996121239943172,212.92369932398225,0.33686051095659064,560.8093125136645,2.7773052218998373,7.742668459885779,,,1.0,276.92972580916904,1.0723708753432777,1.921334166655693,2.2126216306080453e-06,1.960912098930777,18.63999664945507,5.300788376762657,,1.2604281325429518,2.210300580017048,2.5859647022882375,0.022041205950872375,12.06412625208701,22.690679142860937,72.2867786703928,1.0461777,46.21170563808453,0.23502068464535988,0.8054803733048744,0.999568542622334,,,,,0.9983866130433016,0.9992486375513364,0.026449874942921673,0.028137331739995823,0.0039907946196336645,9.624217658530286,0.3718263695826006,1.7367317879585868,4.2402545855252445,0.06555674736195881,1.2805926671444734,0.4176713347256942,0.21717611614520096,3.2815026652614714,15.324569849458754,0.03223656474196033,1.2198779068676215,1.0347579578510788,,2.6972071077321855,1.197735927596443e-05,310.6375234740743,,3849.2334950722184,0.20145836406549372,103.58307166970128,0.2689216096153923,1.5002591158493632,
2025-10-01,,,,,,,21.31432857703265,,,,,,0.9995051235734854,,3870.85748230059,188.5893273789541,1.1012760653498508,0.999796307315898,,0.005958198668122369,9.316775222683492e-06,,,1.0001722069122485,,16.33054709693779,0.2245675455000948,0.07519022893376995,0.0012281876337179893,0.20794534253897592,0.4294303752265306,26.96,4.10577790324013,3.3380203665300723,10.840151,0.999380271303358,4.403104867604678,,2.8461126408803876,0.9997021096073272,208.8579841163509,0.3334952520389585,560.0696877453399,2.6311142331105435,7.635132100099201,,,1.0,274.4987641058539,1.0735425092137791,1.765266781497012,2.177099306182473e-06,1.969472558215394,18.445449303577227,5.220548120284565,,1.2444845507757398,2.189774320085522,2.5062786101612273,0.021722760553805287,12.010130566710249,22.410510292678307,74.10611968005912,1.0359783,45.2580028950889,0.23306642960415197,0.8074303884717856,0.999698364120606,,,,,0.9976875020375088,0.9992210151195838,0.025462570864621663,0.027970201702191385,0.003773866348296873,9.50311071281509,0.3641876922187653,1.7004914640129742,4.229279002995146,0.06797945816473977,1.2444005142012664,0.42167875926217374,0.21552498344613727,3.2619961060605975,15.323213297216464,0.0320826647424041,1.2205540610960102,1.0116397043977094,,2.7090859521717245,1.182345592897791e-05,302.9749912935039,,3873.0866552609336,0.19607261729905956,101.00621460631044,0.26437654742908,1.4293746728147187,
2025-10-02,,,,,,,22.581017254459905,,,,,,0.999963035843814,,3873.382440335141,191.6821525923476,1.10157964,0.9995357268142828,,0.007045432837362639,9.778010210163077e-06,,,1.000453951046146,,16.419623540744922,0.23875774470710176,0.07983828367892844,0.001300212075813368,0.2209267304680901,0.4630549562655535,26.96,4.136871598682237,3.552384939230098,10.841301,0.9999528980249937,4.871661244413472,,2.9482580178056854,0.9998063827454,221.87788206611364,0.34189004809511114,592.6974115409502,2.832679038624013,8.068208649398578,,,1.0,286.53129616277505,1.0781506621086965,1.8983099179095555,2.2037727453903904e-06,1.960041255881427,19.553392102292342,5.297981623390515,,1.258511776245733,2.297330191311049,2.5852407236939987,0.023189429075375953,12.624662395612354,31.344163351037228,120.15387545287092,1.0265476,47.17399820305179,0.2490560968943271,0.8506205844722313,0.999902473285893,,,,,0.9994261579171554,0.999378736021688,0.026482859169883115,0.0314857390308521,0.004326979486340178,9.581661503144812,0.3987387160632492,1.8371599452960563,4.489789667925717,0.07093488454369437,1.3180747026645867,0.43522350822995537,0.2243622835879588,3.524925761727361,15.552314709886424,0.03258188403806489,1.2205054482082816,1.0921871888582746,,2.7869517455606765,1.2389270766467015e-05,319.46169841925285,,3873.145113381625,0.20625210673983171,104.43092767769866,0.26996481648573406,1.4307532852769025,
2025-10-03,,,,,,,22.783673141897843,,,,,,0.9999824054933372,,3865.051561745912,192.84563385749385,1.1014890572106046,0.9994635526812756,,0.0070777697864017565,1.0213416599201334e-05,,,1.0000299586043144,,16.463157198557912,0.24016956871734568,0.08150109021974475,0.001593094295288482,0.2253138819953084,0.4733883204452186,26.96,4.313835055482531,3.649892542370038,10.842491,0.9996213289627738,5.2213287061470695,,3.0389378149764874,0.9997200246605245,234.78399661993015,0.3428064212134015,594.563312384433,2.972236337388255,8.357092816925661,,,1.0,288.9252403267835,1.090536928277388,1.9786408896219896,2.222670630808226e-06,2.049056259549862,20.08480487651083,5.297257454704841,,1.2537803960441305,2.3860753138877273,3.1103369388063897,0.02372703887160662,12.944945183270876,32.6556559187232,131.21225564668927,1.0078931,50.65594259814002,0.2618052392244106,0.8706696157136018,0.999869555717333,,,,,0.998525286275788,0.9997305319539258,0.02594043477904011,0.03180798389921198,0.004171200613893931,9.644489477002544,0.4085298916917513,1.9600001661480968,4.582120472872912,0.07004747327611802,1.355477845385866,0.45291704098929336,0.22754496675031816,3.5865894878353166,15.668287884924464,0.03277772610032526,1.2194268348588897,1.1899471611906287,,2.8442400554764617,1.2644166252183852e-05,325.2081339688382,,3866.207390019976,0.20838574290892647,106.65189739383996,0.26555639671872655,1.7565085184328355,
2025-10-04,,,,,,,22.529680612981487,,,,,,0.9995724773566744,,3880.319282042863,207.5960743999372,1.1024788327529471,0.999872196074762,,0.006885033743284939,1.0116568945523251e-05,,,1.000900317490446,,17.426879960574254,0.2408704432917621,0.08053377543714084,0.0017177450355081551,0.2250809379537751,0.4688545384406498,26.96,4.28427475149805,3.609696188795573,10.843644,0.9995758339902406,5.374605742483564,,3.0420483759329757,0.9999013722589184,233.04397396283912,0.34208592807205535,609.1755090375376,3.035855694068088,8.185254192813208,,,1.0,290.9123483914483,1.088873292543262,1.925347243803068,2.2069569102961883e-06,1.9800953595647912,19.95681924159182,5.320550315210697,,1.2598799316614406,2.3926510895190467,3.633724229019498,0.023712527497449575,13.406740229337029,31.64884116769073,127.53623734525152,1.0085216,49.49209830003479,0.2585309554573205,0.866743034832648,0.9998604650938168,,,,,0.999337710374542,1.0002066139772756,0.024995793310190195,0.031936134991030124,0.0038868649846564266,9.64396097289393,0.4067798997066332,1.876415624719812,4.667873544798211,0.06950853519316828,1.3393691866500728,0.4503723245853716,0.2255457800546712,3.583095961807332,16.066626763809033,0.03291342980764383,1.2214812701163795,1.1595996119774858,,2.859286230808763,1.2666682580291616e-05,321.4864702199078,,3886.465429274887,0.20144690579523183,105.85702355672332,0.2638477556288465,1.805492650029401,
2025-10-05,,,,,,,22.02904933473609,,,,,,0.9998760556032104,,3884.076286234148,227.40879590692177,1.1028774055648145,0.9994630463909004,,0.006679607000676532,9.767373192147278e-06,,,1.0002640332506028,,16.956687743715747,0.23643749841058276,0.07644233916062117,0.0019442258376294963,0.2196271027511734,0.45591731699528504,26.96,4.137431922374794,3.4970784232843894,10.843644,0.9996941800892548,5.2077773441293855,,2.9693592464231773,0.9998,228.00950694210047,0.34042509075949307,590.2635401048137,2.963909360578638,8.024274195717346,,,1.0,283.1951732344773,1.0767218588808496,1.963787894925969,2.2020497960038507e-06,1.9416416117531845,19.452397187873977,5.5153457810820505,,1.2664676915064337,2.3153403739595104,3.422835458797174,0.022968044569793504,12.560299781295452,34.3017739149073,157.3392787488459,1.0,49.15175425318848,0.2509778301220705,0.8401157008656936,0.9997544438981194,,,,,0.9977432894109236,0.9997761217887898,0.024222607501436948,0.030304619336208625,0.0037790701386318953,9.609539427663645,0.39405795174741054,1.8563094943224585,4.499520196256572,0.06716420508403959,1.2707115226260028,0.4343217999223263,0.21715189640426605,3.6247573327756313,15.968393470419766,0.03286294723641072,1.2209608319541767,1.1291586492454269,,2.809730451289903,1.2376815986732312e-05,319.814018049501,,3901.5785500553066,0.20065735287199007,103.00127200735363,0.2610517648304079,1.8257810344931924,
2025-10-06,,,,,,,21.99498410885737,,,,,,0.9996010951034544,,3909.4282318064184,222.0363976145845,,0.9996985739951474,,0.006420719303314258,9.797169631758096e-06,,,0.9999145591585112,,16.957449621602336,0.23768516878030163,0.07482772521717447,0.0016100599358553468,0.218387977431138,0.4545096084020481,26.96,4.144066817839467,3.480659587839077,10.843644,0.9994444678861452,5.451440123697342,,2.968622326576146,0.9997805125113604,228.51623325831756,0.34150612354725407,594.2893009253977,2.955387835408151,8.055911165011759,,,1.0,285.67631826317063,1.078424763636548,2.119347774332758,2.1961152175268004e-06,1.916920378143476,19.41571918802422,5.584787354821298,,1.2655606345605996,2.332970473111902,3.218251426320817,0.022846411059941344,12.671770528984814,35.3763061947838,165.7141280325909,0.9754688,48.175332735253114,0.25277580633606306,0.8370741437274202,0.9996840768294202,,,,,0.996900764337901,0.9996354278496404,0.02418985518904537,0.03149494367266319,0.0036291787407699686,9.65143377222562,0.39607853057674025,1.8825392687422269,4.527097432687358,0.06722311629858768,1.2552083245049892,0.43202413231279185,0.21632922420354045,3.562502677996649,16.019522315470095,0.03281027079566551,1.218323897242257,1.1436546643019143,,2.7963771998061326,1.2455644657191082e-05,315.1830834727147,,3913.088913943895,0.19954776143363373,102.1100617351853,0.260366055228562,1.809693289005751,
2025-10-07,,,,,,,23.457256881766217,,,,,,0.9999589359728924,,3982.02203570969,226.81038098088987,,0.9998655702942794,,0.006188887792448048,1.0215889353374044e-05,,,1.0000895440493127,,17.08088857799467,0.25052105994441876,0.07830634123209848,0.0015752497494718907,0.2294633886631768,0.4714643258024142,26.96,4.281145439537239,3.611472755703209,10.844764,0.9996427985724868,5.290382362606538,,2.99054810772785,0.9997326189677496,232.63341831761747,0.3462146452187116,599.5640952904728,3.0641811136989094,8.373173398577237,,,1.0,297.5970961340708,1.0831946058306574,2.4547764353235673,2.20115923900013e-06,2.0367780832677007,20.027143946730927,5.598498327269639,,1.2774208243481076,2.4112124887912025,3.790611739867336,0.02370814068656816,13.084389946732632,34.48577992657081,157.11732155612032,0.9975792,47.43837969832822,0.26681340618181265,0.8744061309265566,0.9996594656792036,,,,,0.9961011067908992,0.9997755451063164,0.024126077994389938,0.032892853792617374,0.003703698630205482,9.650679435750485,0.40998441967572696,1.9219684520293772,4.628779379350634,0.06933228925405698,1.3131216980777352,0.4587766455477528,0.2307313409965538,3.628454211715886,16.16254901403727,0.033177033921032204,1.21818235046138,1.1781745036363254,,2.8574394885559986,1.2875716473785672e-05,345.46332250311895,,3983.010035525778,0.1995428267721276,105.435635280248,0.2674837735892239,1.8222583442976448,
2025-10-08,,,,,,,21.833985882814016,,,,,,0.9992015116263974,,4003.5332280579937,221.3459513815919,1.102877913749434,0.9995349243501992,,0.006435964920399666,9.474553111094463e-06,,,1.000099728293052,,16.590848688153038,0.23730344138970325,0.07506718651697894,0.0014903357573334173,0.2188478247731896,0.44308406646975473,28.16,4.061281680943181,3.368293201471091,10.848242,0.9996069309142565,5.308007857153555,,2.855682119011508,0.9996494904518228,220.38956435964568,0.3380184581819792,577.0887977566302,2.9514403588047524,7.770284357019568,,,1.0,276.5311254406943,1.0830253613747685,2.299577464364557,2.162620542145725e-06,2.2309141423260117,19.046630301703622,5.456493144845444,,1.2602138682485993,2.2826210080421925,4.380820460492572,0.022526203684894643,12.4299787816084,29.948498136564456,127.88151226117724,0.9966629,45.15140533681702,0.24726704864952131,0.8202865149456022,0.999599292056408,,,,,0.9966301068664944,0.999584697553198,0.0235397913265603,0.030452949779032873,0.0035182386153205774,9.661806315297678,0.38417100775278146,1.7786218765008772,4.427700737984271,0.0666436139891042,1.1930101112464826,0.4218808984371888,0.21854425033166813,3.4520289665124375,15.848433785382598,0.03284073609038565,1.212589210679989,1.0830838398187956,,2.756571559477695,1.2213529052092428e-05,331.60847517525116,,4003.6550635948342,0.1822664181394092,100.76169333255828,0.24630633402219096,1.788984835185404,
2025-10-09,,,,,,,22.627675420518003,,,,,,0.9997960990449948,,4012.8720753038406,223.78494531942516,,0.9999062702013573,,0.006161221415179956,9.565682340320206e-06,,,1.000764137347692,,16.632998966230303,0.2413010071478831,0.07511691822837917,0.001417466295059835,0.22419261230850548,0.45065991295251534,28.16,4.181329768140374,3.3535538058949688,10.849411,0.9996949094814984,5.1737854749371035,,2.879618312662142,0.9997076205375852,229.091625881658,0.3421465983089769,583.446990434779,2.965815816655993,8.075595793310681,,,1.0,285.60378643874975,1.0781569170872856,2.6968336717790913,2.1767961951676028e-06,2.5020957629763556,19.648562940975065,5.688900953410498,,1.2762036023340968,2.3651767184366315,4.051813596714285,0.022770939881467816,12.666632203505646,33.063185268598026,175.5783770671204,1.0170958,46.48257534662824,0.25561963798452636,0.8389731895710552,0.9997029014316118,,,,,0.9983116734300422,0.9995664438977808,0.02321197176776502,0.03256870957889573,0.003003653949987268,9.665640821675344,0.388457270931618,1.7894613877199066,4.508282838849464,0.06892211257582465,1.2771218267892743,0.4347745961158566,0.21975259930489333,3.5366744999378503,15.89589796154259,0.03315558590494406,1.2098885456981243,1.0860782443377046,,2.7769374887844447,1.2333836119060358e-05,338.1577827497732,,4031.3784451227543,0.18627262583982868,102.3042421116756,0.2409295975193397,1.697803622840442,
2025-10-10,,,,,,,22.003897306838795,,,,,,0.99978566567656,,3984.275611476515,209.52362078904787,1.100045108231006,0.9997894256720938,,0.005543604577460818,9.262788572830284e-06,,,1.000234691259775,,16.200633918952867,0.2361871233252976,0.07389485749596138,0.001615665797713884,0.220654511375312,0.4314957578574474,28.16,4.0591516934506755,3.240763704928666,10.850578,0.9996680994650744,5.005512091913608,,2.804023342938806,0.9997306421484576,220.95337084458515,0.3367636433634747,580.1342566619802,2.8826841082062313,7.859757067687409,,,1.0,273.70792351116484,1.0880164520123785,2.347146059129314,2.1535679158925087e-06,2.273354643572981,19.187462174575575,5.705257146684954,,1.269881389618423,2.299268708464732,3.7408483511542903,0.02203877055997158,12.12179041249498,35.16693587745648,213.64839600701333,1.0300279,44.05328414175869,0.24855951251949493,0.8154911639561802,0.9999105196944044,,,,,0.9969970247904876,1.0002046856147353,0.02223285356340144,0.030174910086974985,0.003224870664384982,9.634346109643673,0.3795745797726764,1.7057897419542185,4.365549732532197,0.06694269046341564,1.1991789648399205,0.4180862833316661,0.2131150132263511,3.4090002927922347,15.560575733423148,0.032389806558063325,1.2032782562535638,1.0609358292931828,,2.739503013558402,1.2020526039636838e-05,346.5696571390964,,4000.874786002789,0.1794607022563907,101.00263289301276,0.22951203278969745,1.6253405313050255,
2025-10-11,,,,,,,17.35079930751786,,,,,,0.9997997212760472,,4008.518993399902,176.93163392103142,1.0999082285743338,1.0004779064562197,,0.004032450143160493,6.686580431453133e-06,,,1.0020836738680516,,15.275547722985223,0.18369293220383923,0.05424265132732464,0.0015028296038043611,0.1755342090886952,0.3306729934741275,28.16,2.9591670032666135,2.329869356197665,10.851721,0.9999951875685464,3.6740525286249768,,2.3700592846898307,1.000020632997088,188.7926485329733,0.3208053596232824,514.13438039256,2.3844276949519823,5.813773507339414,,,1.0,225.3752826523278,1.0911743199432036,1.727770758667982,2.0512731170282006e-06,1.751156205011874,14.42250802247682,4.941799988246134,,1.1968188383640044,1.6808398461150804,2.823757403996141,0.015852256094228297,8.649322987759353,37.73703943407142,229.2593080694026,1.035177,38.11682959051369,0.1937211933549914,0.6359247657855862,0.9998632272988912,,,,,0.9977680957027676,1.0002991152343752,0.019415842148166215,0.023840257223036503,0.003412781185030766,9.61005931093141,0.31991999513447195,1.3655581029470074,3.0420957833719533,0.061593246929720846,0.8780786233925107,0.2960992597843036,0.16475304260067083,2.610830973002113,14.380136859051484,0.030403059976256384,1.2091618860150102,0.8415557708204724,,2.052161380021757,9.764085349117464e-06,292.2783159994069,,3986.018140165184,0.12470929661680775,85.37086564919045,0.19946759988217583,1.1825313484650597,
2025-10-12,,,,,,,17.21343078545399,,,,,,0.9997460402317494,,4004.108845815799,174.87461855186103,1.0997914363533527,0.9999311474460034,,0.0037687201689450144,6.7256024231211685e-06,,,1.0007006095287043,,15.912041787986103,0.18575392897085663,0.05713832898570952,0.0015508565616309013,0.18174523145532884,0.33695562022808584,28.16,3.140357642042925,2.370304556786279,10.851721,0.9998469802074276,3.644411723887632,,2.383913598572311,0.9998825663978854,177.98430501390146,0.31457933942978245,499.56931764570675,2.299405015775013,5.857913882337959,,,1.0,234.46289866529875,1.0931014164829862,1.625184053929784,2.0418735104909985e-06,1.5475302956320742,15.06247428798647,4.719834381964341,,1.1876597639862845,1.5633133747659518,2.6486850542184635,0.016768139508582997,8.491418848699473,39.4992630952841,293.0956233563993,1.0,36.89867974520845,0.18532819439494527,0.6320900333531511,1.0000518911756706,,,,,0.9978089403007002,1.000992433796797,0.019424372736265794,0.021741813991743488,0.003733981266934713,9.627361569576571,0.32332618121696893,1.6066026688297614,3.1338083207143943,0.057981443999198586,0.9178004794658848,0.3023269415749929,0.1682233232427722,2.5441898909585063,14.22253008162671,0.0304064307807038,1.209268678726942,0.7828120078275657,,2.0990095782783227,9.952171750007954e-06,297.77573216180485,,3994.9832296703735,0.12259187145550748,87.75447174846062,0.2028078695212908,1.1158203620137828,
2025-10-13,,,,,,,19.03007117087704,,,,,,1.000242378570882,,4031.40561386885,186.29016425526464,1.1021952675483335,0.9999193060415124,,0.004323837984829319,7.495638477222064e-06,,,1.0005384756248124,,16.650424368706446,0.1998754930137392,0.06160126058166337,0.001682422956630967,0.2031606670862745,0.373021751271787,28.16,3.4850511003271243,2.736002078211195,10.851721,0.9997763854188624,3.914169248688818,,2.529653741025908,0.9999043479882256,197.2146674369267,0.3230383884051676,541.50318698277,2.4618846232362843,6.625471197836771,,,1.0,251.235623142793,1.0874315665817416,2.2504718268926016,2.064844091441359e-06,1.6598495061526235,16.72128366609553,4.9756875342499,,1.2112511079606592,1.659895589191498,3.4183913484572366,0.01925908872884577,9.54403447006487,53.38807905549922,261.28568078351356,0.9754261,39.74972285260426,0.2074819583625857,0.7002247092120097,0.9999903520969622,,,,,0.9953866446904236,1.0007401277271903,0.020014751926986377,0.025756828665591824,0.004414792377631428,9.65890535891942,0.34207357076248507,1.9717859583320851,3.502982557212643,0.06305881403115624,1.0018108328208717,0.3352306758838867,0.1855180927073262,2.8096110867083537,14.556618682895795,0.031398506653455456,1.2072022218509848,0.9171347903518596,,2.278256982735618,1.0717086111571193e-05,383.4055052246927,,4038.8903511486615,0.14121762414496614,91.12993152789302,0.2091878925458802,1.246158934137076,
2025-10-14,,,,,,,19.878583252035295,,,,,,0.9998439930728452,,4128.838550868336,188.4982068198121,,0.9999440585607172,,0.004329081510126203,7.845799597987859e-06,,,1.0006354434661344,,16.51609000451618,0.20985836752090464,0.06476614511773206,0.001805026198217642,0.213205312933534,0.4022679994369715,28.16,3.6502013578032377,3.0533536988635706,10.851721,0.9998261437211244,3.928465592417024,,2.607292503642952,0.99989947050822,208.60633453023536,0.3228960320911472,546.8481499901269,2.618804027708316,7.06082108536286,,,1.0,261.284261432634,1.0831322363687776,2.1232352830729857,2.079453571096405e-06,1.723770542393488,17.50341308317492,4.9531385176503075,,1.2320595163582448,1.7316575292906309,3.64172624856116,0.019904031839094345,9.937122325891886,50.872029581145554,249.76038881758237,0.9984536,42.46983647349754,0.21407086796977215,0.7298742293157644,0.99985785031353,,,,,0.9986965801237913,1.0006221827399546,0.020643755869446792,0.02639897545404604,0.004120055400215922,9.669065018118271,0.351613322512444,1.9868724825616348,3.72442846960591,0.06541314417907394,1.0105573311218947,0.358721678927758,0.1944485607068245,2.992723907271423,14.571139715912665,0.031919773061982966,1.2035830562382537,0.9471953001775382,,2.367025484206429,1.1123756255465276e-05,446.89091791944,,4144.032380679786,0.1516925996972801,92.00691628122236,0.22436043148402365,1.2867616280609353,
2025-10-15,,,,,,,19.119657249567545,,,,,,0.9999253535016271,,4174.090302901913,180.59191449203857,,0.9999927726393584,,0.004100025224501033,7.523733211438683e-06,,,1.000566753709104,,16.208741499157263,0.202068271818071,0.06068329373873335,0.0015711711035749872,0.20530410365178692,0.375848454890121,28.16,3.4740896743867196,2.8543799325175776,10.852878,0.9994780596139944,3.6873446634661873,,2.5050811467956984,0.9998712825678936,202.58499940260515,0.316964834120019,538.509850154425,2.463124963472779,6.826060972052881,,,1.0,255.4025253427308,1.0927137768479067,1.9791212149000696,2.0409753851240272e-06,1.6758521682576095,16.898950610079684,4.853067216992447,,1.220099887924483,1.6760060977240538,3.5102917419476674,0.01913983557181844,9.557808149275726,45.584171176028185,247.97096854651684,0.9911608,39.50609137201213,0.2044816740991668,0.6994050006325363,0.9999166633595478,,,,,0.9982481138010882,1.0000252067844848,0.019322759372731486,0.024587659134030895,0.003920402775459081,9.632265094379266,0.3375229738781362,1.9895948966367047,3.537757667607781,0.06337748742291441,0.9590249955632266,0.3434785540817087,0.19027572390479372,2.8230553486746204,14.358597513625895,0.032660122469803196,1.2074939289058333,0.89158182582282,,2.303886779446358,1.074608526536712e-05,457.785294859784,,4179.541990486392,0.14429087522475884,89.83682849874057,0.21707478863552773,1.240421018857511,
2025-10-16,,,,,,,18.05884412732888,,,,,,0.9999090837390936,,4222.242928182123,176.88780667947316,,1.0000167065003205,,0.003829240329112402,7.182037263124236e-06,,,1.0004224245250126,,16.02198566743669,0.19557160041278235,0.056896349587043614,0.001893130315312281,0.19636776762294297,0.3615866743646551,28.16,3.3343377984090066,2.6799562571107622,10.85754,0.9996664983534554,3.5193471341103346,,2.4122709942221987,0.9998949716255732,193.98189964651897,0.319400089531981,522.6282661177665,2.3269988109019386,6.5771998266493235,,,1.0,242.4924024404339,1.0941787641015714,1.8139840032194845,2.0421832518454075e-06,1.6026820553342251,16.297960700781335,4.741958402839527,,1.2178457590647973,1.6049051176743327,3.02756955914121,0.01831990539695153,9.054112582834104,45.65949072965973,229.8183359735714,1.023089,37.405209250799736,0.19638014446991336,0.6689040458171572,1.000040626394955,,,,,0.997245265201772,0.9998107311362392,0.018813754806863182,0.023210534897454036,0.0037740115744573314,9.671241999382987,0.3249210164641735,1.89938703476512,3.3502517475187217,0.05993326144894785,0.932534428326564,0.32714983956738775,0.1789778637107832,2.681633228297385,14.078290767448012,0.03226168252700393,1.2120353149569154,0.8200594735070906,,2.219339251019246,1.0327766213616312e-05,411.59378437867053,,4239.886454648836,0.13865794803027656,87.01797427855068,0.20900253437723804,1.1605362035256843,
2025-10-17,,,,,,,17.410492293058436,,,,,,0.9998882426142146,,4389.799706921246,170.6737130025894,,0.9999072572762172,,0.0034655755251143936,6.867220387962452e-06,,,1.0003918504794926,,15.793920616043607,0.18835943192164395,0.05354057903434282,0.0016109033046642735,0.184762353960074,0.34545551127699753,28.16,3.2551773707492817,2.5247957929243037,10.858686,0.9995126661335204,3.2935118432699557,,2.327078891793293,0.9998044841135586,184.676653314175,0.3157586034783986,504.16581562912233,2.198306604223472,6.276425248581414,,,1.0,223.10811700587848,1.0911151660784997,1.7163482131709449,2.0234865651585955e-06,1.5287545402550629,15.810134671994057,4.684444322942122,,1.170166358930129,1.491633148082394,2.8966117504425273,0.017333569389537434,8.615473053569577,42.31804229415667,204.53340729526244,1.0429057,36.767928527036005,0.18836368148453356,0.6449963492329933,1.0000034831616496,,,,,0.9991490401476154,0.9996038201731188,0.017444700337587164,0.02205074577860292,0.0036904525210721,9.6120186272743,0.3120246409082563,1.7723701144033144,3.1370483934419817,0.060259019408283494,0.897231626242501,0.31602586120655285,0.17064841374609618,2.5154754010893505,13.899768628438052,0.03132979209940885,1.217593437498537,0.7875054882878023,,2.1784670635888648,9.993799708922446e-06,378.6978525753431,,4439.361846041912,0.13544403972407204,83.51335454842443,0.2056279444054409,1.106846030774766,
2025-10-18,,,,,,,16.619616512752224,,,,,,1.0000134163646328,,4233.20408863487,164.59984347525526,1.1043831241845228,0.9998382403244492,,0.0035299769679546017,6.655446750329207e-06,,,1.0002648913157863,,15.622082679112474,0.18644201593792575,0.05184579745241223,0.0015778747144396925,0.17750186048891034,0.33577859123671316,26.27,3.153113723199238,2.453608796249396,10.859842,0.9996700227969372,3.1945536000038257,,2.29593334499471,0.9998082559891376,182.1459454130084,0.3091485920935105,470.160836409847,2.1517524206789487,6.141050782293247,,,1.0,206.43192494643415,1.0989135165046453,1.6042906109327175,1.9904222856450807e-06,1.5208076069384442,15.36684019126749,4.584388222459878,,1.1585878021466167,1.4660602448699669,2.843454462837698,0.01715438694261255,8.343685932543687,43.3055541061933,217.4053464328621,0.9996274,35.46860902308274,0.1847983399611889,0.6247363021263741,0.9999610654694824,,,,,0.9944601062606324,1.0000436633417968,0.01675674675909471,0.02119933880854421,0.003622238033898166,9.480648593871498,0.3086532576334455,1.77516853262083,3.008809989165824,0.05887580622458014,0.8726771519105697,0.303990628227919,0.16268670572572178,2.4397026612432287,13.60783731245385,0.031066557539371487,1.2138069673832428,0.7497957953266019,,2.1208220538280407,9.754219417965696e-06,383.11891912195546,,4240.423865916289,0.1297242727574262,81.85463691003157,0.20140825838487775,1.0761600353544585,
2025-10-19,,,,,,,16.825425541978685,,,,,,1.0002039921733077,,4229.120013179007,169.4955517143068,,0.9995454597169424,,0.003964445119247641,6.750140372904141e-06,,,1.0000394544570468,,15.926476644310265,0.18937952214234688,0.0505009801375526,0.0016287861054268048,0.18003685324075647,0.3416111562798946,26.27,3.1856043938298932,2.4808701320632203,10.859842,0.9996947148339964,3.2083444202186984,,2.3600123732745915,0.9998064331977244,187.6503123404748,0.3130988557888938,468.5359380322995,2.166678362946893,6.028402745241327,,,1.0,214.92269504241483,1.1014786485441528,1.669952534417074,1.9963154861337028e-06,1.5022264311958933,15.474850481381855,4.662308166968751,,1.179059065329918,1.495131780399079,2.876164901327301,0.01714491457854896,8.441864867230635,42.64657395759553,220.987020510236,1.0,36.87312836044079,0.1895729684401556,0.6343380572373233,1.0000679735707343,,,,,0.9974954538409644,0.9999307603169352,0.018233051784054252,0.021482847830126925,0.0035218898115050782,9.401814805424223,0.3145257865537803,1.8958797070652629,3.0490914706406507,0.059139061136300575,0.8863072897055264,0.30938440809016615,0.16593226145608422,2.501633001502069,13.791053325962324,0.03128456906115122,1.213441914358387,0.7820707877693054,,2.1538636145877006,9.920391502381608e-06,400.06519759698995,,4245.28766670759,0.1305812729210028,84.67639600786244,0.2043072569583704,1.0716391907936365,
2025-10-20,,,,,,,17.27749220006015,,,,,,1.000522780631021,,4239.91715568742,170.19669610826318,1.104487369728908,0.9996738825955976,,0.003919550047569642,6.99974141945119e-06,,,1.0017836480544968,,15.98709131190326,0.1952336367865042,0.05275635809312509,0.001633803687502714,0.18355205983636055,0.35103385811905796,26.27,3.2293568799783947,2.531280818935176,10.859842,0.9998498685281692,3.19056705546699,,2.390346018545064,0.9998198911440332,187.79198147575528,0.3204496881304621,472.7426815651018,2.258222882403365,6.260536814199903,,,1.0,222.5529762409606,1.0942485532858657,1.8590585304889649,2.017635063698998e-06,1.5151435075072162,15.765847765869738,4.691723635946121,,1.1688912980647426,1.5322458868758395,2.901006560769312,0.01765024910747776,8.544358248237367,43.67114447167793,235.5366094473388,0.9715211,37.411650913913334,0.19523004984286133,0.6526910963141523,0.9998143432238334,,,,,0.9948539692694196,0.9999328933747984,0.017441479064622557,0.022250874179965623,0.0035283391997478096,9.449746945622625,0.3178943964060646,1.9325706659142556,3.0702185298183267,0.05872865019127926,0.9120653786765186,0.31732927304831765,0.1704481414037961,2.5810315781808706,13.554639234346272,0.03214734051045471,1.213583381715503,0.8307944640846242,,2.21089402456887,1.0078165492422969e-05,438.9663195635388,,4243.686266801941,0.13137389284053408,84.30742758463903,0.20559615855387808,1.0759243813380177,
2025-10-21,,,,,,,18.65832126375028,,,,,,0.9997749280997316,,4360.3111425884035,169.86610536266505,1.1035800386897885,0.9999123991369214,,0.0038684881151943543,7.154758729350865e-06,,,1.0003175079132307,,15.902501969471604,0.2006698981051276,0.054837605028614754,0.0015965825279565008,0.18683136825487823,0.3640362648699347,26.27,3.274701069093611,2.565728474536704,10.860996,0.999707851402285,3.2625985407483644,,2.494574251694319,0.9998034034980532,189.717698834749,0.3225931558853268,478.93127936690314,2.2606546996389514,6.339802718470626,,,1.0,229.0506248589202,1.1055814206327348,1.809898022470542,2.0160351188750714e-06,1.504813030391296,16.007052077300347,4.668075366805784,,1.1741324058465743,1.5819329437466962,2.9095446972813166,0.017829606194320856,8.738304790659749,49.08489051442107,268.63388684496107,0.9967829,37.91326147344409,0.20006426787549236,0.6632890705437973,1.0000607403082888,,,,,0.995102699457651,0.9998768580796762,0.017558870192162256,0.022424811472305444,0.0033986146989239737,8.980280550270498,0.3248774224557119,1.9293453600199024,3.1902041962005923,0.05837223553071627,0.9174464491888266,0.3223082337091221,0.17568547294725473,2.576020759112717,13.409126691204332,0.03307176473240413,1.2120537871405,0.83796971905276,,2.236822452325786,1.0192118043237023e-05,423.43984854968954,,4364.630592803601,0.1320539038804731,84.85795010199149,0.2068789288103239,1.06963332157126,
2025-10-22,,,,,,,17.613389278200753,,,,,,0.9998037997267076,,4088.13030314698,161.93887333221994,1.104387202828112,0.9998244495674996,,0.003698841011256768,6.916474835676902e-06,,,1.0003520205375829,,15.886671969498735,0.19388260631054344,0.05172106001714615,0.001504969493555771,0.18110048866600284,0.34935548696599844,26.27,3.187653337371633,2.47012945702705,10.864446,0.9994181789288844,3.221045963359792,,2.423538156244877,0.9998041468036551,185.72442261780827,0.3218513900344061,481.2427034728413,2.2204451677791446,6.255559646937682,,,1.0,218.82927356666315,1.091646560202549,1.6334450738115445,2.0036343883203995e-06,1.4810227018196775,15.715048752403332,4.5966848139521845,,1.1487668736117125,1.5606100952582778,2.703163074722683,0.01721284979770473,8.44854002562203,45.26746077095089,263.24904175469686,1.020207,35.3763917234913,0.1943680606569129,0.6426021306169266,0.9998823663320836,,,,,0.9936849101148048,1.0000095765047812,0.017681554876283416,0.021291541218278743,0.003356839632449066,8.969426835939917,0.31436169339872083,1.851488501170932,3.046832418948348,0.05822913422867102,0.8880127073779077,0.3110947279000603,0.17042350267125855,2.49024490495096,13.344754900263844,0.03327519009992326,1.2076390089194466,0.7945443507862129,,2.1371850237870325,1.007049711445278e-05,381.9272358732459,,4096.284905923044,0.12609456074048617,81.82937537495809,0.2024228140806419,1.006479951729798,
2025-10-23,,,,,,,17.206876260751528,,,,,,1.0001019211244209,,4093.1702717214425,157.90258941196032,,1.0000036351454042,,0.003467375282040319,6.714878371020262e-06,,,1.000158080473247,,15.600064203551506,0.1895219262573192,0.04922422533577365,0.0015301660448894178,0.1781057576501599,0.34271187835341743,26.27,3.1145537267157204,2.3851120311858875,10.86555,0.9995426739758672,3.1868210713987897,,2.3637245370123927,0.9998039371638384,180.0884506434004,0.32234033526504524,473.4085097785545,2.164862506719343,6.040219177137808,,,1.0,216.74728335116015,1.107688735138754,1.5955768592767097,1.991870685992034e-06,1.3790519960689982,15.431121152531942,4.522553436094298,,1.146923052830114,1.5205481582080194,2.7164532513904924,0.016973037766805962,8.19466256598453,41.63632564824056,238.47015514827632,1.0004296,36.26937647852413,0.18996416706671973,0.6232140456940091,0.9999075580695372,,,,,0.9979119378854,0.9993951724258848,0.0172557346016636,0.019951120369358945,0.0032095551091968497,8.96370258703886,0.3080288845110612,1.8223723463351176,2.9782624035744307,0.05805631672484892,0.8429396800224901,0.30128045569892087,0.16601962335396647,2.382262782925147,13.069744717143994,0.033132171099399435,1.2084273523321356,0.7742708683793992,,2.113555530221804,9.864126660055966e-06,381.10410196298267,,4092.646101785936,0.12236850706865922,80.80196553761934,0.19860585356700888,0.9613536810382806,
2025-10-24,,,,,,,17.423170130977997,,,,,,1.0004488056627707,,4109.471196501308,163.7052275977157,,0.9999432950742096,,0.00380979412341477,6.944551623348943e-06,,,0.999791449148686,,15.968350505027576,0.192833327953413,0.05139220412377673,0.0017608526360635614,0.18124047998141396,0.3580562693611276,26.27,3.1843607871828103,2.4603865891958083,10.866684,0.9995409230430632,3.243804656694221,,2.394687892719905,0.9998600108029138,191.4105154932252,0.3137340892622096,480.707464984668,2.2030300943611154,6.3151694274261,,,1.0,224.65887498370407,1.1041869185070368,1.6848972631004755,1.9621639178039786e-06,1.417966224853615,15.674351054933895,4.656764425269721,,1.1393009980766282,1.556312423441384,2.7524359193546295,0.017198598490128583,8.412088045672725,41.65673463054444,243.11025015165947,1.0092475,40.1598964092154,0.19492013039370207,0.6430635724985133,1.0000142173105349,,,,,0.9971398385700304,0.999734335218812,0.01711971775581491,0.02048167483048904,0.003272513949930524,8.968560511612896,0.3114619992506373,1.9114364110349311,3.0425663733900805,0.05859019785550856,0.863805986198289,0.3139805496039891,0.16503624199521685,2.428212002327435,13.459216703661838,0.03352372680719364,1.2096340188218888,0.7951095508846499,,2.1250329601818696,1.0106209920623244e-05,386.27583553094615,,4117.799229237985,0.14172909674294568,82.84814481084469,0.20445674659407295,0.9714567219173508,
2025-10-25,,,,,,,17.890512221728315,,,,,,1.0001379871354703,,4103.750123851834,164.54032416097365,,0.999730053590302,,0.004159732773936571,7.171299822385153e-06,,,1.000228794160333,,15.650548853516751,0.1949858063803248,0.05306731755513125,0.0017743353031548783,0.1856699489726319,0.4036858410720938,26.27,3.186237291730921,2.4660813449568137,10.86785,0.9996505286543688,3.302172971589349,,2.508279461558719,0.999901541088286,193.5224673498789,0.3038302412372745,503.0413570826521,2.2724081197910473,6.249526681473258,,,1.0,228.99929154696656,1.0950520879806922,1.6465801839148668,1.9258185817024823e-06,1.468101529950928,15.990999585092698,4.685582646899856,,1.1344209287593436,1.5701104736767024,2.660263722734701,0.017365111435553846,8.477998546103949,41.81200813681262,270.5618145714378,0.498796,39.32495752678674,0.19774673054287717,0.6563199842062207,0.9999802278822588,,,,,0.9999164748609292,0.9999429936850762,0.01738085902652389,0.02117449753886463,0.00332418330371589,8.954642569784086,0.3194550588560685,2.027174755235637,3.147200566764586,0.05789621408277171,0.8962129735299005,0.32023460376539503,0.17075576556382613,2.5233894914259056,13.625700475708436,0.033006528688726416,1.2105019640758372,0.8118217476858102,,2.167236867306953,1.023628267333949e-05,385.08864723439626,,4111.070261871816,0.1363890326962918,81.95756512729308,0.2064382374147635,1.02032645286696,
2025-10-26,,,,,,,18.020149508640955,,,,,,1.0002856749574771,,4112.875762252154,167.80318021695342,,0.9999946278336986,,0.004142873780281422,7.154302434044354e-06,,,1.0002833647398863,,15.552114980376835,0.19591315838935147,0.05844247827745737,0.0017188713065244444,0.1852228936537317,0.4273627098796299,26.27,3.15028428232834,2.473794225861945,10.86785,0.9996976326754764,3.3132686941641225,,2.5952603071088585,0.9998065092284324,193.93319201308577,0.29708802393862,508.5858676453251,2.279947643702062,6.248704129361252,,,1.0,226.30131088074063,1.094150532816201,1.6604979371399025,1.8700273821837624e-06,1.5143520119010605,15.98464838536262,4.680795907242008,,1.144231970726158,1.5608047429759473,2.704725693840572,0.01734645031709562,8.407608070884555,41.98083752129799,275.3177136204163,0.9992996,44.27647613889776,0.19651735296733663,0.6541985130613327,0.9999109822712664,,,,,0.9988377999322192,1.0000242562912185,0.017073794168319292,0.021386583473125692,0.0033332092387450534,9.004076242409024,0.3248316891217694,1.990222499816508,3.1205452243568614,0.057559465632633554,0.89458209707152,0.3202386414410921,0.17259222846990155,2.5333087591476757,13.337647638267006,0.033421386758698886,1.210501964075838,0.9180191356046314,,2.148762896838442,1.02005188644886e-05,395.98196082436897,,4111.229099501082,0.13771709633625775,81.94069985905371,0.20758794032613437,1.02803204000117,
2025-10-27,,,,,,,18.538775392726073,,,,,,1.000240426606981,,4052.50566109858,170.12804860595926,,0.999488848636235,,0.004758310798344451,7.325360684365505e-06,,,0.9995887408833368,,15.51767344377879,0.20228463380843528,0.0581849793675736,0.00171561540167135,0.19098437874072768,0.4347865325715102,26.27,3.253043214534424,2.5777753285522276,10.86785,0.9995998613079466,3.5789176174358728,,2.645481792092586,0.999796851160087,200.0215931980344,0.3003635869161707,558.9128282880772,2.368170975401614,6.659441461766934,,,1.0,240.7110935619958,1.096921965994928,1.7730070040646122,1.8809398950365635e-06,1.765570555370451,16.640685872881786,4.811946775945617,,1.140590773296407,1.6514377489294936,2.812094918490134,0.017892074265347245,9.02682475265763,50.14895204762358,327.51012220887975,0.9808635,47.308035881589944,0.2057400449032107,0.6812334622578501,0.9999334914699816,,,,,0.9990345769984802,0.9999121388668608,0.017547407947464358,0.022324067657244956,0.0031626070929883657,8.959958034033365,0.3302053615303067,2.098650110017949,3.293442354129078,0.05922493185479748,0.9476833201003632,0.33467324959786743,0.17989232712570302,2.676069663447413,13.665544875500808,0.033883019736346186,1.2111116021996622,0.9461516589822192,,2.2261273742430614,1.0561251195842904e-05,404.5205235496175,,4060.127611329691,0.149730247968354,84.01951661799677,0.22265916084875925,1.0427027911098576,
2025-10-28,,,,,,,18.207251470107696,,,,,,1.000799540923024,,3997.4660422743177,165.68671807901558,,1.000023261080486,,0.0047733981875031075,7.130765301726142e-06,,,0.9995891503721114,,15.322214059934328,0.19959682070714663,0.057368690599074026,0.001611663324780898,0.1858141902154,0.44445118049180193,26.27,3.177644440753451,2.4960906151908566,10.868975,0.9995196865099876,3.4552742367500904,,2.63389793917658,0.9998674895349966,198.77163279922976,0.2982459420007514,556.0115752158715,2.331368860010126,6.51219566334598,,,1.0,235.16332368173437,1.0943833970009935,1.6633910790268358,1.8730220259985973e-06,1.6273031223503271,16.511953246682616,4.807867104193512,,1.134185191660367,1.639687006115434,2.6892797848789747,0.017275911119104898,8.625753853920571,48.78337564041955,341.20271986103637,0.9972013,46.5499489853064,0.2004059000921845,0.6669830925611613,1.0000189582787735,,,,,0.9975951865073444,0.9998732326046108,0.01736596735119323,0.02139306062883012,0.0031469917808311914,9.336087429047064,0.322631060063332,2.049790218492867,3.174674809544612,0.05924198463429861,0.9043857583081772,0.3305424179219917,0.18456209878093396,2.6087776227283297,13.564779892212057,0.03427399297811048,1.213361112179229,0.9021980576328376,,2.235488121342559,1.038493172478641e-05,416.7915807950971,,3990.974167466816,0.14754627879506477,81.35892081684204,0.23383232305847224,0.970724671254888,
2025-10-29,,,,,,,17.838656332588968,,,,,,1.0000931341017678,,3957.3643733949807,162.87025693710615,,0.9998777608462052,,0.0046248985806790896,6.988325154204913e-06,,,1.0007061997098228,,14.859889250306535,0.1947222993840177,0.05661518599883929,0.0015795565445319091,0.1846080686646628,0.43051736204587854,26.27,3.09955625850592,2.4261703590528687,10.872398,0.999673552767188,3.3547682907949494,,2.6046449493103596,0.9998073944444896,194.29867849889453,0.2955880757498277,557.8349327942811,2.2350287434963163,6.3442201193462,,,1.0,228.4895133768815,1.0986988090509526,1.6079440719163436,1.8583606843423724e-06,1.5736682024798831,15.903706603033465,4.69459117688941,,1.132715623314483,1.5554615125916955,2.612222200510763,0.016769562444404397,8.378449474472053,45.81065943656442,315.9646098548533,1.0298624,47.76812298781349,0.19362628810505475,0.6459726681015994,0.9998431355438308,,,,,0.9975143141661496,1.0000958606885737,0.016626228241694234,0.020573344694903652,0.003034317635240066,9.578910248080026,0.31814150642342565,1.9269627675068148,3.0752883345255406,0.05833678689484592,0.8696847226917214,0.3151472966395931,0.19446859258161925,2.50734757474632,13.252558119285702,0.03410545380323447,1.2134660336947978,0.9791167409551386,,2.243839467584833,1.011242400850511e-05,432.3791673699093,,3966.6942602417616,0.13801193778759627,80.71297505195388,0.2520370251414038,0.9494387874898907,
2025-10-30,,,,,,,18.121107381466423,,,,,,1.000172745172957,,3945.6000826788686,160.35865748092607,,1.0001509367881691,,0.005234059281295863,7.0227403000282746e-06,,,0.9999092064744644,,14.44581179002276,0.19530683441050273,0.058499384479461035,0.0014760620081767715,0.18371640891483176,0.4171594512498919,26.27,3.097977944303337,2.3896030098340844,10.873519,0.999578249565966,3.400538841067932,,2.5501065495933,0.9999011661213224,194.0726847621732,0.29607512482468534,556.1305148816258,2.2759709989980106,6.294454972645068,,,1.0,227.60199668154547,1.097423172999775,1.5847360637698773,1.856832691619956e-06,1.605748313931785,15.977466137527736,4.638373785848638,,1.1298203984130093,1.5844082502522687,2.5662330663306174,0.016814405930674254,8.506742403669872,46.37300138406074,350.5504449220746,0.9991034,47.95583889064207,0.19238320560682592,0.6398677019985701,1.0000135711847329,,,,,0.99768809107027,1.000055856597205,0.01681469231071696,0.02114983698788868,0.0030800396126729806,9.648265981035175,0.31586293996462417,1.9803924163806952,3.0623293543774905,0.058771159949992734,0.861081015624656,0.31752090875483463,0.20114389221050424,2.511036239896048,13.421117714204696,0.034671806453807776,1.2084000051055397,0.9775620914067654,,2.2130050915948165,1.0156970250978751e-05,441.2528622464028,,3952.9906187664255,0.14503699245458895,81.06947469433052,0.25853666140414444,0.973612882661411,
2025-10-31,,,,,,,16.790548418075453,,,,,,0.9999119249759894,,4038.8880926194192,148.47802924309516,,0.99992888590208,,0.004409269429701356,6.43770433027284e-06,,,0.9997466398268232,,13.30295276145812,0.18471294640073416,0.05365811327051051,0.0014218843485070372,0.17344301290677197,0.3997353297267827,26.27,2.944627245540153,2.2324645816774433,10.874651,0.9996147025049033,3.2044545219101677,,2.4393602981380744,0.9998019867109674,184.49846534649268,0.29242022973708676,540.9877100901343,2.09741953223503,5.840969849021486,,,1.0,214.99544986230552,1.0921516392545805,1.4390340809216875,1.8292596584640684e-06,1.473944758986643,15.406132911669804,4.520093287397252,,1.1228327798823536,1.462658692363543,2.4000586817189857,0.0155754702647577,7.6405385661467635,43.91165510578431,343.90674630363327,0.2340344,45.43800820287693,0.18265293820366513,0.6009284915513262,0.9999053931636188,,,,,0.9973843394387668,0.9998329787137828,0.01596249491883323,0.018559859210913267,0.003473275979008448,9.590667718655522,0.2984155609286198,1.9624935697307568,2.891328500344778,0.05746506698590997,0.797295417619497,0.28985735789948364,0.1962520927474504,2.291518307069912,13.032039513049368,0.03478664476340491,1.2051161886512114,1.0179417225659075,,2.151903079192856,9.72640967366938e-06,414.7295749381575,,4035.2885504705455,0.13671334135829288,78.5499567904361,0.25044204668472836,0.9109860936696104,
2025-11-01,,,,,,,17.23750128832088,,,,,,0.9993677251694828,,4002.6815110053344,142.7652423262669,,1.0000180437503954,,0.004618015358159336,6.55705717766678e-06,,,0.9995879119106732,,13.226938192176409,0.1841567428703549,0.052929110633935385,0.001448811860696054,0.17737135613825536,0.4055433727379259,26.27,2.9606743318312714,2.228185098981134,10.875787,0.9991827267745252,3.2593566422311335,,2.508414081846672,0.9997808671107352,187.1659046571601,0.29615492703307233,535.4962301589775,2.098611657531523,5.742343429623699,,,1.0,228.62395733473625,1.104713972219442,1.4533857994881856,1.844615442825226e-06,1.5230282043822416,15.8553001571244,4.512099434216228,,1.105367094673655,1.5157260502266154,2.4185316675065227,0.01557544759150317,7.5872342746380514,52.72435086643744,404.7621299797708,1.044208,43.588214708098654,0.1863845696831878,0.6089843942718322,0.9998024503565734,,,,,0.9943919150929896,0.9993569941528928,0.016116700541899506,0.018127810268305258,0.0034646267479452194,9.525673671043783,0.3048950971511035,1.9569805826654396,2.941548579878011,0.05598372907978123,0.7989705463742802,0.29522870224710945,0.20115745071623373,2.363260032399043,13.343312517380962,0.035263264541393176,1.2081692068573548,1.066629572449067,,2.286757682000317,1.0026329777120864e-05,481.42354201404,,3997.074308886383,0.13726169376827244,79.98683432119063,0.24968379830453905,0.9667467337884588,
2025-11-02,,,,,,,17.13151676109948,,,,,,0.9987910372758092,,4004.271007352434,144.63570528282074,,1.000299581224538,,0.004654677724822185,6.6936881184422734e-06,,,0.999681915259558,,13.13091195111064,0.19259225228582416,0.05326855196188709,0.001404248547552256,0.17931072091906303,0.41041409320033767,26.27,3.027927273672513,2.331199032175709,10.875787,0.9994178404469648,3.3308898571880152,,2.5046915174642344,0.999800298902706,186.31885199348687,0.29737163648193055,554.2957581911716,2.1728155981784303,5.861249159194133,,,1.0,222.89978773115303,1.1041705247144202,1.4411386334159009,1.8485880310989987e-06,1.6020919090036871,16.33536677186787,4.5366027106856555,,1.1436592795805864,1.671184746540778,2.518845559645671,0.016293748249153906,7.940247842070134,73.76052429992582,411.60325332005885,1.0169749,43.22668522608004,0.1873356222985738,0.6131038871272193,0.999893594448188,,,,,0.9949175605469291,0.999503242029899,0.01599295703272667,0.01815568381252214,0.0034604854419026127,9.569648021904309,0.3050483376189546,2.0304723124654047,3.444720341989625,0.05596820027884588,0.8716851148683812,0.30667557258464007,0.1962450391101745,2.3783887052968833,13.414474942820773,0.03480913921269811,1.20759212198221,1.0284853025323786,,2.308120559101819,1.0189826421138518e-05,497.7719964647867,,4009.1446020665926,0.13878495178468944,80.07403276406716,0.24659926692304343,1.0018344681315867,
2025-11-03,,,,,,,17.59901399892397,,,,,,0.999322132126009,,3966.296254311113,142.48056932347225,,0.999482142006192,,0.004357334014367061,6.7006119898330154e-06,,,0.9997957836882572,,13.166617217605916,0.19261507759823207,0.05213800730708033,0.0013113687777792963,0.17839770346616843,0.4054210023232712,26.27,3.0592313885550073,2.291721555675267,10.875787,0.999209561976014,3.3821674839077356,,2.526622419787482,0.9997000175014188,187.67222619735156,0.2982243373672422,536.9693438625975,2.1923867200317235,5.866621155989886,,,1.0,231.04733608521937,1.1072377688020023,1.4308867068719808,1.8373784314023197e-06,1.6387687985795922,16.37867197968548,4.519221196683033,,1.1296765110430564,1.666816722580001,2.4883027205255392,0.01631594205283089,7.8318048916986305,89.70693940651587,417.7494920291106,1.0099029,42.474132246356454,0.18648708365937705,0.6106007621663921,0.9999339529339816,,,,,0.996304831213172,0.9998410199539424,0.016042747268506095,0.017805023174955404,0.003539989405757235,9.616081512426565,0.30491831870541647,2.0759661940336573,4.28332968261373,0.05591245270301165,0.8427495712425033,0.3077489201447482,0.19457505367068711,2.3551151543859032,13.424922770765123,0.03502579460796314,1.2007153956462997,1.0098140678239615,,2.3093592891839982,1.0176398865296442e-05,488.94029554947093,,3978.6127808760352,0.1349612027203794,79.86647563198727,0.2504273961716475,0.9963140161728036,
2025-11-04,,,,,,,15.232166228378365,,,,,,0.9989551155539722,,3984.023939125929,132.99082103955126,,0.9992039280166324,,0.0038689000941605177,5.709113605793216e-06,,,0.9999617000743396,,12.001672874541743,0.16843803599736237,0.04667341056611955,0.0011759049756168032,0.15980017115644796,0.362065120731278,26.27,2.505848121665323,1.998861075143597,10.876956,0.9988042275408352,2.7755018734506827,,2.308473257506325,0.9997629507025528,165.88821459720248,0.2811207600270551,505.3143942860528,1.9096548460467897,5.193739163804718,,,1.0,199.4355695122227,1.1032391301208695,1.2283157819418922,1.7716352911239577e-06,1.411660345920146,15.00325138557712,3.769646379529505,,1.0918317123059138,1.4414561974164888,2.2244188407556544,0.014626627168330684,6.735633305303688,118.33159267916068,432.0111207370554,1.00542,40.111810408620144,0.16714197406148948,0.5515401897941109,0.9998518357713342,,,,,0.9964953661178182,0.9997551626750656,0.013548744542749082,0.01547989115504734,0.0032393890147369244,9.52124215947043,0.27814841447411015,1.8473697836239704,3.919358234227971,0.05391839864222953,0.7278340122603648,0.2610180222791754,0.17514855789474948,2.06824777284527,12.433443686520944,0.03551773478651881,1.1998470335097966,0.8919110255416498,,2.013630773446311,9.182110767892818e-06,465.6836318552202,,3990.211860289946,0.11547090548283022,73.90792920158833,0.2298363465969229,0.8600156292530758,
2025-11-05,,,,,,,14.718678957261204,,,,,,0.9993498999944486,,3933.368462546082,123.71479531383142,1.104973123650366,0.9997416974812314,,0.00375700299308113,5.601861233736876e-06,,,1.000614364273526,,11.716374179383372,0.1624795357027652,0.044137899258877136,0.001196153115636986,0.15408744012329362,0.34343506204582147,26.27,2.5082478500563874,1.863428218269245,10.88028,0.998741101264948,2.561669430477118,,2.209001299834111,0.9997055531732963,155.1980725305336,0.285414773626943,480.8460205844262,1.833863848105944,5.077687592474533,,,1.0,188.49848042101917,1.1059952468092609,1.2710765037325011,1.7654903107558571e-06,1.3092950860596229,14.30113969080971,4.085106701132929,,1.056070285963431,1.3675779150568974,2.180120691585816,0.014026750171104926,6.48080832787284,121.52625167368365,443.2769272224937,1.0333763,39.135317659277696,0.16249297587875333,0.5213933908892786,0.9998058794909804,,,,,0.9978039392074692,0.9998077993969184,0.013608754878484302,0.014373114322300595,0.003032496333933266,9.523129211720711,0.2699302631827463,1.627401926953054,5.218788716414176,0.052997055036794256,0.7040188628341087,0.25541227351761675,0.1687579698658942,1.977334833169365,11.810269270525644,0.03411055603963376,1.1964484454914135,0.8055831449856153,,1.9031258304419283,8.85519418143213e-06,401.19277142203794,,3929.252777716817,0.11356664076751724,72.80745846209678,0.2171497011762876,0.827910541395715,
2025-11-06,,,,,,,15.134040858721772,,,,,,0.998430981940404,,3974.446617673483,124.1342460418265,1.1050790159554684,1.0002369831922278,,0.0041518024691100585,5.7613672673278775e-06,,,1.000223801950718,,12.052532701021116,0.16879471905415963,0.04685731880749436,0.001145715061753152,0.1615487473839657,0.353243981741204,26.27,2.667255925715642,2.0229387885052024,10.881439,0.9993318327695032,2.6796918322878147,,2.3425240690913345,0.999706358920354,162.46544782382182,0.2889971223885519,489.11357543311885,1.950826099368939,5.350847183612103,,,1.0,201.8756149902873,1.1041229443864995,1.2498167731151024,1.7792228929405836e-06,1.3354530180801998,14.632742033317388,4.14280141222981,,1.085382566714865,1.39876853372542,2.2644839588646,0.01515507298977369,6.590702745942398,105.0452988161781,479.9682969981689,1.0312779,41.322299233326824,0.16722308037495678,0.5454565574626772,0.999994782285372,,,,,0.9991017200094808,0.9998498272842395,0.015015055097300486,0.01531303534038496,0.0032534439336933496,9.533377867439963,0.2800901288500819,1.7031530809385085,5.978538835438085,0.051759260406065905,0.7393714013737599,0.2700935110587852,0.1749947774946274,2.03155355283806,12.488183523222066,0.03494342052133152,1.1975300978373695,0.8995580885750765,,1.958933265838654,9.15796148485668e-06,383.3039937465894,,3971.037169991816,0.12348210591854657,86.16875163267052,0.22399237157577367,0.86873489601132,
2025-11-07,,,,,,,14.72329381369051,,,,,,0.9989143955421076,,3972.733379056841,117.71351140759342,1.10526832,0.9998360567822708,,0.003697250648430252,5.550633422404858e-06,,,0.9995252684439426,,11.4451502660843,0.16363238919839715,0.05074229154109676,0.001050683348721056,0.15705121158702742,0.33901710191543644,26.27,2.647438998361897,1.939585005780123,10.882563,0.999340138543056,2.7316889038195296,,2.2102812820466795,0.9997039920846004,155.05793557990853,0.2836536585241238,472.5060250456369,2.0951328122433943,5.246355004777554,,,1.0,197.0005486942582,1.1058447761156198,1.2093466956762735,1.7671265775856214e-06,1.2803310569671318,14.542624590733656,4.0229697416469214,,1.0838462827786637,1.906654587420912,2.2614095154007594,0.014653425258480669,6.3288394403023025,110.97184566783478,532.3390878396124,1.0304729,38.5465765988592,0.161460352944109,0.5315463314837581,0.9998400166638838,,,,,0.9983569135727952,0.9994658724236716,0.01483556650289091,0.014452059729147992,0.0032164128871222074,8.67474452234542,0.2694697210347369,1.6986226106400728,6.693534580819941,0.049980444924140936,0.7039515533901552,0.26437560563899565,0.16293504578698365,1.9666554799551077,12.240191912912422,0.03544888083007122,1.2031025889167843,0.859230282342954,,1.9586843742337452,9.010045497628458e-06,391.65897887757393,,3983.8246744763146,0.11514472759081724,81.44981689634471,0.21690983270570868,0.8603155666417552,
2025-11-08,,,,,,,15.804460274759936,,,,,,0.99922246670752,,3983.13384127222,125.34786295047708,,1.0000143262566867,,0.004186714996445386,6.204491870377305e-06,,,0.9996368602332386,,12.050785453883291,0.18192126865439712,0.05225742063727017,0.001144038670937783,0.18205153895961015,0.3568288003472527,25.52,3.0522558772579456,2.4581023618368794,10.883643,0.9990810690564504,3.18010220494199,,2.3182376463728107,0.9999024627683036,161.69017397076755,0.29231366908017803,513.3722483918023,2.7797335474430924,5.88787974362555,,,1.0,208.5302705351841,1.0964060044063693,1.295173591629638,1.7930570651819957e-06,1.3649017530406553,18.02205543483336,4.096978750563345,,1.1072905805893916,3.4384921536055058,2.4968035985167405,0.017039546444666813,7.722087998464239,102.39685139249453,649.8903462844702,1.0287934,42.22263365982317,0.17902419112438783,0.5781305225372353,0.9999611325458728,,,,,0.9990335410133356,0.9993133303884416,0.015603590674229086,0.01574108550529631,0.0033231335892875045,9.181343084908873,0.2928744774221273,1.772532727187768,8.109115497607775,0.055595123314903155,0.8411566218505383,0.3015191501927258,0.17716801605634722,2.150201145690648,12.836004633250806,0.03611715860203189,1.2054709572324045,0.9691274781991408,,2.097279940243694,1.0043690002705368e-05,400.30362971925433,,3994.066968598423,0.12569696290826204,88.0041729722079,0.22738462844191937,0.9862486309818838,
2025-11-09,,,,,,,15.489632814199762,,,,,,0.9993690820317496,,3987.165419256365,123.56307512300484,,1.00015138709807,,0.003773168496953029,6.08016956930091e-06,,,0.9995485214034506,,11.939127735027649,0.17869672687958757,0.051800322154900665,0.0011062523833371906,0.17773644704083344,0.34862279555448744,25.52,2.944184684408134,2.308293386223711,10.883643,0.9990688294710592,3.0794089576472174,,2.284689973838738,0.9998028304055896,157.796348381377,0.29137451628248545,494.8843372023597,2.965591175575842,5.997314648773829,,,1.0,202.49512224890245,1.1012847144013616,1.333732354029786,1.7989684963848932e-06,1.299381677972625,16.408323728402284,3.882619838089435,,1.0818799133647825,2.9184302064056844,2.514743608959654,0.01723834578344182,7.437834390998807,81.59436265320429,597.2849770568632,1.046765,40.05259459445112,0.17580297349762186,0.5681445441650345,0.9999881939732214,,,,,0.9984077422145182,0.9995844331740232,0.015471616553956654,0.014793114982447854,0.0032705354659795963,9.100109069969006,0.28326618186478514,1.832756702958196,8.977441001798697,0.05141546276864206,0.8163943801371936,0.2977576571403594,0.17497921825154492,2.1163960676405495,12.8635300774825,0.03616873167112795,1.2054709572324045,0.982046980195786,,2.09285900208563,9.947733314007307e-06,367.7962825669497,,3987.883342670865,0.12436600512978674,84.42110872704475,0.22553376798176827,0.9554228040449314,
2025-11-10,,,,,,,15.923678285027515,,,,,0.1357429124154905,0.9993602961822148,,3995.898687396799,126.1387358857449,,0.9997756575290518,,0.004116874855781099,6.066593133504831e-06,,,0.9998239279632328,,12.195450464738665,0.1801032868446323,0.05171752161162357,0.001061910215855265,0.17786541823057275,0.3529557868994483,25.52,2.9702614628304613,2.4063818637625705,10.883643,0.9992378305549064,3.2313932494551545,,2.360529418634386,0.999790266185686,164.4107555710944,0.2906506991979647,503.2144017844927,3.0519107318170433,6.573186091628085,,,1.0,212.17882461006272,1.0962271581178098,1.329580737744035,1.7961533160081249e-06,1.3266262530725224,16.15726588864645,4.083128425493684,,1.099116898885214,2.7737752589671856,2.541691902204805,0.017132560266138023,7.587350610148655,81.72768468740924,614.3728973117106,1.0130197,41.72671295677586,0.17896247774591076,0.5783201871644684,0.999890854647703,,,,,1.0004974238713629,0.999751997885604,0.015979776631460874,0.015265451796310033,0.0034766803549514144,9.182360433214374,0.2850260576012146,1.977703685203588,7.571447146631564,0.05465537027096938,0.8165095685869999,0.299227884589691,0.1766503437641762,2.141592559318558,13.43838369548829,0.03627381784511873,1.2034479134302531,1.0919772585786534,,2.1086838390026954,9.976309207630407e-06,381.3149963216561,,4002.410171774254,0.12643337441531402,83.50916176927217,0.22668580766553853,0.9914206512388386,
2025-11-11,,,,,,,16.35892830881537,,,,,0.11808691626806704,0.9992053547086784,,4104.526200238372,127.6014967032323,,0.9995545081757292,,0.004500721031766625,6.217717553375968e-06,,,0.9995926637031612,,12.252707240966776,0.18258461041403737,0.05256776993871555,0.0010053856960021551,0.188781707921568,0.3650317639481533,24.62,3.106340631037198,2.518093497289959,10.88477,0.9992880121553052,3.294168634805097,,2.5257513072290494,0.9998027831056596,167.38292233660445,0.29626213987956695,517.2491471788105,2.788501058937821,9.41159279102731,,,1.0,228.33787737320543,1.0990821660091037,1.3189303405523702,1.809349407192268e-06,1.360119027933867,16.490906214920052,4.093345292204825,,1.1009529009488592,2.5427403311978996,2.634125643865687,0.017356014650831544,8.186946334779686,72.92347692684456,523.0839257742082,1.0310212,41.5396894952474,0.18184502733677277,0.59232408864466,0.9998294034700196,,,,,1.0002925334654065,0.9994646989148186,0.01623956862689084,0.016294426684396724,0.0033876941642379337,9.184760413378289,0.30034664301159497,2.015300266316484,6.809332539105896,0.05720278679659137,0.8301918368690502,0.306672722418806,0.19395312638756915,2.163350326606201,13.121774328473174,0.03677733146888231,1.2043470070119344,1.1879946005364312,,2.1383239501355877,1.0147026513591122e-05,387.428056255386,,4111.678292748879,0.15433409215728186,84.30734293511739,0.23239384983123657,1.016281177957318,
2025-11-12,,,,,,,15.297487053042994,,,,,0.11774312910530872,0.9993335459696068,,4117.895433447856,122.3472912070196,,1.0000474256199996,,0.004098975172797537,5.8379210717240035e-06,,,0.99955028898722,,11.78829368650478,0.1712268728226489,0.049386155250335365,0.00083557416851554,0.1778108970247877,0.33531575915803724,24.62,2.9417888881542336,2.318200556753439,10.88477,0.9991476202706568,3.082906571022406,,2.390434897446697,0.9998014470154266,154.65635090993268,0.29679744191141433,505.3135369875694,2.5497814871320545,8.244969546449507,,,1.0,207.50028870450564,1.107778078594457,1.2354329879336456,1.8204609216953213e-06,1.216770080294402,15.616044667772227,4.094910382996686,,1.0812317196338197,2.2297363592220876,2.5234607337375983,0.016931733768985983,7.580527598821209,67.35807994329099,445.9729249925471,1.0373879,38.64654973416478,0.17210719791789006,0.5556263680590394,0.9998321954507966,,,,,1.000631709174945,0.9995736186705224,0.015478010299397675,0.014667867198594867,0.003322308313084349,9.241865456256033,0.2815349240660552,1.9902884874017268,5.975739300661321,0.05247814996854655,0.771283828889969,0.2754549315047358,0.17770962644888608,2.0090602313848738,12.95696760888551,0.03699155991371284,1.2073470986190291,1.1056689464360725,,2.029714310638964,9.653358724871e-06,364.0175344967775,,4127.0151402487745,0.1500983445020069,82.45076480213588,0.22298806212675107,0.9520981558341728,
2025-11-13,,,,,,,15.140448546467818,,,,,0.13282192950509475,0.9992965036600344,,4166.737091564873,124.623791797096,1.1066821565342968,0.9999749538748932,,0.003914174511324281,5.713479589250825e-06,,,1.0001023514415543,,11.596029687196063,0.1693039915382384,0.04949612351606922,0.0007527176554168388,0.17172508226159883,0.33179960126302815,24.62,2.889207123138659,2.3252314206207347,10.888154,0.9995155264519292,3.0323282441798676,1.012523,2.385774753235838,0.999772263181763,153.25824234818612,0.29454871379994685,507.07794990239455,2.5317999686560557,7.571956050392174,,,1.0,204.8324493590943,1.102635984984348,1.2641400823570426,1.8101517987915384e-06,1.187974548787758,15.285366025878592,4.059209577536031,,1.0756653875151971,2.191271083039082,2.466882995054438,0.016438574793605668,7.217544429005768,67.32830474568064,505.48002899275656,1.0169999,38.30475111426085,0.17005957585084022,0.5446843543786039,0.9997405159918924,,,,,1.0005808589973928,0.9997167082958716,0.015340275269512182,0.01432025632085668,0.0033105838417653013,9.12724536019459,0.2774122061434105,2.0072188113806635,6.382861252137204,0.05841813198815738,0.7607300421691238,0.25916572711631614,0.17387797416528633,1.9655880263003416,12.786693298818268,0.03664464504671187,1.2079215954468787,0.9773859494725452,,2.007044130791121,9.502863007413795e-06,348.38482468278784,,4177.947447017957,0.14463106656708696,81.78433734671373,0.22465611445275255,0.9311744091207312,
2025-11-14,,,,,,,14.530600340505396,,,,,0.10997523837637094,0.998802354381287,,4170.239236700401,116.82061026581876,1.1055716904556172,0.9999194455083508,,0.003625809645864341,5.424539232646102e-06,,,0.9993512128355,,11.221768091323922,0.16594819926760915,0.04822099913505504,0.0007361673163827212,0.167731353148616,0.311410098836505,24.62,2.8679124654380863,2.324241736568304,10.890342,0.999053062248873,2.982772633581703,1.012961,2.3190641287297,0.9997045557398656,144.6022158116688,0.29288903753976253,508.5569268730773,2.4447453834415755,7.746313215393346,,,1.0,198.70001157793848,1.0957595437011054,1.2236744635970922,1.804141722505669e-06,1.1228028405154715,15.05139414482676,3.990331382142572,,1.054676322608174,2.071903714060553,2.39834735096068,0.015977236843153574,6.948082555261752,63.773208655637106,517.8020446619167,1.0378869,38.57923728955808,0.16373166262957628,0.5297438563883179,0.9997007192315416,,,,,0.9992937784170268,0.9992273083324518,0.014537390255272255,0.013569551656293723,0.003254431609233636,9.174017731031292,0.26814512099143395,2.0565752616729536,5.854273228570318,0.05503125937049606,0.7437052644521205,0.24460497425783037,0.1644168375978579,1.869241982044879,12.496298988995644,0.03645110124716641,1.211874084238435,0.9305462266994362,,1.9902661762157876,9.28655421219461e-06,339.8355154922543,,4171.559674530362,0.14483270503301116,90.6434245345722,0.21976067816011233,0.9707501018509854,
2025-11-15,,,,,,,13.817965429029943,,,,,0.11832444220135883,0.998255510480248,,4072.692652554384,110.40898729485149,,1.000411554472031,,0.0034897117659417353,4.902875671280187e-06,,,0.998879267540346,,10.758301835208206,0.15202575169726543,0.04457073590483123,0.0005805683830499397,0.16073533910142526,0.2794750961215966,24.62,2.801307498108019,2.0967219766305845,10.891428,0.998402493545654,2.9146426374707493,1.013189,2.2436294470243503,0.9997354536370396,138.98547920304102,0.29248063308059746,480.2802824883634,2.357534121373083,6.981538057032326,,,1.0,173.88884897572413,1.0993820995516086,1.173591082654808,1.7971250050931072e-06,1.1081672439241537,14.724510573396188,3.836337218004325,,1.0055579468268532,1.9924221632120769,2.340234079097013,0.015494749003260614,6.680132427990595,74.55491926358182,608.1992224487858,1.0376511,37.50153642026706,0.1576689175724261,0.4981168064600032,0.9997168456962504,,,,,0.9989178237091292,0.9994357024662416,0.013953382608208914,0.01291699830468608,0.0032506002982442333,9.202902040474664,0.25941866095620025,2.000521668111212,5.3860324829578765,0.05065305136390217,0.7052536387737646,0.2379169348607946,0.15285590688826545,1.7414947584843652,12.210781634439432,0.03616358688624605,1.2116193859473736,0.8242271662289049,,1.8193735089057816,8.9904497549982e-06,335.20766488773023,,4069.8045860779303,0.1425642429337687,81.3202644605013,0.2152719375552072,0.9006165378042063,
2025-11-16,,,,,,,14.1229979426591,,,,,0.112727141674039,0.99897392042314,,4066.2654814342222,113.29618914145192,,1.0001368678270115,,0.0035911544612752793,4.981808147251724e-06,,,0.999598178512675,,10.94713680750128,0.1555682367681139,0.045140686683963746,0.0005453152026706649,0.16318353621874152,0.2833106586472159,24.62,2.8539296577078677,2.135472218558791,10.891428,0.999480349364418,2.9188892519104432,1.013189,2.230062587287974,0.999738253377228,139.26651582272305,0.29451410760942165,501.7417214231744,2.407282967972438,7.338853264274163,,,1.0,178.33101762401884,1.0967494393169264,1.2001859627533824,1.8033069289403731e-06,1.13713959946206,15.300443669082094,3.916579165306638,,1.00141519215514,2.0368407194784397,2.421697125644279,0.015635352480042605,6.746247221636592,93.04297274844876,666.1984712288283,1.02654,38.55978108035797,0.16287839202136478,0.5034262895616758,0.9998994846103244,,,,,0.9998577703472706,0.9994258596409952,0.014239511161585046,0.013105754745370256,0.0033025244628902234,9.153358638587845,0.25950009997683043,2.00029993142551,5.2530256281485075,0.051582009714655805,0.6993024038396513,0.24116577118887805,0.15482170349699317,1.7662917228457928,12.267385707103657,0.03634435530837006,1.2114630684955072,0.8700496046908857,,1.8556766721262936,9.049206990953094e-06,334.8107561332791,,4093.3086464717,0.1451885811828713,83.73860419368815,0.219141543871453,0.9283822778837936,
2025-11-17,,,,,,,13.73526543303582,,,,,0.11054549312833652,0.9987034745378366,,4084.312031181799,113.77317314844603,1.1059775462556978,0.99980508410487,,0.003418808394261485,4.873581141256617e-06,,,0.9991808244645498,,10.977840591737944,0.1501274281680849,0.043564134672263805,0.0004868254954275581,0.1588154626699042,0.2757512679012761,24.62,2.7664542147872866,2.0151717441691,10.891428,0.9983866983040184,2.8297071543140384,1.013189,2.214708197984395,0.9998022550786658,137.13897250282486,0.2921342111589114,482.9972999400719,2.2893776345388055,7.177166256445104,,,1.0,172.96001764165837,1.103709890691213,1.1928458361063998,1.794854095807617e-06,1.116139268235787,14.811929501522997,3.7753350803965224,,0.9876621853287848,1.957402361553591,2.356275119771053,0.015071181662059304,6.495792013874868,85.2379312691339,697.2496833579012,1.02,38.59034488096183,0.1584726361330843,0.4843085545751566,0.9996425700215158,,,,,0.997748583653353,0.999306140357036,0.014140642462168682,0.012488922807510718,0.0033027867556245315,9.19040578655823,0.2541001056783696,1.998766247394262,4.78446396929717,0.04996430842858633,0.673235284755824,0.2359269539134818,0.14673566667025692,1.678636758689989,12.050929745242296,0.0362558513882865,1.210272999933814,0.8165260868595892,,1.8234229854629571,8.894358473553167e-06,320.6598141066981,,4086.959086930279,0.14142950393975373,81.68962749633269,0.22704956318883485,0.8919224533972177,
2025-11-18,,,,,,,13.31057117414803,,,,,0.11256038807425374,0.9987680802823944,,4020.95427586194,112.36257644654124,1.10668103782354,0.999713802891706,,0.002885938060506581,4.710601155273272e-06,,,0.999284169660876,,10.819810475517675,0.14446097642679268,0.04261929664007327,0.0004849643205067319,0.1523032425102095,0.2619214052693996,22.98,2.7004622494088775,1.9295528774494852,10.892533,0.999050098216094,2.74683975137645,1.01358,2.1612832681988605,0.9997243477632368,130.8066278178265,0.2913861051753425,490.27599155341386,2.2589639759336575,7.399762579529139,,,1.0,168.78596096932182,1.104091168493871,1.1049838325803916,1.7853731763793708e-06,1.0745210317645395,14.272490577057576,3.730676436867635,,0.953947034574004,2.021271302987494,2.3109017211301275,0.014421588437527702,6.221104578672264,81.88325761031128,613.612877082541,1.0287422,39.02775851033621,0.15185972174275544,0.4655690731503273,0.9998882452141016,,,,,0.9977495238803624,0.9989582739765672,0.013771208674663363,0.012007196047975654,0.003416585008989468,9.158610987352157,0.2467704348421274,1.8136579186644544,5.4984375843228035,0.048751453379608935,0.6511114539937972,0.22663440604982263,0.14556888970663806,1.6158495402545483,11.939214685766409,0.03658267968668273,1.2080854511253358,0.7741908815759878,,1.7550748290339164,8.573602408794452e-06,312.4525979171573,,4023.2101682367647,0.13695868948006976,79.37378334494855,0.2259664696874484,0.8415501472074017,
2025-11-19,,,,,,,13.775531545950686,,,,,0.10900021831897048,0.9990405267510776,,4060.477374571083,113.59731998488074,1.1052776810161558,0.9998432869011924,,0.003122312006180142,4.863255569602907e-06,,,1.000041483610158,,10.892168188613333,0.14922070813719812,0.043283868598773874,0.00035429322277709857,0.1567849468449974,0.26661336541367303,22.98,2.7582124415923372,2.066961609628553,10.895534,0.9989049684370476,2.91146280224025,1.013766,2.2159606089639188,0.9997091491427444,140.6208727874062,0.2902348759669711,522.8133269133245,2.2754281158134027,7.482388392231706,,,1.0,178.1057764188623,1.1104833840806885,1.108461506402959,1.7882813193094196e-06,1.1604128374534188,14.64803716716076,3.699206592978371,,0.9798966983034612,1.9832052725479048,2.3902719864057715,0.014873521469910698,6.608409450003612,77.27218440330397,624.2432807670978,1.0314033,38.68686287615356,0.16164195671841286,0.4748821821262563,0.9996324143169432,,,,,0.9977817511368604,0.9994646122166996,0.013701250919823191,0.01234440102969195,0.003450691068558111,9.519602368429036,0.25588170582624,1.886197308447916,5.091512894119411,0.05148086030498549,0.6858652191662249,0.23718462131741969,0.15048708034531486,1.6670593102474554,12.16855483809124,0.037763647311403165,1.2071091090163746,0.836114970296531,,1.7924290270047336,8.865404968946695e-06,331.8041928746884,,4064.758129212467,0.14046349983151052,81.23245838969095,0.2283879080573739,0.9201045457530272,
2025-11-20,,,,,,,13.513485874837452,,,,,0.0998874126667523,0.9986816831619308,,4076.423364884344,109.98116609138312,1.1054885414460942,0.9995416625435312,,0.003190809286306031,4.758427217378734e-06,,,0.9996478979874276,,10.581078842391385,0.14512757924182826,0.04221236224293255,0.00042047418524625714,0.15174081340108242,0.2623022574552924,22.98,2.726544835336418,2.034836371914045,10.896691,0.9984877792092084,2.880308339628322,1.013803,2.105858534410783,0.9997043976669748,136.71697636188486,0.2865662719888252,485.7022771970814,2.369001265284505,7.196795969670282,,,1.0,174.2206722692893,1.107254309110439,1.116339986037041,1.7662960693391018e-06,1.1136761182027173,14.194849915419017,3.5978779889437784,,0.9508471964043556,1.8775500073117564,2.2880966515012333,0.014325638818950848,6.506082678931011,78.93093927149032,672.6149268346635,1.0347975,38.74534686110499,0.15427339753290187,0.46263064688910566,0.999785611624365,,,,,0.9982038236915508,0.9990396423318586,0.013379254805133292,0.012036128688142264,0.0034826280111387763,9.372015415960822,0.2461087534601027,1.857415794707087,4.959922968316903,0.04958761142773022,0.666480587029465,0.22929933565090052,0.14471118249984438,1.6036778090624604,11.981383009839822,0.03801124509028216,1.2028986845141934,0.8081558253449956,,1.725924066756204,8.545391469763563e-06,325.21632963739444,,4094.725177464734,0.1379969975654018,77.1941783446419,0.2403305917972041,0.9043478604083656,
2025-11-21,,,,,,,12.93021325401537,,,,,0.09432512587699396,0.9983310550403858,,4054.0302912216425,104.87628163835258,1.1079723088296354,1.000011661117736,,0.002958206095800932,4.454961703759462e-06,,,0.9989793397790598,,10.226649466985496,0.14025920371852002,0.03999876329045563,0.00041548303930087263,0.1439171120453925,0.2541898648820581,22.98,2.7401974244066905,1.9011194680146353,10.897812,0.998813103325778,2.7395816525479324,1.014097,1.999405032484589,0.9997690128346226,133.61111774040782,0.2803035750708333,480.45298850481305,2.072032298604404,6.583289773064695,,,1.0,164.64474210259496,1.1075794563088788,1.0429868645907934,1.7364186719236715e-06,1.0272847064601298,13.481455641977565,3.5178428620805464,,0.9153957603892388,1.8193237366753487,2.198354829874721,0.013382923143302153,5.940592472512509,73.15273722756311,657.7678669238336,1.0172543,37.61200018075726,0.14906161972409854,0.43248648410018703,0.99984143295093,,,,,0.9962783125492214,0.9988447362120324,0.012971754522363614,0.01148055480392547,0.003408823427590117,9.462737272569614,0.236809358752408,1.593833061627619,4.624319423777842,0.04837616762487484,0.6543000738630607,0.21504509997253737,0.13635567824471845,1.4962441229989902,11.401104080521302,0.03691348772272173,1.2024221732661278,0.7185901403393798,,1.5631131009031165,8.25829040950052e-06,305.6273032447277,,4071.1116064316834,0.13155011495951408,74.73499941226162,0.24562294636394433,0.813305234848217,
2025-11-22,,,,,,,12.117943098886128,,,,,0.08177463553806974,0.9992076907822912,,4050.984917522547,99.16387891589552,1.1066726218997285,0.9998818826946252,,0.0027423838329377285,4.114638010212885e-06,,,0.9993751498687866,,9.790048196804843,0.1324474352700259,0.03862346272408161,0.00036055329745815376,0.13690181809905053,0.24130509674491152,22.98,2.5147258968212,1.6907462966410278,10.898924,0.9986344406370964,2.396949192083761,1.014241,1.94948334534332,0.9997108368636496,128.57234151997437,0.27635099818289915,533.5993015367327,1.8629542898612932,6.429159238364098,,,1.0,157.68145176031243,1.1054203882749494,0.9468851314281024,1.7167419565038683e-06,0.989974939381142,13.547913803170326,3.3976915920281137,,0.9051929452039328,1.6600555208296195,2.074858422019325,0.01282506622539292,5.446437788949409,60.34001392968857,547.71211384534,1.0298158,33.86158027818995,0.14018981194620356,0.4089531288306963,0.999624102371661,,,,,0.9975348956815974,0.9994261554629844,0.01260596272480093,0.01049917256265178,0.0035998657899869112,9.422506458638832,0.2316035304733471,1.5108001023004234,4.3007149654026,0.044079988194836967,0.5926735280303826,0.20187235980627477,0.1307689287529338,1.3902241545871532,11.46809176795796,0.037370050092982506,1.2006506218332569,0.666435221162133,,1.5233339914921424,7.845982173837234e-06,279.9000139704345,,4062.761489552405,0.1451215773139037,71.61185569478276,0.2339596786242175,0.724300843228888,
2025-11-23,,,,,,,12.170465090992854,,,,,0.0751257316713523,0.9985749206271244,,4047.844289875839,102.161277084346,,0.9997800607898604,,0.00265869930750296,4.122611056991926e-06,,,0.9994313436100836,,9.792331153440047,0.13373226285038617,0.038097922353638465,0.0003283294516731681,0.13559771879529925,0.23497272453392545,22.98,2.51278709063503,1.7342735774893971,10.898924,0.9993927732591726,2.327446747210588,1.014241,1.9493257929882195,0.9996936711269908,127.55257578894552,0.2740810568979634,556.6681254027088,1.8416872930862576,6.163131302572511,,,1.0,161.1195348430987,1.1050774496199411,0.9869907198349966,1.7132892451121565e-06,0.991182485958514,13.495799147010445,3.533071622070202,,0.9223333411514526,1.615669171731816,2.2627514704990057,0.012792170750724592,5.3971822320572524,57.06217084854871,519.0072726084929,1.02621,29.98648972183753,0.1402618184891107,0.40415693671543257,0.9997044079269376,,,,,0.998761694691622,0.9994257123426022,0.012311704192313533,0.010206292795963336,0.0035643545032177336,9.451644684745323,0.22999749881379783,1.491767229058203,4.036624022046092,0.04180349528649973,0.6050327114911489,0.2002341556065443,0.1317022801986485,1.3451604892457256,11.25162100769688,0.03743599501154005,1.2010752304188606,0.6902668709261,,1.5324303692755532,7.800973528875512e-06,271.85683118246,,4056.224781657454,0.15222439446064193,74.21854227187218,0.24019199927923035,0.6764025174791888,
2025-11-24,,,,,,,12.515800300760477,,,,,0.07920678965447416,0.9988747405391212,,4055.0082224780695,103.64622033070414,1.1070667029468082,1.0000433447470083,,0.0025207118757389715,4.1623617946355486e-06,,,0.9995395585557076,,9.912343828107703,0.13374401323678062,0.03998983270714402,0.0003358600312603855,0.143764952922363,0.23589566133670725,22.98,2.4933207261797112,1.7111714874298225,10.898924,0.9996153921561436,2.33620386634753,1.014241,2.046289493333872,0.9997022825490592,130.58087966204394,0.2750414724621079,539.1410645502212,1.821509561391569,6.120298350190832,,,1.0,167.00559363515848,1.0927179162682366,1.0140051646156871,1.7114383230890111e-06,0.9897833951856758,13.561746410437262,3.5599848953820543,,0.9385316346723144,1.610883024666898,2.2484338345201538,0.012949555378037046,5.34832145906419,56.47122594702879,572.4570117029837,1.0220372,31.797101249187595,0.14498864346608203,0.40860021217664905,0.9996603805423312,,,,,1.0002054272753242,0.999660648514876,0.013083519886634322,0.01031794918393836,0.003653098862951324,9.48653363801119,0.24728226484783905,1.4911117200499118,4.0513858670667515,0.04323285718977744,0.6089101890853852,0.20068854778170003,0.14803050510961227,1.3661138109513884,11.414754772563906,0.03762987613532879,1.1998741026650188,0.6848358428356878,,1.4682311456836044,7.850115803961328e-06,297.2014591582678,,4063.586273850431,0.15227804468405204,77.66688026848084,0.24076965837650072,0.6767879339657874,
2025-11-25,,,,,,,12.966611871206576,,,,,0.09705411886593283,0.9990581866324711,,4119.330803234771,106.22687050335932,,0.9997613942765134,,0.002812280262869092,4.55888326706586e-06,,,0.9997096289570176,,10.092607234909352,0.137203469649424,0.04523550603365812,0.0003741281601946901,0.1437230656651169,0.24767546441998428,23.08,2.50269494914649,1.8384650568732397,10.90004,0.9997579924288866,2.3440433776423015,1.014856,2.2260734535986457,0.9997045086422048,138.35323319673398,0.2747533047924865,548.9494000160919,1.9066164745093443,6.285330666613629,,,1.0,178.5787564801937,1.1130584615244612,1.0217387396275823,1.7240405092311585e-06,1.0557095339841176,14.15921626923112,3.566846952989129,,0.9634519010963098,1.64231126523779,2.3633475235209076,0.013707873185495784,5.764703463408954,56.668723586540715,519.0730613210984,1.0310968,33.747030820378235,0.15176880717787838,0.42766235240406,0.9996783214024764,,,,,0.9986497844990224,0.9995530824421416,0.013629596249491014,0.011266323119291554,0.007990890902174317,9.64335766494319,0.2549611108965749,1.552037052111445,4.1938451392453,0.04350974565145827,0.6360864740683135,0.21728065724225093,0.1484493509277345,1.5269083712012774,11.621075172261422,0.037550165314930814,1.2013074094214586,0.7009582835199367,,1.5476557835715417,8.326646696905061e-06,291.78028537820506,,4140.297833425605,0.1536423912088133,79.08955100057969,0.2387845549360443,0.7659990774985381,
2025-11-26,,,,,,,13.0711854221391,,,,,0.09005511512547933,0.9987329300442412,,4108.457586555448,106.24752851297444,1.107164251512649,0.9989383553011864,,0.0027829935380968953,4.577113335438395e-06,,,0.9995756983700554,,10.125354918304456,0.13631608365819411,0.05071129195366259,0.00034495013330910226,0.14637331298644946,0.2520245228740203,23.08,2.4669653504545064,1.8164243646144236,10.903398,0.9994376472722848,2.2920601334480226,1.015162,2.199282067196235,0.9996009049524144,138.9326415526744,0.27434108935006035,527.2463034984088,1.9121650287347869,6.235479009873566,,,1.0,178.86978651168488,1.1066674093972584,1.0258020531231546,1.7217874737169411e-06,1.064744826956698,14.158330706056136,3.5683927049694333,,0.9694044550429968,1.6675105043481702,2.4226742730791875,0.013611583800828091,5.956005541509276,57.21584376259942,510.3155118392615,1.0059241,33.73483216354137,0.1530349736520655,0.4215703758449786,0.9996565395695014,,,,,0.9975765194856968,0.9994717237323444,0.01360712099295634,0.0113525680258104,0.007758542516189316,9.64564868508326,0.25204853907849717,1.5272283081354452,4.354253185392057,0.0429405460436929,0.641005128200481,0.21626068485832303,0.14494128380971358,1.5618073404604258,11.640393141184378,0.03842667575082321,1.205991001931462,0.6887130421175974,,1.5600940448227238,8.792931338402627e-06,310.36966068388864,,4126.762525042466,0.16506352578353,88.63488583196852,0.2413631608147776,0.7601900180723473,
2025-11-27,,,,,,,13.452292086774728,,,,,0.08831558871552159,0.9990322902639864,,4156.653025363239,110.2703517817466,,0.9999195251486912,,0.002930735119235723,4.696890733954356e-06,,,0.9997624657829228,,10.657294372405447,0.1378896666875042,0.058060767081641186,0.0003741272797850753,0.14628594584232013,0.25658030117469727,23.08,2.525234913126037,1.8258661411814243,10.90447,0.9989656047529232,2.272726857405614,1.015296,2.22342735444749,0.999715546436169,143.01829550662933,0.2765167848357446,543.8084415428067,1.937146397238588,6.298835262728666,,,1.0,185.80678529368285,1.1059378560994058,1.0706578005826235,1.7338908283551264e-06,1.0898695245054049,14.131209406034598,3.639604677217985,,1.0030467456080363,1.6741681371117625,2.470504623209793,0.013885579745554748,6.02104916164612,69.21829682522326,526.4442930534524,1.0360244,36.200478928962866,0.15477694705642112,0.4357235960536916,0.999756899884028,,,,,0.9987665505975865,0.9991405392415398,0.01425986432203104,0.011606021238829676,0.007582581846821215,9.693796633415772,0.2586592373372883,1.5101772912817486,4.238921245686453,0.04636557065783815,0.6562224943963173,0.21860741459348657,0.14792307305363797,1.5425630858985715,12.19038602391789,0.038355744908352474,1.2098387435478275,0.7210552814246453,,1.6070994788468622,8.593590112109967e-06,308.99604582119724,,4164.921177196236,0.16516591670184652,84.59046619963233,0.2547090449465381,0.7719203929215882,
2025-11-28,,,,,,,13.343621225427825,,,,,0.08652006411274628,0.9988934286264546,,4152.673628628799,111.31479253501132,1.10876727,0.999695408688882,,0.0029194839483616965,4.709208314564151e-06,,,0.999249622296211,,10.74949806576372,0.13774830964224472,0.05844959008156443,0.0004265900525597433,0.1443642779577701,0.25534631744641,23.08,2.519047666912643,1.7952031564980655,10.90447,0.998885959298551,2.26459643923947,1.015296,2.1996671847233507,0.9997,140.84645123344353,0.28016584290436214,532.5364306640201,1.907384579074061,6.141064058569828,,,1.0,185.9226224030949,1.102950148878662,1.0622454566092343,1.7562315265300898e-06,1.0630633331028536,13.876148799954048,3.6262349119717183,,1.0053167006312245,1.6173339385345842,2.481405564971682,0.013798405552948692,6.177452938008064,61.783921766978104,489.2703373133788,1.0462745,34.72344383523343,0.15271406040250182,0.43375880066408606,0.9996894938421732,,,,,0.9974541879146626,0.9989174118909786,0.014958964433887409,0.01130673470153761,0.007196482221823273,9.7917114234654,0.25562302125068975,1.531773759574514,4.032960212503145,0.049378897493496214,0.6532554330196854,0.22074687900986997,0.14707876354686236,1.5432424562339788,11.728683072281145,0.03925692878766016,1.2098333459015158,0.7089506205883749,,1.6351453776715084,8.762296032083277e-06,296.7850324646963,,4160.925919857784,0.16363757769901952,83.39979767892186,0.2723691491009019,0.802462659740626,
2025-11-29,,,,,,,13.13257823057776,,,,,0.08463516461970773,0.9993149188033532,,4213.635623111577,109.56176797977926,1.1088781799999998,0.9997013361166224,,0.002923448817317568,4.632722691656334e-06,,,1.000055205829097,,10.56390530081644,0.1352319342918986,0.05788401473719899,0.0004280594568791182,0.1435588421794979,0.2495342730925038,23.08,2.439736533355332,1.7954208384744397,10.905581,0.999636360236998,2.158713979167644,1.015689,2.179993207259447,0.9997014980993514,137.40059276029743,0.28108384523311164,549.3020509513418,1.8791149691835336,6.132950704283674,,,1.0,185.47104361114245,1.1045152406208734,1.0753575378926508,1.766486720691004e-06,1.0526244035602976,13.809180175588748,3.621289431173232,,0.9981531219029868,1.6182505889474772,2.397246693677597,0.013628851427563532,5.984088098994254,58.44785546255691,453.06914689087074,1.0397093,34.894324935920714,0.15026056379204325,0.4205380411848783,0.999776295090623,,,,,0.999535591544106,0.9990761026182372,0.014935725505038674,0.011201792275335054,0.007093022370862411,9.754849694803765,0.2534730946459393,1.5304031227468766,4.038027670541172,0.04994847309990334,0.6494209695188305,0.21682683556659743,0.14538698081418042,1.5220582800516749,11.61546344973574,0.039182582193287234,1.2095040512473805,0.6904030131166822,,1.5853680114595847,8.651972230594496e-06,298.532410393647,,4233.08461721905,0.16004410109545486,93.49454491177757,0.25015178249478803,0.8227099722627224,
2025-11-30,,,,,,,12.992540352687476,,,,,0.08530262089262074,0.9994440489409624,,4211.678624426858,105.53983751991616,,1.0001193193233675,,0.0028927526119518886,4.567284253664718e-06,,,1.0002733421413652,,10.261128866979494,0.13363339264957214,0.05637658348140427,0.00039403896352113374,0.13950572008297987,0.24660537432208343,23.08,2.428248450454606,1.7647501284534497,10.905581,0.9988670062965,2.036010599665673,1.015689,2.202072017538296,0.9997032384408098,136.02333573557007,0.2809560740096079,521.6502357577002,1.8526289551266504,6.0621211094048135,,,1.0,182.3061881396243,1.09999686847514,1.0871681688158508,1.7618552276292482e-06,1.0222067200074705,13.72836491615277,3.617743796476216,,0.9569669396492072,1.604940660950688,2.3543274681949495,0.013398779832418347,5.945067564457244,56.69497863533018,460.02465390453006,1.0249049,34.39096669219439,0.14843656029008215,0.41526563747559847,0.999764535831612,,,,,0.9993403805337456,0.9991897786426176,0.01503904921911338,0.010832611543174322,0.00688348669900855,9.822807246196078,0.2541251918851669,1.4896558100220725,4.0036861065757074,0.05447785756529478,0.6315568000722415,0.2144780891951664,0.14333329832248123,1.4995722792648567,10.525789410623126,0.03998701020058481,1.2095040512473807,0.6715863465434709,,1.579933258019758,8.532933513807875e-06,296.4270745931631,,4250.674186249166,0.160373344103962,95.37738332200682,0.2434759949742754,0.810621414719857,
2025-12-01,,,,,,,12.9744576888479,,,,,0.08400477111420815,0.9992777353940048,,4214.6141857205785,105.02493770513546,1.1075839159943268,0.9999117952637462,,0.0029567919141571257,4.543744071567215e-06,,,0.9999968310919622,,10.427563818489364,0.13313262509186866,0.057418530985364646,0.0004325426763724189,0.13711258515879346,0.24520684051135283,23.08,2.377344832300808,1.7148860417492864,10.905581,0.9989813252637454,1.9861704213861675,1.015689,2.1586588689112713,0.9997514498414172,133.82640627084265,0.28160580292975623,541.6477609239596,1.807968774946323,6.054843829394884,,,1.0,177.8030283011269,1.1047270279059695,1.0668801198641726,1.7783941536466542e-06,1.0196221859283852,13.736822140387112,3.588554013949094,,0.943981173166843,1.5757091034825896,2.3813795883785005,0.01306879269320129,5.735591820854083,53.46038262482434,428.75915630248824,1.0188424,31.9165941577492,0.14624497331907071,0.41484696325882703,0.999636891346548,,,,,0.9981872053163456,0.9992520985506692,0.01467938381470158,0.010769141784802832,0.007479327998074209,9.843593864566058,0.2483865627512029,1.4557797278050968,3.8492856976393433,0.055145909682088955,0.6235904040508906,0.2110245285038307,0.1415496099905539,1.5006804351381684,10.054307909018585,0.04292311260860127,1.2099783175887395,0.6621727941155962,,1.595226025703553,8.378149757118863e-06,289.6800606464706,,4240.138082448493,0.15935718403832863,101.9563113820108,0.24021791840929949,0.8077315123581376,
2025-12-02,,,,,,,12.075949116561087,,,,,0.07976268507877382,0.9993609056234258,,4226.914253141233,98.74121258817247,1.107883185153588,0.9997836450203522,,0.002799406415078856,4.0500492644180634e-06,,,0.9999156152254705,,9.72433262816661,0.11985464438114923,0.051999136153901615,0.0004120171032009585,0.13046285328025706,0.2297211108470411,23.08,2.269830287019556,1.567226697644217,10.907745,0.9999763964183396,1.8721540927022504,1.015991,2.0286260586600973,0.9997555789795284,126.67388526602132,0.27691348502746854,522.7769363141863,1.627581061022935,5.60780641368314,,,1.0,171.40877145389965,1.1084379869472891,0.9753781230577968,1.6975638914961104e-06,0.9483522363960069,12.981028641205922,3.454709577622831,,0.951006693907434,1.4844041900959255,2.2619131649833766,0.012423522556790844,5.216705840197348,48.47046497138422,344.92883298393355,1.0311473,31.086251523736383,0.13552224601047308,0.3857091045457861,0.9996709178428436,,,,,0.9986679144474936,0.9992356893642872,0.013412911302059316,0.009762081914502733,0.008107014386507794,9.871423794963777,0.23397516576687252,1.3842213580934275,3.71363984627618,0.05169706411914047,0.5752187237510289,0.193998709993068,0.1332450878747291,1.3457910413317826,9.557386751379076,0.04347382638393672,1.2107666002305335,0.5975850092354854,,1.5034443368697337,7.967667026588355e-06,265.5928744031838,,4244.492308840131,0.1533446025739281,101.13845826342512,0.22830017537179445,0.7452327918875443,
2025-12-03,,,,,,,13.492309831687608,,,,,0.0782215355599252,0.9992958859594908,,4206.147867633826,104.3880727873589,1.1079857945645395,0.9998217549493024,,0.003256537778378721,4.572966027310283e-06,,,1.0003034668283406,,10.26083557844388,0.1294194643198338,0.05454136523212286,0.0004433652882437241,0.13884260551194474,0.2472150853999862,23.18,2.3665071328822473,1.709430827164586,10.911205,1.0006025979475706,1.9696894316932956,1.016258,2.154410337736398,0.9998067468607412,138.67222008976705,0.2810715476553008,545.7714493797583,1.8041742181651872,5.9275770869397775,,,1.0,190.0200879431376,1.1087048529813803,1.0256108274484772,1.714524310751752e-06,1.0213251794431792,13.595487553250122,3.5878960999062883,,0.989025695593132,1.531986549494735,2.3817453165692903,0.01331837277727287,5.836379444540599,47.535232069815926,314.0454846882521,1.034684,33.87309099682117,0.14586476437960832,0.4335751543313542,0.9998519116896052,,,,,0.998454022716772,0.9995723321206323,0.01388580543894606,0.012247320704924226,0.007994215984918064,9.484292949481665,0.25469759008705983,1.4656131605999223,3.7674086021677065,0.05554295460271418,0.6289055306011813,0.2125330880740592,0.14471277732258372,1.6282765114444495,10.198435324008562,0.041482366487738336,1.213061792199395,0.6577635650507974,,1.5802869619391062,8.455855673523149e-06,275.91650389081514,,4213.06834461304,0.16054534203364898,97.06235129350392,0.23445334000263987,0.8432322213790997,
2025-12-04,,,,,,,14.66690654837456,,,,,0.07810992882415069,0.9992011520688592,,4199.56471293157,107.10709682094418,,0.9995734218783248,,0.0031722058676798785,4.807710486456509e-06,,,1.0001367230546272,,10.492528256571942,0.12941495649077372,0.056894853088659034,0.0003916949163502372,0.14350033871786044,0.25528833537399903,23.18,2.397178140185452,1.758411415053155,10.912364,0.9994853177207588,2.025563862506746,1.01643,2.200460426857361,0.9999008475098202,144.82904690237106,0.28051295571930324,591.2304582339921,1.8502681278989537,6.1167261204240715,,,1.0,198.146533639597,1.1042700521274569,1.1081066134017228,1.7039995695968473e-06,1.151307816036844,14.20285688623927,3.590598003947226,,0.9955996440613738,1.5981190867407629,2.402101639076907,0.013676813681490351,6.008060749962912,48.790002368456,339.09257290065915,1.0017172,34.695996391172706,0.1518392325864058,0.4503610007370615,0.9998286538695949,,,,,0.999244061280744,0.9993411659963612,0.013996541106843926,0.012007847728300105,0.008159898855561468,9.531261454728517,0.2584340004945251,1.4893243886153702,3.7439403195179417,0.05590470608220814,0.6353964362047072,0.2229228523645911,0.14608525474884618,1.6965056217832395,10.604174581529673,0.03831054394459298,1.216974407375044,0.6795851452290258,,1.6494333988696743,8.995636471054149e-06,295.76137450291645,,4214.811972104617,0.16094677698686288,95.086832469436,0.23266061227454052,0.851536461888525,
2025-12-05,,,,,,,14.251821871845609,,,,,0.0722090991980204,0.9990104638468584,,4198.242916793865,109.22653525576207,1.108171934257263,0.999574295402799,,0.0031213829835867405,4.765712771080781e-06,,,1.0001044395961172,,10.354738996361393,0.12456981272889056,0.05508517246224244,0.00038373531811956385,0.1385773694818619,0.24426939781190352,23.18,2.311523010469452,1.7125695967810377,10.913465,1.0000463027412838,1.9354315222540397,1.016522,2.096753373104454,0.9997215070512898,139.01629771281043,0.2862081334531306,574.8629204593149,1.796972230659536,5.959728668186246,,,1.0,190.4723058704445,1.1003970915028878,1.0571514906948227,1.7002515854547155e-06,1.1147933952627371,13.740118051302384,3.5214389728437405,,0.9734557239701196,1.544745290079425,2.345934012814656,0.013003074560433175,5.787147078070157,49.414255668814455,366.9616682252046,1.001318,33.565501810360956,0.1474693539924069,0.4394539460184867,0.9997801382366556,,,,,0.9991110052020634,0.9994087896117706,0.013297289818826812,0.01166606369940861,0.007829315372781268,9.70835282944913,0.25199296282907635,1.4272604131539852,3.640201930407812,0.05598930327699194,0.6194057466692034,0.2159513834667772,0.1394168594894609,1.6593055069196647,10.532910993110418,0.03950180562140534,1.2144342258440048,0.6882388982505773,,1.5918709917042313,8.716477313800127e-06,290.26580896328784,,4214.2403078355455,0.1533642616535403,93.06225445362293,0.23010113584849295,0.8205745690464357,
2025-12-06,,,,,,,13.593277874978837,,,,,0.062262075864477615,0.999163573632135,,4194.154120033919,103.5289046226903,1.10817832,0.9994789811209618,,0.0028394507906059404,4.3877272846895295e-06,,,1.0001695958954322,,10.13266847830438,0.1202559475809009,0.05247133365819614,0.0003671149488287521,0.13281202552713786,0.2287214050239216,23.18,2.198078336957036,1.60637491375586,10.914602,0.9996455162407508,1.7523392870154295,1.015972,2.0348536720375674,0.9998292525286748,133.231965401601,0.2855997793075,559.8216345042991,1.682188778686455,5.485590469143057,,,1.0,183.6553188537798,1.0981029429586409,1.087215276311388,1.6724076530370774e-06,1.115472558937154,13.139361164212984,3.47745071259703,,0.961379897397061,1.487355164046786,2.2771798194169226,0.01262869435172368,5.498290003333626,46.98062699993935,359.9526178338081,1.0391568,30.983700711079123,0.13952761733662175,0.41580922840026585,0.9996914794213688,,,,,0.9987449027898831,0.9993936053999308,0.013050777226021815,0.010648228507804005,0.007495195895540579,9.471865393036664,0.23979449802257116,1.291452689793655,3.488821998081945,0.052182436859394825,0.5742525010856917,0.20235469344997392,0.13398712576158162,1.5550887029600893,10.02042820177924,0.03998869347121917,1.2150375974873673,0.6506661601596097,,1.5714880052125586,8.305733464606834e-06,275.6748948807882,,4210.29737784866,0.1510647773583237,90.38005173039056,0.2237166481374205,0.7771555794722648,
2025-12-07,,,,,,,13.915215394553242,,,,,0.0631085848749901,0.9991398266616326,,4211.084406823203,107.19111438811753,,0.9994900876474982,,0.002984340501838376,4.514556904341953e-06,,,1.0000799223972938,,10.17687067872828,0.12315802147954716,0.05105938042692365,0.0003787210881639875,0.13358375752346768,0.22688764091523805,23.18,2.2371152472584908,1.600673885849799,10.914602,0.9997961339592152,1.7511960803823183,1.015972,2.031607257631385,0.9997138404066396,132.2605923315256,0.28728546229416596,583.8378675637496,1.7084118885605928,5.5630401964685685,,,1.0,187.3634536614796,1.1049990503541778,1.064223553547858,1.6580320861118638e-06,1.11620203802877,13.32082856073567,3.52054855263346,,0.9852544245475356,1.4920861193026922,2.2604674827662588,0.012639349203356824,5.537188647249931,47.56796660083956,341.6950954269147,1.0285794,30.947741640786905,0.1397359009549898,0.41381148364406,0.9998446048616932,,,,,0.9991614278117296,0.9994531791440232,0.013042307887237353,0.011090570319231222,0.007520006548384927,9.63400467219631,0.2394962256989397,1.243915012474494,3.498561929115432,0.052740270681532114,0.577497555096173,0.20728745262606835,0.13406069174930896,1.5643607837806277,10.086450158531882,0.03993771731963985,1.2148819705383374,0.6701417577211695,,1.5977413417160269,8.428040331939695e-06,283.0154241033135,,4215.281627365364,0.1510571290328463,89.80530814524994,0.22562437045087672,0.8015532263678871,
2025-12-08,,,,,,,13.639083767051256,,,,,0.06411263951256614,0.998891482334918,,4212.196047094114,107.690111737292,1.1100897653583277,0.9999758354054172,,0.0029092072916972545,4.423289908037424e-06,,,1.0001527604114315,,10.186709257265472,0.120383742151569,0.05138795647280899,0.0004157900125496025,0.1327261943962862,0.220009441476634,23.18,2.1774300529982673,1.5758474982980264,10.914602,0.999613612376866,1.704535705321771,1.015972,2.043169455705931,0.9997119153316288,131.95984726955456,0.2868515966957127,598.3152426300456,1.7008932855968637,5.448077616689571,,,1.0,187.125990168289,1.0967949780917432,1.0947837382823409,1.644122544547165e-06,1.0897401819785757,13.107724489794997,3.5692798147795943,,0.9792755735934296,1.4546708213507198,2.238403473948987,0.01230798302533551,5.427206455340019,44.5207013111382,342.91753368565,1.0197505,29.630010146523414,0.13849895278791452,0.4171100443132189,0.99984192166886,,,,,0.9991670874119044,0.9994304268092932,0.012943511788577932,0.010968009328710268,0.007528277269642712,9.748984231811258,0.237056328637276,1.1989235682211288,3.423178069029482,0.05241809500876612,0.5665718380144513,0.20405664807321325,0.13094984771693352,1.5812154844553314,10.31104957274227,0.03883732267632182,1.2146288082515513,0.6566511072155087,0.02675502035946207,1.61321456578657,8.32949792956344e-06,276.7430352463933,,4214.063096583175,0.1482800406493155,87.336177287515,0.2221603692091073,0.7840046363350859,
2025-12-09,,,,,,,13.749940792335078,,,,,0.07621815478315612,0.9989292213526464,,4202.321086261025,110.71066155540768,1.1100833753719423,0.9997701335636924,,0.003055239270293688,4.750676528871454e-06,,,1.0000208308928298,,10.372872016295611,0.1236312690486456,0.052147017294609896,0.0003983092988474651,0.1335515219255762,0.2271036343419903,23.18,2.24678502616822,1.6375303825181613,10.9157,1.000234471477922,1.7915371878635982,1.016384,2.07273654045108,0.9998059461975756,133.22869851109667,0.28137658467422977,579.5224533794285,1.7442623172945206,5.615096360377234,,,1.0,191.60373901282648,1.104879603930044,1.0937604540240804,1.6083680436765616e-06,1.1285762260646248,13.439156811547766,3.5523638177016306,,0.9748474075570592,1.5040387946797615,2.318590274883543,0.012566272711447089,5.630247534866901,49.53061703813356,405.12866151665907,1.0302163,29.47276904788567,0.14259424477659158,0.4321607098892393,0.9997351715445508,,,,,0.999191831852082,0.9992253089878292,0.013004720179906403,0.011463487493935356,0.0076712696881627886,9.57069251518935,0.24078097040831403,1.2066194697097277,3.3972409406441377,0.053950791306264706,0.6145353711725018,0.21240561809118347,0.13453128529632508,1.6112234813688089,10.205203024689316,0.03872073793816111,1.2145931789081597,0.6627695344411357,0.021462638216117647,1.619156908689097,8.573290024387809e-06,294.3039122035259,,4203.323951404888,0.15064876773676816,88.4737071964744,0.2207995159187734,0.8352879900165844,
2025-12-10,,,,,,,14.416449652395894,,,,,0.07417069341937892,0.9991026534667748,,4216.163642764472,116.65279819949616,1.11008041039226,0.9998729449240488,,0.0030664557539215316,4.953424484806034e-06,,,1.0000411317693725,,10.503121796518762,0.12680229198100484,0.049961089513905016,0.0003941161745949969,0.13811970640571442,0.23336638296729872,23.15,2.3262836829530804,1.7039440770113274,10.91903,0.9997497670067016,1.8854833409177312,1.016598,2.107586677837354,0.9998793517315576,137.8941468193958,0.2822693901146785,585.3334866693041,1.8102419505708884,5.751544393395349,,,1.0,202.62910245472344,1.1061035883403258,1.1131405386507949,1.6368742093741663e-06,1.133051378924802,13.89757350185839,3.629444600066475,,0.9805828123935852,1.545609278508514,2.370189137175935,0.01278161139615297,5.830178081014626,50.33373583321233,433.1609868890659,1.0332595,27.94666444995237,0.1480346859572949,0.47024825930719255,0.9998822541972164,,,,,0.9994133849139334,0.9993582401622588,0.012983683427800184,0.012668983170340853,0.007690827260163262,9.629688991989555,0.25336377213356864,1.2887758433892686,3.749156020889719,0.05465365388955244,0.6436246808614571,0.22272532373812728,0.13907750285837953,1.6587227800988238,10.494170385770834,0.03789586721911669,1.213314852433816,0.6670148991461509,0.0177637684355453,1.6659511687318929,8.730463762561536e-06,302.285318734577,,4216.300164896388,0.15149192205572304,87.46840400897823,0.21966736959598152,0.877029248021477,
2025-12-11,,,,,,,14.104035275136129,,,,,0.07545825776978014,0.9990997590476336,,4223.224173386084,118.1235795805544,1.1101817794684197,0.9994221546665832,,0.0028717198172341428,4.6423577177725115e-06,,,1.0001031138487866,,10.49389172760102,0.12355697354862565,0.048671733995069424,0.0003837977957690746,0.13511270254005556,0.22666658099910872,23.15,2.271105673788995,1.6465945043304195,10.920104,0.9997595351423948,1.7802324474382532,1.016689,2.0428503536849583,0.9987106715752057,136.36516972784412,0.2801473280595632,573.0032592359944,1.761269599519462,5.604683308782469,,,1.0,196.9558668115459,1.1056986616560234,1.164343217652988,1.6453327917524962e-06,1.1145919440989818,13.694111288338767,3.5995057604587513,,0.9824291786525478,1.468719922334635,2.323690439705647,0.012308056691985533,5.648424470534195,46.86785415995876,404.0058407353817,1.0205235,28.878152783439887,0.1434374767897527,0.45356327803665675,0.999807925172916,,,,,0.998514221087059,0.999356417303522,0.012771018363048952,0.011768241543509068,0.0079520902435554,9.529855072586328,0.25013089009597683,1.2347503171671164,3.4507279541251377,0.05580466251970249,0.6172674835946164,0.2164831816538803,0.1347693616218153,1.614568485764298,10.73251841660028,0.038048274321881466,1.2210301760101478,0.6419955826846813,0.017770707851681975,1.6578029245647727,8.547550810974242e-06,292.65399110882595,,4240.443788745363,0.15318677539738235,84.14042183122973,0.21373903517572343,0.8410803632365438,
2025-12-12,,,,,,,14.06789404232082,,,,,0.07609632431652186,0.9991700714582826,,4266.565408661498,115.33952089638206,1.110398350264758,0.9994411288258498,,0.002863950835822353,4.595925017032059e-06,,,1.000208271641582,,10.378415627859596,0.12138450428864686,0.04782793274584621,0.0003819285150390394,0.12970369336767654,0.2168808912113193,23.15,2.1891636668082324,1.6080351687094447,10.921424,0.9996632968431678,1.7267593111345148,1.016634,2.033738646362437,0.999826149078939,136.47367573628597,0.2805475783268791,574.1785871345954,1.673247477354138,5.550296579476882,,,1.0,202.7532984318858,1.1008170865825635,1.1971496460220503,1.6528086321145094e-06,1.1006439063199285,13.234185524521983,3.640490649829715,,0.9954367004235364,1.3790293479769158,2.2602913575445944,0.01203150550985106,5.549220834916299,48.04898210109462,451.045020777068,1.0309078,29.17040596362487,0.14041487482592233,0.4252860225353826,0.9997373996132736,,,,,0.9991694688167536,0.9995168021585568,0.012602697707525486,0.011242084132213209,0.007793239268324264,9.510983061442326,0.24601328317805776,1.2211067603043035,3.412644302243764,0.05493136908015955,0.5963704902977081,0.21275258130163252,0.1299688691282879,1.6130896265775816,10.733163118716856,0.03829921520911654,1.2253821304897683,0.6315962809332938,0.01479260294019558,1.6465122665102174,8.505207150092263e-06,297.3211224644991,,4285.140287691615,0.1467651224386792,80.64103235401517,0.20825030011061715,0.8222744707987419,
2025-12-13,,,,,,,13.640429308328963,,,,,0.07055743321580783,0.9990697221119456,,4305.860697811301,115.21912530994942,1.11028896,0.9995641620324788,,0.00276062528543626,4.329413580903487e-06,,,1.0001030735350929,,10.419138249927675,0.11945588843385511,0.04631246248745175,0.0003391176235611825,0.1229355409883378,0.2009459593068169,23.15,2.1407457509388017,1.5485479500430217,10.922496,0.9999221999799288,1.633944695540364,1.016686,2.0086522836519483,0.9998995742106408,132.30236894589092,0.27376898973297215,581.3809532610583,1.6374178635651142,5.421163222184432,,,1.0,191.4463332233759,1.0984720747048062,1.2487828759722486,1.6289524754832347e-06,1.071238587449704,12.930891990097653,3.5962487320386214,,0.973775862615289,1.345098110843812,2.2132318541473426,0.011585190204394108,5.331027205787287,46.55991545330203,456.042649201862,1.0314235,28.608528200640063,0.13691204257339973,0.4091276671107874,0.9998217288721256,,,,,0.998875066088378,0.9993146033871998,0.01236342824350973,0.0109096610243332,0.007425194136674204,9.499175392880275,0.2385607749641646,1.1770465201474622,3.2247147305768125,0.05719739379955397,0.580136735200788,0.2056343406452339,0.12390219151934004,1.5599929984521044,10.587353616364767,0.038423342414043375,1.2256724620831791,0.6101068070637793,0.01566317668334991,1.6096608670779533,8.280783395724556e-06,291.68050820755894,,4309.952536578637,0.1430494729565122,81.93125786158735,0.2078725889004734,0.8027872597709165,
2025-12-14,,,,,,,13.73745158282687,,,,,0.07157823056182296,0.9992644503451452,,4313.556429815963,115.33790382170504,1.1101833639002383,0.9995636469775384,,0.002798076502832938,4.384755375711475e-06,,,1.0001214534534468,,10.435930772243278,0.12109986677962276,0.046773638398520834,0.0003440425947737264,0.1218898783799266,0.2039520869128632,23.15,2.1814453595935603,1.5534226897888073,10.922496,0.9999459487003128,1.6975006751425448,1.016686,2.023035544355354,1.000054816237861,133.17026302389507,0.2709980075656636,580.2364580152733,1.6650275532130976,5.507365652817675,,,1.0,197.62415149093195,1.101067249639215,1.3298878795398703,1.6207259768308428e-06,1.07675644115502,13.192072878843902,3.6083900238300575,,0.9726295081520786,1.3509377492545147,2.2631293819871585,0.011655614553531276,5.386360087140958,45.03253116827264,442.9134260469037,1.0,29.641802367067218,0.13907831365110307,0.4108014314612836,0.9997062240349284,,,,,0.9986216629300216,0.9993386324661356,0.01246285276259025,0.011326879525973764,0.007463806642034576,9.495041536258398,0.237901690094702,1.140936156897385,3.30301382754876,0.058269211468687056,0.5938753818566513,0.21528070521204315,0.12304628698701144,1.605567096507075,10.689159505967982,0.03841741988045841,1.224994894402152,0.6042959953306706,0.015421723240867262,1.6187332743929312,8.358473014631565e-06,295.1031411023428,,4317.353105636709,0.14436573306163597,80.59223018114123,0.20804434743098005,0.8072715941142713,
2025-12-15,,,,,,,13.287504242730808,,,,,0.07166381894012461,0.9996010068994928,,4299.89578193262,109.0106371650265,,0.999745226355528,,0.0026471307958382075,4.171093977317558e-06,,,1.0001936103552005,,10.413065960578,0.11714635210173804,0.044326391542913054,0.00032914617176645235,0.11899554204098198,0.19412225426512864,23.15,2.1046708104666725,1.4780543405789834,10.922496,0.9997251877766103,1.61975015916994,1.016686,1.9799332393631692,1.0000036554119334,129.49535610673396,0.27720772107892827,558.5992481343648,1.5933748727844756,5.319404056162405,,,1.0,188.56559126033687,1.10844093258383,1.2506202162587083,1.6406607426433992e-06,1.063345768410784,12.793116178018058,3.548479843847497,,0.9415229370232836,1.315757283950172,2.1450729218493536,0.011268820418005572,5.157659659687584,41.06451072015746,404.3997961313542,1.0124723,28.876714606607568,0.13420445902723682,0.3965444093156321,0.9997899971672392,,,,,0.9990424141976946,0.9994913047507789,0.012125728601424845,0.010409748668946724,0.00788312521760328,9.216186595972417,0.2294442398950091,1.1154431927020612,3.073617629953064,0.05945168210769917,0.5639668615686727,0.20481457393462363,0.11837825384874326,1.5558817730497017,10.513237488100414,0.03870522738227483,1.2251300603818234,0.5724529625405066,0.01473079618843128,1.5481542019157115,8.07727664615675e-06,280.83118214513865,,4318.89823437519,0.1364801933068079,77.00333766426336,0.20235193358978973,0.7888911470245614,
2025-12-16,,,,,,,12.860834618651175,,,,,0.07119542799731891,0.9992561440695156,,4307.135970470025,106.95812630452436,,0.9995758282624086,,0.0025192663950005154,4.064566542000091e-06,,,0.9998812942291804,,10.178817277416856,0.11284800602147112,0.042926377424337255,0.00032573441957252575,0.11551810601797854,0.1893004153398853,23.01,2.0496760368832296,1.406788889594789,10.923606,0.9996955902671022,1.571224434874772,1.017252,1.8976753512491444,1.0000151174671563,127.71787718749329,0.27823808770283026,535.9420096857198,1.5443436669957915,5.077571567877368,,,1.0,193.31363283426177,1.1016239737769296,1.2875838617698612,1.6348629864581557e-06,1.0444252523390862,12.345180505186196,3.4916332341600747,,0.917437196911532,1.265141964274703,2.030282637211164,0.010745138108015714,4.963837721730265,40.89688713122754,413.081492815087,1.0314763,27.57950456192596,0.1297207410768213,0.3880208333362996,0.9997808388643012,,,,,0.998674742366794,0.9993110602766524,0.011687833275641431,0.010261044120813204,0.007841998935064137,9.232905433441328,0.2204913731616806,1.1384769447521106,3.0332682859653524,0.0583607293785632,0.5389977123713591,0.19719203307264344,0.1141719081357481,1.469489501498063,10.309504032758358,0.03927665028191471,1.2268682155052335,0.5373596993893827,0.015109621928036877,1.4946636775826143,7.902189989467235e-06,269.347926184071,,4316.466408316362,0.13386901884232882,75.23657851548347,0.19912320997990132,0.7831913023337064,
2025-12-17,,,,,,,12.923900327577154,,,,,0.07178312842531652,0.999140777834371,,4303.628479447406,109.6377373986231,1.1096853167961576,0.9996680783013128,,0.002341866895476806,4.094051742607186e-06,,,0.9998229268342452,,10.364300627046832,0.11394903745839548,0.04473761393059825,0.0003245235158282478,0.11689800145463096,0.1935648175772896,23.01,1.9990371630934651,1.4009707082315943,10.926854,0.9997809466651678,1.5881758836714472,1.017389,1.9285734292750072,1.0000800395992002,129.09757727148104,0.2802127587632835,546.0907560146421,1.5680161199878648,5.197412091209618,,,1.0,185.95754110879471,1.108269972931923,1.2469130450040522,1.6531759949528795e-06,1.0635241100081343,12.691605957585924,3.540439708389161,,0.9155710008240924,1.2882466162392698,2.0529331391118766,0.010852741679551864,4.9139659539814,41.05470551145103,403.73850325397575,1.0331295,26.780241478921543,0.1316886558165635,0.38553171862515134,0.999799563234058,,,,,0.9984616790645868,0.9992566971571948,0.011633019084590386,0.010120507006447631,0.00784563461791283,9.159304975120406,0.21948793584173865,1.1777254002859692,3.063662268417079,0.05976221810081646,0.5275674060385505,0.200182564327034,0.11452429185777371,1.511054784522875,10.495632183310128,0.04002876095131728,1.2264480599515677,0.53812263649872,0.014368434506467392,1.5481414146667414,7.862895793609336e-06,261.9073142799047,,4322.323613340696,0.13509342953503684,78.11457633016161,0.2044363585817435,0.7812699420079114,
2025-12-18,,,,,,,12.255179559578243,,,,,0.07690269652164192,0.999171473483706,,4334.2285567357785,105.70621150938337,1.1096872407179788,0.9996696218394284,,0.0020890313141699967,3.897146644208432e-06,,,0.9996189730831574,,10.155395715255557,0.10709642405374696,0.04198208195040043,0.00030898484100599753,0.11142543464050415,0.1849089821271751,23.01,1.9409360318054008,1.291926580707185,10.927942,0.9997736119637454,1.4990595696680933,1.01752,1.8617050386154732,1.0000632540065986,123.1722233035213,0.2794314654848354,546.1263833826725,1.4787490343163576,4.95966687009398,,,1.0,179.6910501207708,1.1125144703401422,1.209236979205734,1.643405363091552e-06,1.125024003094538,12.050438680965929,3.4808249931112476,,0.9167866190780602,1.222593552804849,1.853230704573086,0.010251526659647393,4.624828800411657,38.069123572753014,376.61270527258154,1.001266,24.47255859006891,0.12622094135689743,0.3666695338863483,0.9997142665204776,,,1.000787372015033,,0.9981424642631812,0.9990565244807782,0.011477558712035384,0.00940760831949657,0.007510888884969182,7.223965622942131,0.21038034777744613,1.17060029859094,2.883282523810597,0.056839936508213146,0.4961919286483291,0.18450365005528865,0.10983012548270042,1.4219841134598608,10.37279607350741,0.039993032036459465,1.2257438763767876,0.4989332001972588,0.01135365234056563,1.4712286832115218,7.517957742692296e-06,238.56012245479224,,4358.005077830258,0.12930619046821631,74.7200781393875,0.202604008648338,0.7206115855119435,
2025-12-19,,,,,,,11.93316776870484,,,,,0.07572805064751927,0.9990479810748264,,4328.556438379187,103.72605745716172,1.110880005975113,0.999867178836644,,0.001862060718102356,3.7161749769523504e-06,,,0.9994564527410368,,9.9326453293861,0.10359583042798004,0.04053853982366839,0.0003684210550850998,0.10727501645643088,0.17429957898175732,23.01,1.8524792385380433,1.2094238285515675,10.929039,1.000467214143071,1.450440491533583,1.017676,1.807836415390597,0.9997861334463124,119.53477491010813,0.27928679305273724,565.5085280988259,1.4258361333509069,4.956943829746026,,,1.0,173.55065069219077,1.107287113815197,1.145928930418575,1.6384478262541447e-06,1.1449875669198917,11.626062479020556,3.433392981214908,,0.9021692309862788,1.1881236240932678,1.7949781089510706,0.00979443213299526,4.432236608932943,35.76767528901907,388.0998097604075,1.0123518,22.531039700086495,0.12203156965577196,0.3514271260355032,0.9999096463662812,,,1.0008975218617913,,0.9978884720100504,0.9988809144988244,0.011031804260763022,0.008668794051424044,0.007473762508308036,6.787357970186564,0.20699018402031977,1.1337299224296593,2.802056751619144,0.05636984160753429,0.4792616631956075,0.17595674976366554,0.10492709623859536,1.3465546259368668,10.331564580723592,0.039806352176151055,1.2241927237248225,0.472084081092345,0.011148616271503565,1.4367865550799306,7.036558991865594e-06,218.93874015021711,,4345.879835902304,0.1258866893690529,72.16456807877603,0.20487943436200937,0.6813404528219367,
2025-12-20,,,,,,,12.526295538147954,,,,,0.08381462112162652,0.9991802668045252,,4332.448278679934,108.00152135844554,,0.9997102720438972,,0.001988687956500048,4.1092395811701815e-06,,,0.9993867549495278,,10.284785971905215,0.10899953917436,0.043270191257539954,0.0003737861883073729,0.11471741043585798,0.19261651810404248,23.01,1.9640354280743615,1.312407903981181,10.930121,0.999568810405402,1.6386589260635684,1.017779,1.9075097477744076,0.99983710762898,126.19398384656624,0.2799536389787057,624.6620163943861,1.5381009729442086,5.314334035539039,,,1.0,181.37730721034697,1.1121710849112645,1.1521148284247478,1.6453361017378103e-06,1.442959335289504,12.344595280454946,3.480001195319619,,0.9241685838421668,1.3072466732148873,1.8385241801504788,0.010731866471070647,4.829539555808204,38.73380922403128,444.3940832442305,1.0017211,24.874394752189275,0.132176457563851,0.3763639261674313,0.9996674618694192,,,1.0001957767001142,,0.998785811801041,0.9988259118781424,0.011495956186488163,0.009442898331490706,0.007707676751733296,7.975552816613071,0.21922795465871023,1.2171401496887917,2.947541106501292,0.059925064012573304,0.5222451336492355,0.19246305280899184,0.11195230298468038,1.4808995989359388,10.751401431326377,0.03958899124335252,1.2228782521208403,0.4986262282331675,0.0123882388793697,1.4873453559268142,7.516074640772391e-06,230.44423375253504,,4349.131435368531,0.13525529750046436,74.23769843052067,0.21401824444862816,0.748566652191827,
2025-12-21,,,,,,,12.550764652410276,,,,,0.10146428229046683,0.9989905480970775,,4353.4421128839,107.44990405399234,,0.999756756958652,,0.0019672955948300246,4.07596825587306e-06,,,0.9996969808037024,,10.271568465918175,0.11045116309641773,0.04491251647050672,0.0004296605410332556,0.11480861910650188,0.19597047644905097,23.01,1.9822218800578164,1.2894593622907042,10.930121,1.0001008422518802,1.6106565552520318,1.017779,1.9326054463191744,0.999944284928604,125.78203025133216,0.28166213748226965,592.2760046902496,1.5221132294562,6.25846446984521,,,1.0,179.89776595645307,1.1035942323357562,1.1916584647325703,1.6472411481492136e-06,1.4327457713881788,12.360340958204375,3.4557083563811433,,0.9245787596278956,1.3717583966033866,1.8551750736283656,0.010636827935543767,4.753093030510333,40.00440718813216,446.91249897692745,1.0206502,23.989806324146073,0.13191761378525074,0.3730340023724397,0.9999656957954686,,,0.9995957845365232,,0.9977967380767752,0.9991309125280532,0.011565491815932924,0.00934303539896587,0.00768169043980216,8.542645500458857,0.2181902716171109,1.214201738890096,3.4226008246512625,0.06310287142671586,0.5232317803371194,0.18966151549834817,0.1137369726547876,1.4542355461646594,10.765911784315918,0.04011493159917313,1.2227737034790165,0.5167827347270249,0.012758636669363933,1.4874721584811994,7.432576713539098e-06,226.74002076851883,,4350.520660564462,0.1342253053890091,75.58411196592186,0.20938862906670228,0.7500156173805972,
2025-12-22,,,,,,,12.4459976389385,,,,,0.09820717119007766,0.9993054593252968,,4348.5325889914475,106.95938652378231,1.110966244771253,0.9996280782354016,,0.0019748310826324944,4.023430547801611e-06,,,0.9996883848897348,,10.29295351046938,0.1074915299169332,0.04688246088995795,0.00037298643587172257,0.11159310785360804,0.19214562392568357,23.01,1.9400992074696928,1.2729856299518894,10.930121,1.0000867440100505,1.5794740747337173,1.017779,1.921837870988929,0.9999900096937688,126.02413413596209,0.28822459919094945,590.4652276861243,1.5102367673849073,6.133217168806612,,,1.0,165.03342416837077,1.097112804861739,1.1741015022819234,1.6674300344972829e-06,1.4335532285183616,12.230891442448078,3.491953513243127,,0.9290944545545974,1.2772569557333382,1.8030382703747947,0.01051463452907924,4.551240374071047,38.385913121590306,441.5361024055137,1.0394336,24.75430770527458,0.1310796546735696,0.36626712546851575,0.9998366243118768,,,1.0008695752989445,,0.9982019749582802,0.9991021855104252,0.011437839143507844,0.00906952804017962,0.00760517732189642,8.102900640796364,0.2164604161773265,1.2289883923546547,3.0553470909364084,0.0658856438952652,0.5117233381044645,0.18611956371364405,0.1121253935516434,1.4459371743138467,10.889477856058155,0.04048775122266349,1.222659150153055,0.5047861901886268,0.011206288639715204,1.4592147856905069,7.282666772706909e-06,221.32256164389597,,4368.261406161738,0.13456712586029168,77.15319618970001,0.20683909611749396,0.7193743695557914,
2025-12-23,,,,,,,12.568859947848228,,,,,0.08921018652940281,0.9988340344507632,,4458.243454497443,111.12521304572115,1.1099643427271582,0.999764521160138,,0.0019106763386509,4.011128773822046e-06,,,0.9993475325151404,,10.358482688602525,0.10791346416438552,0.04665164548328147,0.0003821371404644198,0.11176928661673202,0.1918187856856848,22.94,1.947555516357518,1.2855207442109189,10.931205,0.9991155640214792,1.618994776500036,1.018192,1.900984053470418,0.9998866948363152,125.82827489791832,0.2842490121319759,589.643203390817,1.5040692418820267,6.001604949575209,,,1.0,150.12308652621817,1.09989115147312,1.1064270616176743,1.656301492524926e-06,1.2745520015109326,12.255100247032694,3.5005039768916153,,0.92544370267445,1.297239257257245,1.8512242298198596,0.010613647513073615,4.657254862368464,38.35897933819458,431.42872325286856,1.0356124,24.85226137598481,0.13243516361820204,0.37048758950003313,0.9997379665017436,,,0.9994102799086602,,0.9970326142176728,0.9988665246932052,0.011717389711737308,0.009112671691492144,0.007166353474111266,8.273013588083996,0.22036278724442457,1.205770348082713,3.036914455001178,0.06674895824957303,0.503687764751527,0.1873415724967811,0.11392902372905218,1.460241717231329,10.84849544023658,0.03990786984936743,1.2284455425159562,0.49685046261094634,0.01027245331074992,1.466162279540692,7.197636359542379e-06,222.28793044516647,,4483.911469503738,0.13450878471371946,74.96260515706096,0.20393450647151712,0.7218342383503862,
2025-12-24,,,,,,,12.395183908141815,,,,,0.09039752330182887,0.9989182005851543,,4510.016168222313,110.034105200959,,0.9997059433407692,,0.001734951241926191,3.935581073382656e-06,,,0.9993118982423708,,10.208453564675384,0.1067136550241122,0.045110660749908216,0.0003667121355809104,0.1137065853528297,0.19038509057472736,22.94,1.970353494435988,1.2759709262076542,10.934599,0.9997900640753972,1.6109705463252386,1.018893,1.8726823731725215,0.9998106718367477,124.03308958475714,0.28345719031905153,572.2708674113184,1.4866230797010216,5.809292796189416,,,1.0,150.77710673308422,1.11068758941148,1.0579288208586264,1.654871238675579e-06,1.257767520392315,12.070899638964232,3.4560473759874872,,0.9315972572148816,1.311447447971299,1.802104699312524,0.01051646581347216,4.608302639931871,37.802692588986815,417.3589545579253,1.0267446,23.958427421427317,0.12925784509488908,0.36296058850396334,0.9996449025763108,,,0.9996452884830186,,0.9976486876722492,0.9987498903588746,0.011302846313204369,0.00879730187348573,0.008008465465907461,7.846625310629449,0.21709525978087604,1.1858375106143075,3.040238759335809,0.06450359529563025,0.49272685436048586,0.19101263859486356,0.11045702493820753,1.434870751212438,10.843919245267662,0.0398802148261263,1.231564260305898,0.4831265071260481,0.00948847362565797,1.4825086672844232,7.126932321062758e-06,214.2269989709525,,4532.56050908314,0.13166804712395344,75.26680884524276,0.20289083538452157,0.7079273398678719,
2025-12-25,,,,,,,12.268607390611244,,,,,0.10197516047821532,1.0001295091910265,,4488.407114435125,108.51356366326992,,0.9998716644372104,,0.0017422353604537111,3.973392592813288e-06,,,0.9992956601567974,,10.22710000179107,0.10637425049191064,0.04456163084179646,0.0003556904359711607,0.11297913432564596,0.19498278065434413,22.94,1.9804572611815432,1.2610074788013734,10.935661,0.9996545999543972,1.64330993082298,1.018931,1.8614073031242448,0.9999973498837482,122.460155121348,0.2801563041063665,568.2602883367971,1.4545243549346512,5.772372728935625,,,1.0,148.4353197989303,1.0919258163084136,1.0375139147054595,1.647888743031018e-06,1.3860337384325083,12.00763199708443,3.4465948903311823,,0.9075186445752522,1.2711238744976836,1.8368195744772933,0.010587429228337192,4.573152231638966,38.26495253118313,448.3856507486008,1.0397183,25.161567598148192,0.1285055713812756,0.35639136384026116,0.9996058148356622,,,1.000043867160754,,0.9979016806126528,0.9991957112114892,0.011355021923668966,0.009219496902288092,0.008050501233682216,8.121756730688297,0.21212788350019657,1.1621473246263312,3.010492375927902,0.0676911143110877,0.4887314277708308,0.1876918331236904,0.10926628681103588,1.4150006190176414,10.816552260662622,0.03877518626574921,1.2298014586232802,0.4796386433767695,0.00972645006255703,1.4923512083066997,7.2150314222556526e-06,218.31503596361452,,4494.342181997202,0.1326024259347663,73.77228597307725,0.2038982204657879,0.7003472487310648,
2025-12-26,,,,,,,12.061214453741648,,,,,0.09810436610575402,1.0010476433156072,,4490.868321593755,106.99763284885309,,0.9998736669270092,,0.001732509805167168,3.898337955986888e-06,,,0.9993255906277612,,10.142270817017486,0.10272012947489512,0.043607302478880505,0.0003905242617981725,0.11454740938496788,0.19360939427486404,22.94,1.9576749266182136,1.2298369639600402,10.935661,0.9981562882611498,1.5921883230696832,1.018931,1.83215129950936,0.9996494491564624,120.01776608161182,0.2786469337181949,589.4735340427388,1.4372557077781511,5.808993487384388,,,1.0,149.0923856157133,1.1057470295806706,1.0317551984405382,1.6415490509873869e-06,1.3859871626682183,11.6645661873639,3.4518563867960865,,0.9044103025004896,1.213272546250963,1.799122790001559,0.010387237069154402,4.443295525075242,37.96777016667157,437.87404142526685,1.0389991,24.38228461049697,0.12356599604202424,0.3431839314313188,0.9995962610541188,,,0.9999834785103764,,0.9980856213947732,0.9990944610926964,0.011187546612336804,0.008820641941631083,0.007009514946782538,8.424459677025034,0.20975886104229433,1.1199672177306887,2.9797166339364853,0.06822491014774182,0.4792376173355928,0.18430747797407865,0.10885996001280936,1.3623614497646344,10.733253464584214,0.03790849967656114,1.2307361465105129,0.47492510469455335,0.010850888193741378,1.497874778664465,7.064142696012889e-06,218.40428631028536,,4513.344655885131,0.13709553745706698,72.25520852387677,0.20478199755436477,0.6636697735644816,
2025-12-27,,,,,,,12.175895199590846,,,,,0.10010759500159798,1.0003962828229038,,4530.606089703744,106.68530148194895,,0.999844408606661,,0.001805823207525338,4.031151383348158e-06,,,0.9995257989298372,,10.31960954195496,0.10364658244909776,0.044819213867954934,0.0004167167314701296,0.11816035526107573,0.20026472309581103,22.94,2.045537720210521,1.2708553017217843,10.936711,0.9996151362455408,1.6820796243815084,1.018931,1.8424924442028972,0.9998167796003647,122.19194432561508,0.27949117482170155,593.5909992694627,1.5179837740433766,5.826923841456868,,,1.0,154.18321560341465,1.1044713817841925,1.043944393649136,1.6438000587700845e-06,1.4016502686127843,11.719179627526207,3.4580318425372365,,0.9137990547209788,1.2275901766539477,1.808348228676846,0.010550201980241564,4.636461986355696,39.19483379103255,447.7749366483441,1.025905,25.78366089106415,0.1220155076056694,0.34945632949081434,0.999604148790999,,,0.9993248004659054,,0.9979647009759092,0.9992950930579774,0.011218982015021571,0.009012067500468063,0.007707399137872729,8.495708248753482,0.21339623598572913,1.1738764208844492,2.985755146767872,0.062054807554292234,0.4919005885484773,0.1916391253526858,0.11161474805087664,1.3968161998476758,10.790739734586484,0.0379609802584859,1.2296986572321675,0.4756168102531506,0.012279490680866992,1.5509056946834965,7.118472361469211e-06,215.67459653222707,,4554.088098241032,0.14625014394072283,72.3608830869696,0.20457633711703035,0.6982015923103053,
2025-12-28,,,,,,,12.50156451629601,,,,,0.11405278491879885,1.0004332677687282,,4553.148804599577,108.27970506089405,1.1101865726025617,0.9997494065027543,,0.001876028699270692,4.1980710152562225e-06,,,0.9989649980364186,,10.344885469042238,0.10778102683313874,0.04548551720198637,0.0004188528680745014,0.12003769851683366,0.20263600614157912,22.94,2.082372183073488,1.3357269875430855,10.936711,0.999372602187702,1.7533695576889807,1.018931,1.8729261583846584,1.000237578247314,124.67249933750114,0.28459992996439676,622.9930631028565,1.5926431883990118,5.963083232537176,,,1.0,157.0411415089332,1.0954860632391352,1.0613089874435904,1.6608230525871622e-06,1.4035758800180267,12.19939702485887,3.4574376261916417,,0.9140407147727634,1.31558520677498,1.8541497216248068,0.011436086935040538,4.8530973740146175,44.57651151470443,515.8739998376797,1.02033,25.974048168798294,0.12429608967501032,0.3697231085200241,0.9995071890571228,,,0.9991319676998952,,0.9974563663318722,0.9994880885786716,0.011341144686184,0.009341211529034247,0.00819721419675755,8.473321575423837,0.22073090608962775,1.1863749789910385,3.076469039427865,0.062129194845953195,0.5133287029656116,0.19694603029732757,0.11523432070365151,1.4514140883017814,10.838107663434858,0.038540824873518086,1.2298029066529454,0.47901813322800807,0.014098462318771278,1.62414743150804,7.378035012367094e-06,224.35474115328216,,4568.217283572153,0.1447698286840895,74.56365482245839,0.2056399149562222,0.7152548888672016,
2025-12-29,,,,,,,12.475813334540495,,,,,0.1408605450126792,1.0000139845929383,,4523.426528924054,107.37103641113762,1.1101904109863556,1.0001069357509194,,0.0018814443486311792,4.172500723560546e-06,,,0.9990945892707688,,10.328774734437625,0.10733039808632716,0.04454325896467755,0.00040206821952069,0.1197995567641648,0.19995389900312777,22.94,2.07318923585561,1.3202137620931174,10.936711,0.9990907045380012,1.7213854173075076,1.018931,1.8642306664406223,1.0000095707618926,125.15033815137768,0.28479703628894765,621.513431590896,1.580614945843289,6.2157907865648365,,,1.0,153.46645965560592,1.0944478906909128,1.0392272730563166,1.6585444134978472e-06,1.4876972972538571,12.187583101480536,3.47446759364576,,0.9042015319697476,1.335492655338528,1.870517067943936,0.01111255424246308,4.7515081446096055,44.00135046426577,529.4382247207415,1.0194978,25.364719967118255,0.12380674879477664,0.368269989764252,0.9997448837316848,,,0.999678693486434,,0.9975938629580452,0.9990764215812488,0.01127006827159795,0.009306603853994438,0.008108837354705727,8.477506705922004,0.22018227580845504,1.172228861243322,3.035923526944612,0.06405160892159623,0.5048338811522116,0.1947392746530639,0.11536657258682144,1.4447547783364327,10.820038049295713,0.03888053456616415,1.2296103486354313,0.4656050985571623,0.013086898704087493,1.65140026141215,7.393182444792091e-06,223.99971767332715,,4546.86616623058,0.14452185703251397,73.12687633237232,0.20464934835910228,0.709252613374018,
2025-12-30,,,,,,,12.288664981320728,,,,,0.12619316083149387,1.0000747560029914,,4343.521727951107,107.21060972621872,1.110661379740116,0.999827974451032,,0.001807932385324564,4.067946565935354e-06,,,0.9987319279213488,2.7263870532861896,10.330791909890552,0.1037903620845348,0.043453329304299085,0.000424845366304654,0.117225780038911,0.18795245010748665,22.93,1.9622181143043893,1.2940054163334809,10.938825,1.0002710750817174,1.6748358586629946,1.019258,1.8486201599206935,0.9997502830457848,123.12034386014282,0.28465406966611195,598.5278155839219,1.5221467169525358,5.98532081111021,,,1.0,149.25963345708692,1.1066001708960584,1.0126818200957557,1.654565127273678e-06,1.6236047864399126,11.912006108395754,3.4709571895962443,,0.9018102082369274,1.316793405714421,1.8307123891694,0.01088333291153551,4.556462717400226,42.376012039113135,540.2571155288304,1.035325,25.73959192592639,0.1226914888812764,0.3528371286337113,0.9996386924158648,,,0.9997313087156924,,0.9972252380187316,0.998943906469444,0.011144351760524036,0.008896131741663973,0.007990782606714278,8.58815131027073,0.21590258846363908,1.1661018519744428,2.8824958759137345,0.06156611874163288,0.49288716600240307,0.1902399490196607,0.11270090450347518,1.4379009047938285,10.719301942600874,0.039359527095043055,1.2295543956548454,0.4568752245367853,0.013455894184569175,1.5683648600459612,7.189063686113371e-06,218.5548462961736,,4356.649233135973,0.14192714802392947,70.55114556189453,0.2020825063196176,0.6893715866179915,
2025-12-31,,,,,,,12.405973712679632,,,,,0.1476919611784078,0.9999074910903436,,4342.487627420772,107.03299745579892,1.1107609425469536,0.999360481319438,,0.0018418487286068804,4.137777241385255e-06,,,0.9995006469311872,2.7033550125832777,10.376902280382172,0.10276313296176327,0.04391955587375253,0.0004354813920529575,0.11476567453342476,0.19057263484455617,22.93,1.9657809085933269,1.2953839243559748,10.942003,0.9989033116761792,1.7157453849867923,1.019964,1.8748614021351784,0.9998368893665356,124.82656574921522,0.28610372210028645,594.8266943305283,1.5141729752242268,5.919265707377537,,,1.0,149.30108495821983,1.1062281812626606,0.966852083828808,1.6502675427835708e-06,1.6655598958454725,11.86624991135933,3.4857422017374984,,0.8901266577881235,1.32002960676568,1.86439621306466,0.010836797829530998,4.484589538040208,42.58128225511898,527.9267845948881,1.0414937,25.94326335547055,0.1231584472638915,0.3509845310466914,0.999701898684037,,,0.998957767133315,,0.9967705834889,0.9989881163409003,0.010821203029835398,0.009000281279617694,0.008013716686149596,9.145475153845329,0.21048796647053025,1.1293536696234217,2.8331255565886555,0.06048933001179225,0.49068274564704706,0.19071545877954643,0.11157985186320224,1.4327377027384252,10.769692183517313,0.0416253293499685,1.2270979565225053,0.4347437833905308,0.013801638435622302,1.6234110483746576,7.096139234365212e-06,221.20723085859663,,4356.089348575376,0.14407824567458494,70.29677572000526,0.2030980164988404,0.7006087767363961,
2026-01-01,,,,,,,12.19980447446588,,,,,0.15279023927545374,0.9994023501779995,,4318.183175066801,109.52710448734516,1.110024013698616,0.99975427631685,,0.0019172548604788268,4.031818691229915e-06,,,0.9993229487292291,2.482967704945564,10.332938899009237,0.10054903706198921,0.04300135511933675,0.00042748968474751533,0.11029364636494787,0.18827413978779375,22.93,1.926117732773509,1.288137707984037,10.943068,0.9985181102924021,1.660360927472338,1.020261,1.8405299312812542,0.9993491227282315,124.52107166245452,0.2843595400725013,599.3460884133228,1.5124648365738596,5.642671492326307,,,1.0,145.9763174843862,1.1099086974812133,0.9633461778387491,1.6376795258242378e-06,1.6414334781751432,11.46335686786921,3.481447141487647,,0.8813675262912843,1.2968074638163367,1.8818120879843756,0.010393003890541447,4.201097262432605,41.640247863333066,511.12645446084935,1.0294309849140382,25.442008549981004,0.1174700633754536,0.333289833836659,0.9996536954966121,,,0.9985803989843629,,0.9829787843942864,0.9985457673787428,0.010221877560419923,0.008677094266014259,0.008017170572385917,9.606562655957928,0.20112553046618256,1.0920474617911593,2.8365228138687972,0.05770110676862721,0.48160775541144635,0.18675856841474928,0.10639225990220885,1.4039399123512217,10.710028046350445,0.0418618800291881,1.2255799383338888,0.40239290597084687,0.013862445556315732,1.6571983100916958,6.91914530094019e-06,219.73099318850356,,4333.89925486038,0.1435032909303843,69.49842723426973,0.20346754425395205,0.6875914775801051,
2026-01-02,,,,,,,12.625288968434779,,,,,0.1599611236907752,1.000001083974382,,4357.615700267275,110.14521054834616,,1.0001031735521178,,0.002111539370265903,4.935315155863898e-06,,,0.998803884357964,2.649827525645891,10.381135522668302,0.10645936338650307,0.04464056889509227,0.0004222281679592474,0.12033707143941848,0.19996173349901109,22.93,2.071072928624667,1.4024313229737015,10.943068,0.9973230750907855,1.8653917328466534,1.020261,1.8802422167207002,0.9997037454595947,126.95621771235598,0.2869900852618737,593.2594845046004,1.6332534813409822,5.805749831231866,,,1.0,149.03818456618424,1.1054955319702722,0.9727519992519416,1.645901419380785e-06,1.6197534979263655,12.087790987948239,3.500063889496609,,0.9005110678452456,1.4843217114000378,1.9852205158696292,0.011093139076639327,4.546722302495305,43.262600356492996,525.2339041781124,1.0415030155019744,24.197104042304236,0.12679944159034542,0.35682732758824154,0.9999488995185237,,,0.9988312535897732,,0.9979948798576284,0.9987746330362298,0.010890244177761684,0.009488155636612355,0.008035614551279135,9.588280096685414,0.20855607609552274,1.10180325463543,3.00416891295459,0.06076563917177255,0.5141343006887791,0.2021341464030901,0.11489262450254992,1.473853533963073,10.810867181538088,0.0393025674901959,1.2273943920138366,0.46907667535289194,0.014619808063216557,1.6917747620345487,7.477388755400135e-06,230.1586779945049,,4359.192022823106,0.14664154985892833,75.60016772388249,0.2049242345975167,0.740113015514226,
2026-01-03,,,,,,,13.271946750148317,,,,,0.1479005133485834,1.0005572363711008,,4343.991028917381,112.48873211082069,,0.999730199491794,,0.0022726196929537187,6.018627839430843e-06,,,0.9994547894629071,2.6658842478785547,10.509269528666472,0.11337203950065708,0.04593893113501367,0.00040818015135209374,0.12749758549842197,0.21059000700238986,22.93,2.1661683947417236,1.5230058990569706,10.944117,0.9990150662233326,1.904104068407152,1.020261,2.008929428891526,0.9996745822439911,132.31679963702925,0.2888954663347564,610.3941245605577,1.691457442540338,6.0540031125290685,,,1.0,165.55099142616407,1.1109286606751454,1.0144768637391055,1.6557755183067263e-06,1.856100208484143,12.541316723416251,3.5213954179815934,,0.9182288495117976,1.5004977277643248,2.0033465709671745,0.011787786300036478,4.926581002099539,42.778636084711536,488.5545099180829,1.033111115506149,24.58610601576073,0.1421121633725655,0.3959838230091315,0.9997454716973024,,,0.9987669564336258,,0.9983805044705415,0.9992453827304871,0.010902846734385694,0.010892921360557212,0.008063649601331439,9.493018444934972,0.22006291696951194,1.1309129865878895,3.161510977395208,0.06329539615188577,0.5509402738924445,0.20939162952539736,0.12208512772602388,1.6112973111603144,10.996082630100151,0.03913734406796691,1.2251571294559103,0.5670754076981865,0.017460023912588937,1.8014370521487306,8.11969495529621e-06,249.28726888087732,,4337.989483921243,0.1546190894392147,79.17512089637836,0.20928705965369884,0.7714124507447495,
2026-01-04,,,,,,,13.214930693943213,,,,,0.15939314104468252,1.0005805833641428,,4329.260241360639,113.5237945445659,,1.0000547568465983,,0.0023180573407694015,6.092365111444099e-06,,,0.9995069749289854,2.5993920380099507,10.455691465324879,0.11551719667759253,0.04557230604323034,0.00042091641250306704,0.1278997902403289,0.21034445158824816,22.93,2.2357838074852943,1.8346250564570707,10.944117,0.9993156034925506,1.8970355357936022,1.020261,2.017668118968793,0.9998584037865045,133.30031232821088,0.29554394655756333,654.8411226334531,1.7072304695331488,5.910989376594909,,,1.0,162.60644349829593,1.116500296040824,1.0194632266985215,1.6801595997291862e-06,1.838267300500734,12.562594514936807,3.538567241223565,,0.9420239719559864,1.4915777873497236,1.994849236992818,0.011695471099844795,4.90879566710533,43.2769807428076,511.8273137257017,,25.35891327136707,0.1427883625024324,0.38888289012500665,0.9997980191522179,,,0.9981073878627663,,0.9988068404430601,0.9993800720415111,0.011143520009388824,0.011401259450340795,0.008043238338462076,9.23863581340594,0.22191153644094422,1.1405392770079015,3.122007208366749,0.06197380956421855,0.5781966623714315,0.20929705686046648,0.12109658732281893,1.6648999987062492,11.015894229849117,0.039170996373659804,1.2253008091943238,0.5618565109259402,0.016905602636515395,1.8473467813823934,8.076867646500503e-06,254.05572050991697,,4353.115646879393,0.17322506342018165,79.30671374806566,0.20979181863878338,0.7668760789139101,
2026-01-05,,,,,,,13.467499666757117,,,,,0.14996229282765933,1.0006562946013815,,4365.926202342984,114.02557699038898,,0.999806191350593,,0.0023603010138493956,7.194290014724209e-06,,,0.9995577636449168,2.6411537068244293,10.54403324698264,0.1220480802987059,0.04964861583600995,0.0004238973685810215,0.13683902266200834,0.21969494234213618,22.93,2.345062009230761,1.9913689142287394,10.944117,0.9984665880358949,1.94775650760393,1.020899,2.0952690617533083,0.9995226878353474,134.43165907625135,0.29390203026294714,641.2780473959474,1.7341014365495515,5.874652127284317,,,1.0,164.78825399721688,1.1114044071733846,1.046969542122198,1.6856804921909345e-06,1.9042289650319018,12.863207992509896,3.5782463045300155,,0.9488455355547547,1.4982628670104325,2.069824299991397,0.012199373743667767,5.212495541311321,43.62030608371345,503.24770397542494,1.0187418076643193,26.704549255377625,0.14991234903820938,0.40193467269722494,0.9997372297632315,,,0.9981585556197798,,0.998071955954462,0.9993715914431107,0.011791567038604329,0.012657423474277656,0.008005059578289153,8.98605211999532,0.233727324243885,1.1649297039962012,3.2825219098017793,0.06234631730377566,0.5977341717311901,0.21774326257488874,0.12606388256003762,1.697251341719158,11.137952181779038,0.0407682790946799,1.2229401202791375,0.5659792457478862,0.016938057078211364,1.8705633376897155,9.092638680775417e-06,267.8111765969457,,4383.431551773094,0.1710825000464159,78.24247163457308,0.21315968391572188,0.7796511747252214,
2026-01-06,,,,,,,13.924626332934782,,,,,0.14015154482779382,1.0003656743835083,,4433.584737587188,115.40312553620085,,0.9997056911057199,,0.0025082837146829105,6.978097127755478e-06,,,0.9998652717865976,3.0018782255227654,10.638808459809217,0.1250629461496876,0.050849612417403496,0.0004301058772363668,0.1394690460820586,0.22340481788124084,22.93,2.3696440789551505,2.2084003858240773,10.946253,0.9992829679430606,1.96321507953438,1.020899,2.3537764079779833,0.9998968643730338,138.0003095859337,0.29203325415863796,645.4853709432389,1.7746342958581554,6.181501862699888,,,1.0,171.29099360745138,1.1168985572469152,1.0790586503308184,1.6839008144377863e-06,1.9447047398473714,13.31750434104413,3.6175621211776323,,0.9898139999440484,1.5750443625850963,2.0707508073928316,0.012598941323460284,5.389105981957223,44.028335162690446,503.360398927763,1.0322403167604184,26.493318018958814,0.15179091777953196,0.4219017745672528,0.999819822012594,,,0.9988711733056312,,0.998244659711064,0.9995844445780179,0.012522944739053785,0.013099487740686084,0.008163767213722322,9.29257109565652,0.25338193645253876,1.217102033904014,3.402462822867283,0.0641206769017762,0.6304224941564235,0.22189959157258976,0.13209682800194164,1.9065308241606647,11.469242744601068,0.04163176287791522,1.2238681845388344,0.6049878667718458,0.015493562533303319,1.8953544897179413,9.25005567623451e-06,267.76010880487416,,4442.217447614671,0.17360835507938088,79.22806495863492,0.21322031442665867,0.7985566908438475,
2026-01-07,,,,,,,14.011292889762352,,,,,0.13634461279991172,1.0002288382560867,,4479.015549976373,114.7388961184439,,0.9998450582955093,,0.00263544497468565,6.683029411064818e-06,,,0.9995904079545128,3.0827951007459493,10.60157113062101,0.12810485129051094,0.05131761539038946,0.000513477633223557,0.14227408104047695,0.23054232441033037,22.93,2.527595561954109,2.3684291466118683,10.949369,0.9993279910331532,1.9579724098788407,1.020994,2.302665904957429,0.9997790008017502,140.8297481272592,0.2940699071307225,636.6984315739624,1.8066198117189969,6.056478153588876,,,1.0,175.82745564629175,1.1140043689190824,1.116030830058532,1.6772599878384134e-06,2.1397766495252273,13.364493065615571,3.5743007017626973,,0.9756496097288915,1.5938597730739812,2.042281450284883,0.012842868690079622,5.578943312167815,44.50932211898371,501.25621184616597,1.034719338534476,28.218794268506702,0.15023325273381483,0.4187394055453495,0.9999005066813098,,,0.998134810628611,,0.9985226377168722,0.9992810936154948,0.01260512155498727,0.013255350780441762,0.009186086076948248,8.972262034040094,0.24344438712945266,1.2763951703646732,3.380672442584987,0.06404039407810397,0.6295943080144368,0.22279250781641902,0.12883225348409802,1.900345913511011,11.641965960409133,0.041803338773679075,1.2212085512998518,0.6018926957444076,0.015499778116658655,1.8961127553110686,9.113320872621787e-06,293.35129520989244,,4507.230342662922,0.1752783743233941,79.34508394924524,0.21260507510468524,0.8051724770698244,
2026-01-08,,,,,,,13.430447092999652,,,,,0.1381963357895209,0.9995378542841539,,4467.107168924931,111.79190028922892,,1.0000670296154732,,0.0023481946683167197,6.5417995329145815e-06,,,0.9992793962633638,3.1184814620052053,10.36802057609348,0.12840850425624958,0.048668288416164225,0.0005668646081372843,0.13623223464887813,0.21725208626936227,22.93,2.432513627962092,2.2457256747116126,10.950388,0.9988977427843355,1.8846817809139171,1.021397,2.1649537840046547,0.9998448226082159,136.19851494230633,0.29810794030342935,628.9685278322144,1.7187938594374408,5.716640143606133,,,1.0,167.49850340816153,1.1117933335547634,1.033622006919609,1.6857713578300743e-06,2.061740864625719,12.893285989839724,3.544470136133522,,0.9687687395403384,1.5185724776827936,1.9597037691209758,0.01210534094284314,5.260405811822579,40.81488196813034,469.3023118400485,1.0342753552144426,26.831588751930788,0.1462971179680257,0.4020882127968396,0.999732021140141,,,0.9987988653768696,,0.9981366778965908,0.9992338577231386,0.011827703476245227,0.012021638556062517,0.009049069879391759,9.18341638242979,0.23390633750323503,1.2396725097854897,3.223495090223759,0.06148970042878187,0.5885855309142612,0.2130688076182293,0.12382967453621903,1.819819727757392,11.46606583205514,0.04284537361051521,1.2203558673975854,0.5594420996160799,0.014047065972414823,1.8702900504539448,8.779983570686418e-06,270.6321973006236,,4476.051657129348,0.16865877085164374,75.39249235251617,0.20882874981038804,0.7573244774603564,
2026-01-09,,,,,,,13.2181750721035,,,,,0.1348988945109576,0.9997490651890579,,4474.7152654860765,110.24685984415481,,1.0000116668156962,,0.0021861914998561036,6.085473676887649e-06,,,0.9991683879688045,3.028916275263489,10.227548295161276,0.13611609102137034,0.04693587756721405,0.0005183651543836247,0.13414207359218894,0.2134847173445577,22.93,2.4613117162230873,2.168423613422356,10.951441,0.9987155494647226,1.8175588566638012,1.021722,2.1256948975795935,0.9998707714983349,138.37930950675758,0.29469732260387305,631.8659652629105,1.6860120433807384,5.485622769680705,,,1.0,164.34967104635015,1.1129897742222312,0.9998297000600807,1.6831433982861518e-06,2.058127284697263,12.639682257746022,3.5103106863265716,,0.9552957573856878,1.4982436505861865,1.9446853616098312,0.011805558739108539,5.201370621985279,38.72560392619173,422.00000640071954,1.0351882251449294,25.67128419704442,0.1419794466774541,0.3959714101601821,0.999791145924217,,,0.9991456931562545,,0.997975442876828,0.9990786209219041,0.011385781876876696,0.011988751137470078,0.00881465906285626,9.079600460905022,0.2302873664402553,1.2125402720293081,3.1795261468871305,0.05719091474004564,0.5776108827453551,0.209448236151285,0.12086589978331604,1.8187636334866402,11.384712316189777,0.04396915054260295,1.2181805040853035,0.5540421676346464,0.014692383349806454,1.861300958383407,8.751638663864505e-06,283.97305548841325,,4479.034288214949,0.17152717102516127,74.89184235138165,0.20856923291462653,0.7430847760401982,
2026-01-10,,,,,,,13.642366564584028,,,,,0.12599245633802197,0.9994191840658363,,4489.649263445921,110.4512417179778,1.1105750388110307,0.9999485755800384,,0.002348682800404258,6.105463597053379e-06,,,0.9988556190183503,2.944406202697385,10.253540007450518,0.15577222972831586,0.061223540516759316,0.000532071857658812,0.15256407037467934,0.23008802571218842,22.93,2.6878703090164553,2.3540951291440892,10.952515,0.99805394528322,1.823550555152799,1.021731,2.099232369107714,0.9996214820445918,135.86713631404515,0.2982357227426203,632.7785455444442,1.70257680308587,5.5758921869888,,,1.0,169.03228145866444,1.1053968744322002,0.9646301557915804,1.7426109010280983e-06,2.6181907705614553,13.95477253838044,3.526195375803132,,0.9766678060290652,1.5362321763310651,2.09009845260514,0.013235962782936449,5.1853595505616195,37.47942882749337,417.4309640914433,1.0345475224343872,25.10914329388292,0.14091486367700884,0.404052043205739,1.0001112207800524,,,0.9989016357905115,,0.9967707569916228,0.998774095913971,0.01701443844769772,0.01208103205284269,0.00840184434660392,9.086341053889004,0.22803889589359785,1.3352799154327875,3.3130202565256637,0.05558394912657249,0.572579678284341,0.20767058380366726,0.12059617553346068,1.8204574464674204,11.622688686638979,0.044443189921502625,1.2159856841840717,0.584829768777391,0.014460003926468007,1.7663985757481244,8.890161806940313e-06,281.25476343704725,,4476.194563575769,0.1674109863551019,77.75404025344325,0.24128235999911724,0.7419460799657227,
2026-01-11,,,,,,,14.094074499648586,,,,,0.13070226697142098,0.9997273757068186,,4491.9102561521995,123.45482740014275,1.110604676147225,0.9999750037346621,,0.0022916041929731314,5.951963181471999e-06,,,0.9988516387648518,2.5883540356222747,10.212180028863727,0.17803432514071504,0.06467792280104717,0.0004740587342291938,0.13502555479362088,0.23738367465457982,22.93,2.682090824400002,2.310247914952725,10.952515,0.9985196162858399,1.8123081042554252,1.021731,2.0997361524874876,1.0000228508125855,135.84312878216107,0.30198633028372884,641.8531636923951,1.6865103267636288,5.666438714860914,,,1.0,170.41994946465067,1.115284310395215,1.1456834790405297,1.7396124022897862e-06,2.8267784394759845,14.365407525841542,3.5108208828845675,,0.9965109397929025,1.5586236119599903,2.1254150713165365,0.0137063026881342,5.187633048168729,36.96379041038688,373.88850697897493,,24.153025011552888,0.1402871685158949,0.4049871552449417,0.9994442798357251,,,0.9988327959830812,,0.9966072075216229,0.9986336011838011,0.018615033665506858,0.011905272099215315,0.009010066263927705,9.090385238670974,0.22614733261210648,1.3735309451514546,3.328578215727018,0.05872961646631348,0.5642535225701621,0.20741291071748913,0.11851839733493207,1.8108545108398406,10.965694168477496,0.0409760673790899,1.2159856841840717,0.6130936556501507,0.014481819162805117,1.7779452594281455,9.008242613295448e-06,281.71766979768415,,4443.591461015198,0.16685667024330605,78.32796851451748,0.2568468695389455,0.7334522142225903,
2026-01-12,,,,,,,14.026393148633888,,,,,0.14864263524417248,0.9999176641147143,,4522.394343906483,110.77945826800476,1.110933489516555,0.9997833788038389,,0.002389732886408043,5.804761770492265e-06,,,0.9986227754732429,2.5990789657375903,10.304592241572582,0.16390315313723766,0.06073933695965974,0.0005207712154080427,0.16182615113837556,0.23526132338146757,22.93,2.7456890397117446,2.578147028525946,10.952515,0.9977637187933661,1.7653821868287745,1.021731,2.0772442326828475,0.9994085114623247,139.3201851544604,0.29916399018102363,647.5566244800144,1.6974617803764804,5.63583265250699,,,1.0,171.7057667167596,1.1111661818574572,1.1500108702272576,1.7433887838560324e-06,3.3619854238182256,13.932233654645616,3.510708916681948,,0.991889760570427,1.5250143583969344,2.074231180255411,0.013495154614923234,5.157354290351098,36.915078651009445,379.89848096562434,1.01712379974912,24.659113466956434,0.13820607826963027,0.40949787476742106,0.9998899691539241,,,0.9989047641909417,,0.9964479118285083,0.9987938564589665,0.018207325905955488,0.01203823235485944,0.008933495666161665,9.06752930995823,0.22389315620934178,1.4380177371233132,3.2740804132041577,0.05882437035326631,0.5592207141390805,0.2042726311690582,0.11759076181568245,1.8095660527897852,11.38254326447193,0.03973421396587472,1.2147955797380248,0.6055332285982782,0.014527887638317284,1.7836166807714702,8.744447764697017e-06,287.5015710936566,,4486.650147530671,0.16599241689312508,76.97031547794789,0.2489947469021347,0.7383303382083117,
2026-01-13,,,,,,,13.568428413055384,,,,,0.14388705208180466,0.9991979320850681,,4599.71912868976,120.36996011070015,1.110924760405064,0.9995951019488827,,0.0024346814702625188,5.73324410096665e-06,,,0.9987463680808537,2.056767542900299,10.3026420357472,0.15060738687915678,0.06174171779468302,0.0005075434510866478,0.14986055236284607,0.2226867561114292,22.93,2.634228015820812,2.385252555136606,10.953571,0.9985436014006763,1.7654005286110317,1.022244,2.0604534414889404,0.9995426498764179,139.07230582809257,0.2996295309666388,620.6221085383274,1.6730569390253371,5.498893737464028,,,1.0,167.21918931810643,1.1163870583035707,0.9437300095416021,1.7206460377348472e-06,3.031961168524511,13.58230278000184,3.5341494639010547,,0.9829860632744797,1.5134868774342913,2.0334030144315105,0.012769412033834493,5.018648003650503,39.09866393471048,405.9943789130936,1.0389392251093252,23.828531929579785,0.13675683429081165,0.39904040334998486,0.999428264034424,,,0.998641508371779,,0.9966101752994085,0.9988335302772366,0.016217879288802445,0.011797868872559295,0.008661630747885707,9.068573853029001,0.21925952223167658,1.387231678001076,3.232020142076501,0.05573525661223679,0.5485366097614175,0.20091544678652523,0.1153047252254152,1.7750884979461892,11.380160242374556,0.040331063886154504,1.2195507584597431,0.5780159484173119,0.014341051871205733,1.7612792170760283,8.605330205096276e-06,281.7993359879032,,4589.676988739312,0.1694040594489707,75.25009967448277,0.23730159267812814,0.7227196060264197,
2026-01-14,,,,,,,14.401082805900629,,,,,0.15005893149369648,0.9994503367493964,,4588.879586501393,117.04900403641216,1.1135788135644356,0.9995482363280908,,0.002667544111821411,6.6669520492144364e-06,,,0.9992517612113859,2.115765332765808,10.662479392867608,0.15767064538611952,0.05924993219409763,0.000514958047547781,0.15273005506815981,0.24111338413352593,22.88,2.7615606549701646,2.3752025596548028,10.956738,0.9987346590965727,2.2482952213476404,1.022353,2.1691514760656063,0.9995844130328463,145.73859432253883,0.30703812871379776,616.284465543009,1.8651942086653894,5.850419402056452,,,1.0,179.86774567850833,1.114489759387575,0.9896824417398156,1.7411492616267748e-06,3.5033099314070215,13.954586588384903,3.68189796873654,,1.0003478339806668,1.6111756881617503,2.115154422728934,0.013272158735329715,6.854691696684296,58.57964410885875,404.7146040989296,1.0337076301787602,25.840691638554226,0.148758011422247,0.43054102832477803,0.9997187912328338,,,0.9994439171709115,,0.9941996547401081,0.999048919995815,0.015362183506835481,0.013416219466725969,0.009016185730492636,9.075222141599067,0.25266282489725095,1.4504632646104758,3.6666740920588556,0.059488280213403834,0.6134370811153768,0.22340382544294862,0.1229867877362883,1.8951276308062857,11.700940097216757,0.03997056306550202,1.2169063671894556,0.619102966976963,0.015465222140258451,1.8242764893958408,9.160199323430608e-06,299.4354065804386,,4581.176716733154,0.18016093475713865,79.10874001625817,0.23571028113255268,0.8637810625030621,
2026-01-15,,,,,,,14.418189093630502,,,,,0.13646705776369913,0.9994089781208134,,4606.865350750459,116.71122808207784,1.1137394618156502,0.9994604903532769,,0.002803819627459549,6.2418923148879245e-06,,,0.9996184238617463,2.125433515154398,10.551091701173473,0.15520517916858811,0.05831866000916704,0.0005328258910911674,0.15229054054662391,0.24087850223693982,22.88,2.7113155213956386,2.2860426447588056,10.957794,0.9991864085321037,2.213105090874482,1.022486,2.142144757060112,0.9997927855311043,146.51080044413305,0.30419827700609725,597.4669545342385,1.7973399379817943,5.778550651420203,,,1.0,180.58144990796143,1.1147937266488208,0.9769357630016448,1.7370832558458412e-06,3.121030271810325,13.931108973924035,3.769060767972582,,0.9937343574516141,1.6187110523294705,2.130326681724958,0.013167112135715952,6.778990871028546,79.68378535300174,446.690934274136,1.0376188359150638,26.004745068552864,0.1472853106287474,0.42101321778553735,0.9997915277349142,,,0.9998783101565256,,0.9972289916825462,0.9996359369167134,0.016521313728541553,0.012810433594763726,0.00955407135645649,8.701738364998167,0.23703191542894894,1.4781541898529718,4.569331405198718,0.059811879939676675,0.593065687283476,0.21783980973830172,0.1235718444872327,1.8621173412405396,11.617760923732137,0.04057630477662411,1.2173628467410014,0.6228550038350416,0.01598071497069716,1.78673316174046,8.849306162999283e-06,295.55050192674435,,4604.2539149252425,0.174873951652567,76.48493287323556,0.23753189443811407,0.8564188986734418,
2026-01-16,,,,,,,14.126011679941518,,,,,0.13542488919228893,0.9991673397704387,,4599.3367576252585,121.03500039090515,1.1123342375835448,0.999674340040516,,0.0027189108518420866,5.918758664805593e-06,,,0.999654409105441,1.8803398924221506,10.328209033836531,0.14916086179904472,0.05596929598199346,0.00048689902466472014,0.15000651455864514,0.23529429022648846,22.88,2.660134033232886,2.2563281145960423,10.958828,0.999586782633771,1.8041774832151432,1.022587,2.0877664284447053,0.9997355706389657,142.37528313106432,0.31235774754445017,590.6787655682159,1.721040197998922,5.457732191407247,,,1.0,173.80341478053546,1.1131354687668704,0.9630834498307629,1.7611525973605426e-06,3.05324804039815,13.595903196469774,3.722941798811267,,0.9971908163348335,1.5319756823457655,2.086422976816949,0.012640757130777553,5.16771629571258,80.9235628901874,413.31056246505557,1.0302992759709275,24.797367086077692,0.14023420103770082,0.4038088053691886,0.9997075239957054,,,0.9996756593263074,,0.9979598462473972,0.999271415375673,0.017089985116765693,0.012088326876949692,0.009737707385239528,8.877933662264489,0.2283267359847242,1.4633898659354783,4.280662265881413,0.059915939487166316,0.55625321120528,0.21012116701858466,0.11803368528771903,1.7918227327015246,11.612327576112868,0.04160214927764569,1.2135004022330027,0.5858406722604158,0.014534239854805705,1.699703410786362,8.63932412158514e-06,280.68639798802974,,4598.00999536771,0.16862519801425666,75.86001146312125,0.23143716129221747,0.830464070481123,
2026-01-17,,,,,,,14.251930640672354,,,,,0.12608865197300706,0.9988887578623906,,4587.7273794294215,114.67140861138135,,0.9999248155728406,,0.0029434253655462967,5.932979951511e-06,,,0.9993886617887663,1.8585669101469566,10.372191099627278,0.14448718212215142,0.05101720107591942,0.00046541153854485584,0.15320120486371147,0.24140119008153468,22.88,2.6899454787743555,2.2827064866598263,10.959848,0.9988147934956915,1.7907184233097304,1.022825,2.07410393103093,0.9997680955714987,144.91193902286835,0.3088170738066887,599.4657253232735,1.732355969322178,5.4717065435789145,,,1.0,178.52754598011828,1.1183686234897647,0.9505558028488964,1.759278257808749e-06,3.113854234183367,13.783776748339022,3.7723118651917247,,1.013928585490208,1.5632856616841775,2.1707376252562796,0.012850991624378326,5.291715864659571,85.16447368304276,410.1888156850986,1.0317454722990984,25.118147976559815,0.1384190045320491,0.4097288050499064,0.9997294814198195,,,0.9995903508429282,,0.9973498025621597,0.9991804551320127,0.01691209943200494,0.012282491175742427,0.009474127541757114,8.893471575994242,0.22607730865504438,1.4741929198575021,4.198461813430708,0.06475590229680675,0.547329485138566,0.21006312518933928,0.11905290213559151,1.8057250789902108,11.663708035276706,0.040919784403789815,1.2130084696600532,0.6114371170110955,0.017100779470787805,1.7460914891407548,8.804437563400498e-06,279.6862552304082,,4571.639031786611,0.16895055066734394,80.2927195842042,0.21354773425997303,0.7456265740202236,
2026-01-18,,,,,,,13.73548053423346,,,,,0.12001866921021533,0.998833130917496,,4598.152783293056,114.06965154639055,,0.9998193952038008,,0.0027981433976044623,5.793199432159658e-06,,,0.9996053035992686,1.9393272475971224,10.356585003367364,0.14496248828801495,0.04426645361334697,0.0004422097145085307,0.13139773791691473,0.22132856756747465,22.88,2.5676900739891857,2.2030565851288264,10.959848,0.9995523370920149,1.8667202275547448,1.022825,2.0618262747123546,0.9996328371872458,143.68428258663917,0.31867208822637166,593.8955353618219,1.7522080071586625,5.349451534026775,,,1.0,173.80123120960576,1.1149922487085795,0.9485331173721486,1.7772381821820542e-06,2.950153167713912,12.867167890489903,3.7745842272930927,,0.9922921496422615,1.5545434785864014,2.0978584358858874,0.011799560990786606,5.314959390033573,74.29331211391889,399.83636000034176,,25.413256765118383,0.13780545835972827,0.3967712286283956,0.9997570619177227,,,0.9997328004709648,,0.9974729369135854,0.9991330207686525,0.011006551300902799,0.011790692702575788,0.009421558860613587,9.05038373617982,0.23046798059524784,1.308386588832911,3.9885334851728156,0.06428354556157188,0.5501548799427831,0.21631874490727135,0.1187779726825267,1.7842446510955154,11.489429404917338,0.04060933330732064,1.213425193012103,0.5546343234091201,0.01677736834882085,1.734362972519872,8.479919463348977e-06,273.9707940526708,,4609.411139906212,0.16861395079051955,84.2857062892993,0.20429936626474166,0.7395300428979625,
2026-01-19,,,,,,,13.621828268110537,,,,,0.11776745881602821,0.9988013333268395,,4660.330630695548,121.99233418215363,,0.9997553962031894,,0.0025076182896460815,5.303720652702123e-06,,,0.9994906358175845,1.7681601313171913,10.216209037859324,0.13436421106922114,0.057208542322680224,0.0004241553668058614,0.14886179418629442,0.22176986772374546,22.88,2.578853166817649,2.0750189029268453,10.959848,0.9980705267454153,1.6524197166344858,1.022825,1.9623858048175262,0.999608630334358,135.50334566395688,0.3170732982744232,587.9506165422999,1.5744274068859245,5.16309968225748,,,1.0,168.45894820220448,1.115109735424417,0.9215967040982251,1.7847513829957085e-06,2.993654233080266,12.919801990724833,3.759100045323328,,1.0005986353954004,1.4254969405592388,2.122169529480191,0.012423518237101423,4.787250187620267,77.53580518794342,365.76114766761816,,24.39149181693383,0.12841431981457588,0.3854473475670019,0.9996905983224325,,,0.9995940383038234,,0.9970340082404653,0.9990201622929786,0.015902968005238383,0.010356236726003524,0.00908447131124314,9.165692753581945,0.21287698795863907,1.4337241407068413,3.8068261368117406,0.06315271666335423,0.49131802296593513,0.2019436374243735,0.1107723213906376,1.6551794122061192,11.52411817879013,0.03978870554600055,1.2150638857703366,0.5626885510423598,0.016435798125357424,1.6656017044643083,8.287956656896967e-06,259.26418344185095,,4635.918628352243,0.16071255825223132,80.04206707326237,0.2082529074504172,0.6724390007677741,
2026-01-20,,,,,,,13.267823793020362,,,,,0.11735907537998641,0.9990725118580938,,4663.444166145613,117.6635468118024,,0.9998720381869541,,0.0026309160498804653,5.278617602516002e-06,,,0.999225040085804,1.6631731017804265,10.026742876330587,0.13606615637447148,0.053734333232593065,0.0003990703373035874,0.13974816452158703,0.21454231306933494,22.88,2.589563715903378,2.0992267402182656,10.959848,0.9993259347623497,1.6089432031635507,1.022825,1.9906966052723087,0.9997815688144868,133.4132387086627,0.31183035830833317,583.280110529454,1.5948004478187872,5.129476779693163,,,1.0,166.73004109517393,1.1161343236863932,0.9141239072184046,1.7441578093406323e-06,2.9572862346682807,12.775005911790497,3.7563546594689647,,0.9775665715032431,1.4245743026929056,2.0913836609936842,0.011941108763622156,4.8156795630174685,75.37764140259013,368.68542135795815,1.0007981065866232,23.77312376716431,0.12926301248621508,0.37774463014372683,0.9998237058207572,,,0.9993263718741965,,0.996657757551583,0.999150867228798,0.013356664239801733,0.010365285520878186,0.009019110877269735,8.965047649350218,0.2155938326563558,1.3719949029070715,3.894724996691981,0.06427836786846984,0.4992820436557661,0.19294277989101905,0.1110175749652312,1.5787967028976821,11.136754876238193,0.04136030249138788,1.2169069721968753,0.5327251219001096,0.016806654814096083,1.6100545593642817,8.321859281672916e-06,254.99525396492686,,4654.422210577427,0.1652259570146422,82.58083477869407,0.20695760870502544,0.7327485050581178,
2026-01-21,,,,,,,12.669350593857736,,,,,0.12641903453018727,0.9986470995725233,,4776.474662012148,102.56102244344956,,0.9999524047206287,,0.0023994581696452823,4.990866543231678e-06,,,0.9988207547319714,1.644833027946785,9.700299659352696,0.1312594860162975,0.0514544377989353,0.0003903220647757834,0.13494647509337648,0.2112394796278495,22.86,2.453761279559384,1.9522300796530632,10.960898,0.9984871782359827,1.5407782310161855,1.023357,1.897534540776928,0.9998703225949915,126.10764632319889,0.29693713452163395,573.587890439406,1.5095259970097987,4.947626149456132,,,1.0,157.72829823846635,1.1167770644715544,0.8722554287863984,1.6839058121534112e-06,2.643282123167288,12.594481918244972,3.6361285452352656,,0.9276317806061666,1.376519134506223,1.9779193332648364,0.011203988661732783,4.5046254538765504,69.47682718362256,349.5431236871858,1.027151096380809,21.092093470310914,0.12395148788872755,0.3646943625417796,1.0000292142234934,,,0.9989860408276284,,0.9964146707540201,0.998541919924333,0.014974652274558603,0.009521153797830778,0.008462057037568832,8.741773655807783,0.20765840106471956,1.2305992918538384,3.743671716657014,0.06312823954115217,0.4630853940207675,0.18186718097784568,0.10620329141624577,1.493245984726027,10.733290551551152,0.04198049848533339,1.2261707494696403,0.5132762445848619,0.017375152640135283,1.5475017817404848,7.998749962381456e-06,237.22635797166552,,4789.291376091504,0.16082623191505882,77.79187381393947,0.20235907813560206,0.7308463985704808,
2026-01-22,,,,,,,12.846517554094586,,,,,0.14819422892662126,0.9992902599868883,,4785.878011085735,117.45665258388362,,0.9998288312620514,,0.002653940627013799,5.168450353774815e-06,,,0.9991156721773126,1.7458281374692923,9.934540906009518,0.13474370689948786,0.05183165346648328,0.000396720127474565,0.13631041194739368,0.21039637655469634,22.86,2.5009653690429823,2.0382921269663474,10.965096,0.9985030875041024,1.5647933481094858,1.0235,1.9552925197479913,0.9996883935632593,129.72621773671372,0.2992145732687577,584.2143930296238,1.5343030033215188,5.092908483910827,,,1.0,162.6074466950725,1.113626692125478,0.8917020500782081,1.771181334485532e-06,2.888532180055102,12.701632431531795,3.6352800229607483,,0.9476941657405833,1.420267337928079,2.0142590560138056,0.01166703221486832,4.658376811176577,67.06646826217938,355.0290269292367,1.0340030762377797,21.62143090822054,0.1270264288270556,0.3784074059930724,0.9999518801363467,,,0.999074146275314,,0.9965237493596534,0.9988969741972729,0.015919347412254287,0.010036813207131134,0.008996311066602685,8.83788961544043,0.21312465315769694,1.2815009351305255,3.6990673333709116,0.0643981786089616,0.47128181740260283,0.18507898060953978,0.10981499381853886,1.5277705578348584,10.936488116160849,0.04491021629779843,1.220437223525567,0.5127395356971304,0.018359571979358554,1.5947995173813443,8.238896904300029e-06,244.16158910645075,,4792.809420618493,0.1692641027773997,81.74590824596177,0.20776474711061566,0.7344995320419839,
2026-01-23,,,,,,,12.967907931942168,,,,,0.1426043367905456,0.999154484824099,,4956.941971588032,118.85451533659088,,0.9998575471255614,,0.002469743900100423,4.961241844376091e-06,,,0.9990928640970087,1.7616370278302873,9.937642840898437,0.13270963170736255,0.054233235922272006,0.00038137682841174025,0.1451057557816727,0.218549562650132,22.86,2.581903339927215,2.0884757403515177,10.966134,0.9988912758491703,1.548868015741355,1.023342,1.937447931368259,0.9996345122882782,128.50157375860476,0.30526058323391636,597.9918413856822,1.5133709976956846,5.061011171455066,,,1.0,159.88917800046397,1.12121403366657,0.8829882671334348,1.813273034539239e-06,2.8176252481185244,12.776904735633789,3.654637120582025,,0.959287480385582,1.4084075367874067,2.0193132321099947,0.01207716944733237,4.592220447134109,62.59435834321772,364.60806309795475,1.0456684925078412,21.565750597528094,0.125034528150945,0.37503064062022234,0.9996423385054136,,,0.999091036095433,,0.9962277676272672,0.999139534757657,0.014539791408441633,0.009875230407275282,0.010094025154775668,8.790285583071357,0.21203494778318757,1.3110393948466796,3.681273663366093,0.06713601441438546,0.4668474198281089,0.17716268071628494,0.10876242505682795,1.5199941735292959,11.065165057897227,0.04439133769921141,1.229099230611914,0.5103099400763218,0.01921304917417614,1.5860580103144997,8.159643878555026e-06,242.80814100048502,,4960.830282235758,0.16943234742420085,83.18436244391978,0.21192082880977375,0.5994428534887676,
2026-01-24,,,,,,,13.031740484238725,,,,,0.1548364090366343,1.0006261445533087,,4989.6640402836065,102.9035263560561,,0.9997524670427734,,0.002399135560043904,5.044409408668987e-06,,,0.999567915116713,1.7042796818273127,9.944358750453226,0.1279438302140187,0.05368656843477502,0.00038081123373077713,0.14223709979602817,0.21806713935468117,22.86,2.6020582700817365,2.0574515715632615,10.967207,0.9985630232213062,1.5559937348215702,1.02336,1.9285098497451156,0.9996674539950945,127.45408198467358,0.2974355135646317,594.7206498587218,1.511028591527689,5.101186633505182,,,1.0,159.7379036942935,1.117592019856024,0.8822825644176956,1.7923314999287327e-06,3.1202628520151174,13.020435545193425,3.6470791956423234,,0.9692399425444737,1.3777146582079451,2.041660946684052,0.011960576115600053,4.579000263950602,67.02357887632175,366.8854577256406,1.0235491277659152,22.70845594282273,0.12542050127293178,0.37564715140774724,0.9997946871395659,,,0.9986706307605182,,0.9963050834382442,0.9979459244943184,0.017402078387878075,0.009976717226087454,0.009951334991165357,8.892650821532426,0.2122233896566872,1.3172131230703592,3.5697482033260433,0.06692948050380654,0.4641129806999113,0.17676702405258068,0.11000281130465092,1.517477448732371,11.1215911954816,0.04462684174994622,1.236875592801001,0.5192567814292851,0.01900432697302488,1.5721572414108964,8.182677662166017e-06,241.9704497743044,,4989.45390975448,0.17244199534456778,81.63433041998599,0.21573971662078287,0.6074958908441939,
2026-01-25,,,,,,,13.444555015569946,,,,,0.15524777384551092,0.9999789429444164,,5025.0257304249135,103.18499115632122,,0.9997689717155276,,0.002737171009157859,5.0317098504924535e-06,,,0.9984369887756969,1.8049561940510146,9.870103111631753,0.12605558858389124,0.05599025973857997,0.00037716378572561204,0.15818526575263953,0.22945792411262148,22.86,2.6343539522524138,2.101940536894242,10.967207,0.9977925817952072,1.549193832082184,1.02336,1.9501554599051494,1.0000698335801594,127.3909695406124,0.2952080021611011,592.9282136023551,1.5057671687781773,5.218091783206421,,,1.0,162.10477524978316,1.1447399190769343,0.9072257994921823,1.8013860910280201e-06,3.045111529240599,13.3723547113274,3.6431285224261276,,0.9815063221856927,1.4607747563556692,2.0764189034477196,0.012500509297498763,4.535994016179858,63.04994412409901,358.86236721925286,,23.369411704246655,0.12566888413322286,0.39210763425497736,0.9999533652085897,,,0.9985639753331402,,0.9958867885144127,0.9980668141441132,0.017394665910561338,0.009959320649952575,0.009976866584929942,8.966074553979201,0.21168989565801263,1.4316508031407624,3.5677688053091527,0.06655858345210139,0.4656080981898539,0.17595311707618794,0.10944261497461573,1.5221710449446881,11.319121688345549,0.04536843142395226,1.237141877025716,0.5721439857560793,0.020427887621280953,1.5933923315575094,8.261785798127852e-06,277.1366416948611,,5045.394077276367,0.17887091107274433,81.9100821969997,0.22574975407878625,0.6064159577078154,
2026-01-26,,,,,,,12.101192208074524,,,,,0.14310797357203453,0.9996387669679307,,5042.825578992549,101.45587627115258,,0.9999593115408048,,0.002456886840461276,4.717826564004961e-06,,,0.9990061981434291,1.5712805974718456,9.644570722891945,0.11848826402110123,0.05059829188819766,0.0003540723950183341,0.13976596749181988,0.20692844331423968,22.86,2.4861301870313866,1.9074167175739984,10.967207,0.9986094214707248,1.4849737571225445,1.02336,1.8428444453335122,1.0006097984573195,118.66203053729117,0.29563578016637804,571.8263472365926,1.4336371803361787,4.811999484541874,,,1.0,150.8478424144644,1.110681928452685,0.8473444297076438,1.7714861371921464e-06,3.058007217657362,12.267403237056625,3.570920089518649,,0.9255349622886849,1.320376091814636,1.9617920419999968,0.011304807507485892,4.284143817697718,58.53359414395158,328.0066867383092,1.02082311027646,22.277492976773352,0.1198425987645,0.35623127631047347,1.000183453544093,,,0.9989439791185911,,0.9959460568529866,0.9986219411994036,0.014652186267686646,0.009216559330085906,0.009535864651935642,8.912156107109004,0.2035789432281709,1.2766376438688847,3.3410119645077136,0.06390692124066119,0.43893280749718677,0.1667027954366438,0.10372028491594092,1.4198396281193946,10.788301468394252,0.043966560573527956,1.2400212469039633,0.5004111382611363,0.02045072012464479,1.5461321486688584,7.84405650260464e-06,228.3833431515588,,5052.079963102806,0.16579824945284577,75.48618387991853,0.2037226523882309,0.5676989224683934,
2026-01-27,,,,,,,12.623577716792504,,,,,0.1557930218698993,0.999535275060238,,5041.506079178377,103.28199694851139,,0.999722884282571,,0.0027102239275715746,5.0206137322571525e-06,,,0.9990025800493647,1.7068980405478367,9.816191764605442,0.1189221193875141,0.05324392305405462,0.00037536465831745203,0.1361157383885313,0.2084907997524002,22.65,2.4371947300295664,1.953064606288349,10.968254,0.9986489467682931,1.5518367954207184,1.023706,1.9099355322017293,0.9996693050654559,124.18651087241786,0.2964923025235176,577.7502838237741,1.4616768266764382,4.845083253031217,,,1.0,156.91256095570253,1.1120088085179523,0.8664853369392481,1.79388798535054e-06,3.4798408099806872,12.580603600970749,3.6133822701330525,,0.9614700434218314,1.375156415530321,2.0185103367225623,0.011700573786981729,4.437242464301891,59.60623842612867,366.56136797153493,1.0322638910026647,24.994805873964996,0.12271610774434354,0.36452400225707415,0.9998374866284547,,,0.9989193507179533,,0.9959576749899876,0.998330601842879,0.01627028217281988,0.009659037136478942,0.010144263635654113,9.085128987558985,0.20706643345661993,1.3231466299392742,3.4596842457820896,0.06488331049718683,0.45215059312788275,0.16925397831558478,0.10713561824027926,1.4708549570256886,11.042991674846721,0.04680641731653037,1.241879408202522,0.5125711371921449,0.020481123747064945,1.5654419446144638,8.018320715341552e-06,237.7585357380743,,5041.499574404195,0.15955592621185888,76.03931980701238,0.20338061602849705,0.6010345210644074,
2026-01-28,,,,,,,12.733676351543346,,,,,0.155412396412303,0.9999843045984359,,5163.042441432119,119.08508543655473,,0.9999029786957638,,0.0031722795545543595,5.035211939230332e-06,,,0.9987847370155102,1.9360212303468884,9.973730336047126,0.11972939578499592,0.05498244320573703,0.0003880650906332705,0.14505864776511934,0.21904406160290638,22.65,2.488446026328105,1.916326567481952,10.971413,0.9981308053669451,1.5943214803951034,1.023866,1.9256377575635069,0.9994749430270524,127.20506143377902,0.29427345138723404,599.1723479890051,1.4904043641763292,5.007641951326945,,,1.0,161.42877302104517,1.1093734037791463,0.8939770365344383,1.756170334485636e-06,3.208338689386618,12.835994554751872,3.59620592635696,,0.990488004163376,1.3586564850161156,2.040030423643213,0.011968300584262589,4.485425826959165,62.39765194715807,397.8827388445864,1.0336046638411172,30.78184659338184,0.12675702284897009,0.37698495917400426,0.9999172761611289,,,0.998590544109209,,0.9951678852102346,0.9986224800729655,0.015993806162165905,0.00997758242310165,0.010000342461319681,9.078711829663716,0.20866921316597717,1.3211615312175455,3.418220405355931,0.06370341024379148,0.4573722450078937,0.17090704457150158,0.10872151905103529,1.4615278344507168,11.184430515502223,0.04030929160111703,1.2564018787012456,0.5222263548899586,0.02251134816281647,1.5725049839489325,8.154351966297953e-06,242.14717154909175,,5179.287066558403,0.1656758014872614,83.2404812068067,0.20908155040317492,0.6347593181839412,
2026-01-29,,,,,,,12.610727352515772,,,,,0.16036346317646843,0.9993892108214067,,5486.569497387119,117.18359782192609,,0.9998266097863296,,0.003064400250304991,4.996398214646249e-06,,,0.99870102950441,1.9744671755608183,9.948715973217586,0.11853872749736939,0.05527997173843026,0.0003848813321763195,0.14674232698773218,0.22094647475724224,22.65,2.4436053865750207,2.0203790635220655,10.972448,0.9976177551020445,1.6143534174222496,1.024002,1.9246498423708593,0.9991139214235837,125.36504185209182,0.2952561847318004,590.0449584315053,1.4918835710037854,5.051840012835701,,,1.0,162.24621579499507,1.1147256925545255,0.9211778039053992,1.7783683916258877e-06,3.2284743284625166,12.86601555050331,3.5864489932837715,,0.9849032511901418,1.3737964133714489,2.032919482419918,0.012052537447096187,4.490695199528604,58.08030311881958,370.2154885739303,1.030814287040187,34.2792253127399,0.12551382894333868,0.3711045724301851,1.0000181051189507,,,0.998705246848757,,0.9945589945732796,0.9982789358771004,0.01545265755611767,0.010023862648491434,0.009960920694402107,9.18587559403334,0.21027412428526543,1.3380898528384961,3.3324760841012613,0.06737253948015438,0.581033018549616,0.1712979390079834,0.10764725085564922,1.4374366059486816,11.149002358468843,0.04453621185475499,1.2518397510696229,0.5163673618351212,0.025709677176871285,1.5847104585723961,8.095428323173765e-06,242.19201745998205,,5495.622219233981,0.1645529425230972,78.85730092526428,0.20748007560796705,0.6208434996889882,
2026-01-30,,,,,,,11.63563033769275,,,,,0.18010615087817325,0.9996207472823513,,5441.904385962764,114.69805225229696,1.1123670933826286,1.0000524998259335,,0.0028359291192662107,4.751451940606365e-06,,,0.998588967654724,1.6122051821910197,9.588681158359838,0.11253186517740134,0.0498312576615709,0.0003538100212459229,0.1321418104940545,0.2078691522427229,22.65,2.3529862534369257,1.7735541085731354,10.97348,0.9978151257129041,1.86625796862196,1.024187,1.8158998046157082,0.9997020019703808,117.8829797223508,0.29479739132012595,555.0154504523001,1.3780921440672507,4.562122562408152,,,1.0,149.90489925692097,1.1127931844327974,0.842317297235333,1.7867114806284568e-06,2.8663863260026234,11.720543942258198,3.4757613499995816,,0.9365776925973207,1.258750942997712,1.8782223953341723,0.010559064703455806,4.0835401339184365,54.46886023795728,353.00627185518937,1.038966057292253,30.739629669727506,0.11776119728284205,0.3459311038736233,1.0001034288980557,,,0.9986282572111022,,0.9883412692452902,0.9983943904673714,0.01565027173473331,0.009113907120013694,0.009501137355125555,9.12874294105477,0.19915478698477132,1.2879758672111838,3.20376058300343,0.06499439121181591,0.4766441281814355,0.15811253989496216,0.1017126011656768,1.3417467234784906,10.648073350229033,0.04415022715996348,1.251715902128963,0.47386782743762484,0.02592372162649703,1.484986759349291,7.609010480436302e-06,224.02214360555504,,5464.8266551996085,0.15761918641976633,74.19475857846525,0.18892383402285237,0.6994398710262114,
2026-01-31,,,,,,,11.202844466997679,,,,,0.17996075921454036,0.9995964444743249,,4892.403667120859,101.60598851391372,1.1124920634616828,0.9999217920219139,,0.002811821635497685,4.641254770577882e-06,,,0.9986982110354896,1.7168494312070413,9.28672429136527,0.11177644301875465,0.05104873666668908,0.00040634180684097235,0.13029254006269547,0.21168320806429777,22.65,2.349852707247433,1.7228474251486396,10.974522,0.9978234924680002,1.8122338347520979,1.024439,1.7422956924566955,0.9995492910309199,117.47753461829744,0.294101753630644,553.5129840913953,1.3212181168300055,4.399827112071755,,,1.0,141.36529284798843,1.0961513198928554,0.7782156522874223,1.7821069822083432e-06,2.716714703585418,11.435102516985232,3.4389415276879975,,0.9243656800990134,1.2447111536499054,1.7765991704396482,0.01051507288860698,3.996888298077111,51.02894156902399,340.08899962142544,1.0429857029716814,30.575865338312077,0.11600562831965898,0.329601878221352,0.9999928350474903,,,0.9989240195648031,,0.9923707186657243,0.998090509291905,0.014805215650313027,0.00888083698030482,0.009415516894801345,9.14490459685098,0.21075190118831855,1.2804723922313677,3.101634078478322,0.06373195241499931,0.4666147705702286,0.15469852127412353,0.09892502884713701,1.292789671812361,10.432145890794663,0.04175040291991016,1.2401353222319158,0.4626504984392478,0.025173439767931786,1.4873996139743406,7.461315277213667e-06,231.31571378327087,,4918.38757402544,0.1542010196935951,71.8171977503963,0.19251417095866605,0.6488809024932721,
2026-02-01,,,,,,,10.301599445998283,,,,,0.1836510322959064,0.998707635939645,,4808.364968010982,90.6000560337765,,1.0000704436465906,,0.0026925175168540645,4.156465545513731e-06,,,0.9988541566368426,1.5648008605312067,8.501820188951964,0.10375575989112974,0.04037869158353111,0.00033091475991321273,0.11640971620943477,0.18694889550038396,22.65,2.1540155060907393,1.6004591501686767,10.974522,0.9984581207121055,1.5974401157963725,1.024439,1.6552424823604273,0.9993158126585323,105.49281488444598,0.2862380397201572,508.03288147713107,1.215683046805116,4.069430793561665,,,1.0,131.40497412766274,1.1129923049439971,0.7320810172333791,1.7330420981812564e-06,2.4206660114371576,10.424945971070274,3.2171236201489912,,0.8571156432484971,1.1033578370553088,1.614013272161755,0.00939945108901241,3.6205323321165244,44.21032471338349,302.8210736440217,,31.011429480587715,0.10445081522295535,0.302206331426236,0.9995905977446377,,,0.9992098067506835,,0.9938703982566912,0.9985453340763151,0.01361204870174448,0.007834821569600667,0.00987652872024107,8.777906607239952,0.1996030009942718,1.1753036101801273,2.817560559596985,0.060840747832116814,0.41407045036102064,0.1395306181430178,0.09321913346658865,1.1700832455926926,9.34500761993917,0.041326829139807376,1.2401353222319158,0.4178278327752194,0.02252906877902888,1.3713358994772717,7.0233203920992185e-06,210.7773992421331,,4822.468343906644,0.13282860544095199,70.50357151694278,0.17682477356995815,0.5823050078309233,
2026-02-02,,,,,,,9.917192641310882,,,,,0.1757923736317083,0.998986235463881,,4741.399000082566,87.79375167314797,1.1132483194189624,0.9998679350920445,,0.00255203313237886,4.178603759315912e-06,,,0.9991581810864036,1.521109450189938,8.1673304244644,0.10286057353052437,0.044256534455275755,0.00032281083654055897,0.12359127639980577,0.18694990316096965,22.65,2.1919915214871644,1.5683935591450062,10.974522,0.9988247159474156,1.2398786914919933,1.024439,1.5996883634199979,1.0000126117611612,100.881066130847,0.2846649426595124,517.2448760970109,1.1728098351895928,4.004596420163989,,,1.0,127.33558313321451,1.118096196858351,0.6859914188060124,1.7395859480262672e-06,2.376579725533653,10.651760343834864,3.0544735719396403,,0.8167947368587419,1.1273572735777015,1.6457407590664803,0.009764288503753868,3.525667980359632,43.92060872147948,305.2244689931201,1.0205807912091878,30.628967329892927,0.10477647848500825,0.2962459112928537,0.9997994491328899,,,0.9995499450221713,,0.9940083882181018,0.9990924745111449,0.013789602457696686,0.0075641507360809405,0.009735272624126738,8.395652808771743,0.175115235659895,1.1442202985520475,2.759674161285695,0.06116606744771482,0.3890236031884724,0.13480816905945472,0.08908121103334804,1.125273687560348,9.277287049547992,0.04161814260491252,1.2398487338989421,0.411598450470064,0.025515405350996216,1.3706169415545602,6.896103579751159e-06,192.6929430446728,,4757.4816925078885,0.1302588616310939,69.31454505894638,0.18489096601182087,0.6265760934273573,
2026-02-03,,,,,,,10.179194428304907,,,,,0.18823597672050624,1.0004142125236006,,4775.280277319207,88.86141873687752,1.113442251346755,1.0000410123269865,,0.002400037203632942,4.261190211115569e-06,,,0.9993590870059161,1.6066516828726847,8.350065210380414,0.11384083627319053,0.04145784122346905,0.00032331892203582314,0.12342784639652792,0.194718863539823,22.45,2.2200327807122417,1.6364869231460295,10.975524,0.9991122922390161,1.6483801688095912,1.024439,1.6256767356731507,0.9995750848728341,104.39215459693564,0.28329135661449645,540.0758706713698,1.2010937318072115,4.0824827595430895,,,1.0,130.72740053505856,1.1106005335202653,0.721523708775714,1.7459880956543696e-06,2.281053750555634,10.88708392078641,3.099693183198827,,0.8341835167083603,1.1595346117949124,1.6832267063464579,0.009780171146899873,3.6603670649765987,43.71878344139334,294.3371720291467,1.0333535663554405,33.252054627234884,0.10823641747688934,0.3108442637477719,0.9999749740216498,,,0.9993500011512745,,0.9955546208282925,0.9990150941425042,0.014368154526937878,0.00782488887413395,0.009507121281451012,8.561491454727463,0.18119038457764555,1.268565946152203,2.811068969949791,0.0628277601697695,0.404817210786919,0.13665805207958046,0.0935549777339943,1.1710975791974274,9.649700416443878,0.04213741097634701,1.2345251200222758,0.42926346397750265,0.030333233033042153,1.3980811568125904,7.122251862584236e-06,215.69988973586305,,4794.379129491573,0.13048296306259569,69.90452558257164,0.18566370164890594,0.6323532396821882,
2026-02-04,,,,,,,9.90988750734141,,,,,0.1803380953344764,0.9998709004259219,,4936.51209994532,84.00932886182355,1.1131384669451383,0.9996900515339632,,0.0023914538921306,4.122626920429824e-06,,,0.9988079203127022,1.4770587993980866,7.9986981199679485,0.10791649813369693,0.043389600858064474,0.0003072957224941231,0.1254210353484744,0.20001452978609566,22.45,2.2154359534996453,1.5959517459197474,10.978642,0.9986668545015718,1.6574185083877522,1.024439,1.5829643682651893,0.9993740805866026,97.6309479602485,0.28584876411592813,526.5142421577325,1.172296708592442,4.011067024454413,,,1.0,127.46738627147579,1.1172437794806689,0.7106607562760878,1.756981182452484e-06,2.335963796897535,10.597164932972227,3.032126870733086,,0.8258926380346945,1.1547636829442283,1.6607245723403212,0.009768937609484033,3.5742634153952126,41.15579401085837,270.75632632463027,1.0366525304051617,32.52273053826868,0.10597676645107476,0.3055042681667875,0.9999583690452463,,,0.9993333586697248,,0.9942365852923566,0.9982787213597976,0.014792957823185956,0.007422823005912699,0.009008222469383001,8.855333949780272,0.17820152535022935,1.3002354695301244,2.754687883863214,0.06157221551079518,0.40473788651956094,0.12951915488711715,0.0909714912946223,1.1311951301081336,9.453068379552253,0.040852783273191265,1.2363799850648922,0.40800199123212494,0.026635083823098746,1.4271190752074108,6.900352173820971e-06,213.84718188920314,,4955.54074927138,0.13499191417067072,67.89901783112197,0.18756022826759397,0.6171157824627423,
2026-02-05,,,,,,,9.764805136896713,,,,,0.1759493082576304,0.9999212530604009,,4992.097892316793,81.4386101886361,1.1126286635819076,1.0002046955320645,,0.0022583871556460466,4.213062478350093e-06,,,0.9983911836595011,1.5755689810546853,7.578512878285103,0.10829163206775728,0.04163181419722315,0.0002830812412636085,0.12405961829986877,0.19596691786666132,22.45,2.146663444567661,1.5668959961053979,10.97971,0.9984547213761777,1.8304704511456353,1.025471,1.517858947387863,0.9991919996214949,92.0568681732404,0.28297881817637954,532.2825649972431,1.1578888695300331,3.9611241124240286,,,1.0,125.8490197755699,1.111500313364121,0.6986250027446123,1.7611300788341146e-06,2.259568176849152,9.33604537270581,2.99429829860444,,0.7809633655892382,1.145528472060433,1.6189678612394003,0.00972122159506222,3.5038244273026855,39.372301433272696,251.15831874118732,1.0056220214100497,35.43271689975024,0.1040946533683075,0.2997980075883229,1.0001546569625566,,,0.9992558049270351,,0.9950999164766683,0.9977298967578504,0.015199737208643121,0.007317535303568508,0.009315265525022848,8.853612672373492,0.17120020326715063,1.2473108898950387,2.7574791222961905,0.06111362608982359,0.40259844582497495,0.1275057396276621,0.08985393036189056,1.1025392834766616,9.214874286588335,0.04067750227999871,1.2349662349556132,0.41917292408540074,0.02566599887233475,1.4233313732194315,6.87086613928832e-06,192.14647887140782,,5023.8513573586915,0.13346937095903197,68.3600739064712,0.1903701071085258,0.6378953002275354,
2026-02-06,,,,,,,8.212594772621104,,,,,0.1622807855964331,0.9995328477047378,,4651.395755300183,68.19553090030345,1.1130489710940157,1.0000858915091384,,0.0020118488196082572,3.450722551321082e-06,,,0.9984747194637643,1.4410601285213136,6.498644328919285,0.09157710338922048,0.035223205962263096,0.00021484696482399496,0.10232477764320891,0.1627458627057938,22.45,1.9276461465519428,1.2975268938075517,10.98075,0.9987935507913092,1.3691789465027806,1.025616,1.2133346953655288,0.9991429478147356,78.40434132437782,0.26927295576111904,458.4374973652003,1.059360878018064,3.300811727463406,,,1.0,102.7914306114686,1.1111364223376778,0.6016629979420824,1.634150212322516e-06,1.8324010246662612,8.05883890290994,2.6676411873142225,,0.6843319011685545,0.9367823705911806,1.3687414264535718,0.008249815040163132,2.9816095033747474,34.04647101628405,206.2654104807623,1.0024252340427855,33.00745417128386,0.08867966429787093,0.2540631949915062,0.9996104618833752,,,0.9997104814902069,,0.9949203378101661,0.9983619334790014,0.011821884477497758,0.006004531562291383,0.008766740187190272,6.8175705516573855,0.16493777954504935,1.0730655178564932,2.3420097788017187,0.055857102408525615,0.40037292529796514,0.10756235954974774,0.07976455738450428,0.9010391403769676,8.165330716774033,0.03923235027789155,1.2325634807434778,0.3175678604583371,0.019865897078074016,1.4496938196798206,5.844880179456406e-06,175.9895060868291,,4683.935198020017,0.11140525645187216,58.178113580626416,0.16497562948866248,0.539072003944332,
2026-02-07,,,,,,,9.13441236454067,,,,,0.17480280110385543,1.000384501262119,,4905.402084684465,75.2475765557751,1.1140394179906543,1.0003069886973381,,0.002158889911639135,3.9090233592811505e-06,,,0.9995882154225052,1.6635806662896593,6.99382432640005,0.09633628881332233,0.040086723419274724,0.00021974212629884284,0.11100180467469822,0.17420931426184738,22.45,2.107272313057043,1.4583110870426816,10.981779,0.9994250898772458,1.3801416065998184,1.025536,1.461711815305451,0.9998482478764145,86.97764557641793,0.2737934162613598,520.5123453261575,1.1661037933426175,3.667044931091423,,,1.0,115.25429282414986,1.1004154117312663,0.6459913558691602,1.6407494550048975e-06,2.0724128249439024,8.811163803666657,2.7223761748570308,,0.7773317624875182,1.01919440644974,1.482939534274572,0.009199156652696468,3.278980927837413,37.706224661940205,240.10382987141776,1.0288241415077244,32.39648840711919,0.09832994304502563,0.28323610386936093,1.0000476414285382,,,0.9999159537832579,,0.9967436275209814,0.9994957771755142,0.012134352629390194,0.006720896589306799,0.009481936364143899,7.905583498776554,0.1784245198978661,1.2195866067890855,2.5769868591398595,0.06362223500880176,0.4354447217359165,0.1191813978446946,0.09118869490167313,1.0248847765977112,8.635464076493282,0.04053037524021047,1.2368588986055307,0.3535103536207527,0.018390875754372038,1.5607866274003412,6.49435260746311e-06,185.62597789495592,,4938.577424937308,0.10744040840655994,66.77556540528272,0.16728026081815373,0.5719005741418342,
2026-02-08,,,,,,,9.391481104934801,,,,,0.1679619023364941,1.000361914688442,,4953.975905829947,75.72563230896274,1.114100278657652,1.0000807488780359,,0.0020942335236792987,3.876053586618052e-06,,,0.9995058234842584,1.6222054865537987,7.116942611533034,0.09747350199650848,0.04735956107989828,0.0002009552104450173,0.11941184696095355,0.17908173245244227,22.45,2.184629473533749,1.4367689614397836,10.981779,0.9995499357404464,1.112216700653536,1.025536,1.4284174751103542,0.9999607103272155,87.54346373381755,0.2780795990948686,525.9741825220577,1.0728059551003424,3.7414175472621474,,,1.0,117.06540101157833,1.103278650022575,0.6441378355331582,1.6698879823898612e-06,2.0707606648076764,8.776207746844321,2.590616531742344,,0.8241528509614927,1.0637853516125233,1.5118369386473034,0.00976067968510002,3.279853825125133,36.58572438644393,239.79144079514163,1.033576075743755,31.476445301489726,0.09858906497066085,0.27967739238923583,0.9999675980969638,,,0.9996001804836646,,0.9963872813715823,0.9995600858273148,0.015280530251922013,0.00662932112636431,0.00931264427870445,7.7856048654057854,0.16177710377525603,1.2380424375600039,2.6218242486627807,0.06480506581767735,0.39329558366666245,0.11926043239674089,0.09040684989650911,1.0248108411007049,8.730287728209541,0.04154013527191289,1.2368588986055307,0.380195505758026,0.017148341871885433,1.442719654673366,6.5368503569943624e-06,172.1825307363532,,4988.994212636703,0.10156821192160213,67.92969733238111,0.17513043602884734,0.5875268307126421,
2026-02-09,,,,,,,9.776742952964934,,,,,0.16935751407843022,1.0003171506366475,,5011.14730164045,75.92368673323307,1.1146773525708327,1.000030354940229,,0.002088147329169235,3.8068949100166483e-06,,,0.9994450384314268,1.6187472064174222,7.027380800898923,0.09562824642141907,0.0482095715712525,0.00019812435737069024,0.13055150905544743,0.1766601809390096,22.45,2.2487058292441704,1.4644310036537527,10.981779,0.9997157413357813,1.0712972313334777,1.025536,1.4411870773919397,1.0000734074990352,87.2357989380757,0.27801275594389085,527.5179759018412,1.0386945946062054,3.816447995689454,,,1.0,116.60858280024297,1.1066892317950616,0.6434273252002642,1.7058061883385822e-06,2.1280446012410863,8.577373901281408,2.6309813653310226,,0.8361482182955615,1.0648242257970526,1.6012180341231035,0.0103348236122123,3.190333921471629,37.0362126154871,238.84276716585214,1.0206875565915643,32.478944414240246,0.09742249180687622,0.29686857571324227,0.999846928727767,,,0.9993453813821199,,0.9963108042196901,0.9994303430726507,0.016433772485936606,0.006513289591708674,0.00917967017360178,8.322590108786246,0.16162051817646622,1.2793672579647668,2.588705145555726,0.06749794383313303,0.38481366210957263,0.11553687493969433,0.09191346183339678,1.0038177420103511,9.323318543785128,0.04216229238331366,1.2378360606103613,0.4209401962368808,0.018656542248522767,1.4477172977345039,6.48749684381405e-06,171.03280627618165,,5039.377956261785,0.10509931647986827,68.91924280175324,0.19350349416647405,0.457518539683496,
2026-02-10,,,,,,,8.84591504122659,,,,,0.16522510190675457,1.0000942231070675,,5017.405651120224,76.12902645682985,1.1146803314743157,1.00034961714556,,0.0020039390994059467,3.819386371011197e-06,,,0.9995362193794946,1.5490337413182667,6.9843083630086795,0.09454843740733987,0.03160270021568009,0.00020062647212490173,0.09603364189942429,0.15239809873464388,22.27,1.96051006627513,1.3550086623046094,10.982892,0.9995951154266847,1.0430534389036596,1.025754,1.441585913219291,1.0000736967883295,86.80274713927635,0.284392954042498,533.315630088717,1.0309176375076599,3.4936718911371125,,,1.0,112.793442637272,1.121762742120894,0.6462145085743151,1.6668175883470043e-06,1.8599043930306647,8.604774816587033,2.5746677095428807,,0.8357330608808312,0.9396393397196455,1.360427555277599,0.007935286278931834,3.1574760417722336,36.536028265417954,240.37562087361292,1.0340480527861176,31.353834775871015,0.09630496900526665,0.2702959892230026,0.999797905068914,,,0.9997721771418566,,0.9964662079216561,0.9994314986513311,0.009618207407195161,0.006386790810087644,0.010315624543367851,8.571456023028746,0.15991013297979279,1.1584658371265846,2.4283356540649224,0.06967660539938923,0.38964547038264047,0.11337322516805047,0.09216035980189677,0.9638458331035874,8.434427559316786,0.04304000079582448,1.245969978692252,0.3126742200457672,0.020308038780042465,1.3612949794532347,6.1160641444515144e-06,159.52048206174734,,5042.541006108531,0.1098684251391869,69.96745145415485,0.14161841742830097,0.44824629814177713,
2026-02-11,,,,,,,8.572776178730829,,,,,0.16983928498827913,0.9997225297352408,,5012.563443191779,75.79019141003974,,0.9999065952262559,,0.0019156402273490358,3.657181661746849e-06,,,0.9995073871122577,1.471186299523574,6.941469500178425,0.09128771036229245,0.031078511918430213,0.0002092967712069716,0.09178991615069564,0.14261971137435556,22.27,1.9241923358821758,1.299055957215683,10.985946,0.9998314522549115,0.9917715014321565,1.025858,1.4055705614431524,1.0005628539509621,82.97679507645698,0.28428941755219295,524.215070332473,0.9936785533952045,3.363494870743604,,,1.0,109.43585433926464,1.103338433976353,0.6321069161825013,1.6757175772270944e-06,1.8218411611231395,8.333376911154438,2.412696626233067,,0.8312805044508175,0.9028231504441294,1.3212704034403537,0.00769303722724161,3.046582101424992,35.245290808924025,233.84145783583136,1.0326734577013965,28.84297649273566,0.09287013124734021,0.2623519618170392,0.9997233447996995,,,0.9997352190556346,,0.9949543979904657,0.9992646136019392,0.009554883898261134,0.006168420570127438,0.010106262019373213,8.712410645826818,0.15895364016257238,1.1446172710760973,2.399111759580884,0.06889565289147487,0.38042570733100006,0.1102115038571943,0.09085383658766367,0.9310750130407204,8.071391730708427,0.042472503891454044,1.2444171271506423,0.301833813744734,0.02349444773265089,1.3387356194405664,6.027596110711374e-06,154.4226562309842,,5042.220813929797,0.10741344482322694,68.95902361959624,0.13711294665515597,0.43457638635662815,
2026-02-12,,,,,,,9.032979647627535,,,,,0.16240937091275173,0.9995682370305377,,5028.213025961605,73.08028114341342,,0.999947546004268,,0.001849206089050496,3.599818076685085e-06,,,0.9992164544102241,1.4182099708359572,6.828571873461041,0.08907362021407461,0.047557536282966495,0.0002106882636532035,0.11799984565790507,0.15371447005715128,22.27,2.155383816537228,1.3596884900338602,10.98695,0.9992417137984914,0.9299528937077229,1.025622,1.3841745099158949,1.0004511389769872,79.55930152154403,0.27828195920109006,516.6752964307213,0.9635333674620984,3.43316269700197,,,1.0,110.81045710185576,1.1061943881237426,0.6175522092137415,1.6993755438053084e-06,2.032020108600271,8.155378346042282,2.347913849407379,,0.8401444194572854,0.9977840535630362,1.4744755425193679,0.00970921127006137,3.011481387546562,33.77733999443369,240.2126640943998,1.045350562415912,29.447503418388933,0.09185182294008681,0.2726468815426217,0.999762175938115,,,0.99999868725042,,0.9956577514721796,0.9992064397750341,0.015365419552915757,0.006070915631530185,0.010085803181459152,8.39786173418975,0.15508171446109154,1.187733830474723,2.5405098019517802,0.06577740379729248,0.36501469276516585,0.10756034479239705,0.08985690370215625,0.9252223513398421,8.698055031294375,0.04171376764337383,1.2425812562987653,0.33523588993220677,0.022787091962689143,1.3606988137511258,6.205464414035363e-06,152.22421848168943,,5068.327742535054,0.10270793010639262,71.199550292577,0.17127748637297344,0.4431263569697381,
2026-02-13,,,,,,,9.375457706902553,,,,,0.16414217392509564,0.9994651409053594,,4896.421815901974,74.40687872390001,,1.0000115662387044,,0.001924184610829063,3.7469503086589904e-06,,,0.9992948066429974,1.4279266542858897,6.964424092090905,0.09628644664066063,0.05097386444125734,0.00024864469380932056,0.12560179327510557,0.15318663323318069,22.27,2.218478762451928,1.4095938100951992,10.987971,0.9996365534225667,0.9258828737631216,1.025622,1.3768617985796396,0.9999736727520292,78.62969332713851,0.28011090178949494,504.66939828126823,0.9642164830742359,3.366929381052685,,,1.0,117.4094549809234,1.1014997851032984,0.6145648604780974,1.717915850546526e-06,2.1359111053116653,8.252668951557181,2.3803503139101623,,0.8392630469338486,1.0323653350722801,1.5640098934988582,0.009868939817313023,3.0535126692844083,34.199073893063016,232.98228702201757,1.0411847466148534,31.150896286087807,0.09385536757388702,0.28318695678980643,1.0000676692666655,,,1.0000494839040406,,0.9966744666331301,0.9991457918098992,0.016185105670097913,0.006346609755052148,0.009889029981191627,8.32012114599206,0.15662344378906928,1.2121705015388442,2.5332245108885054,0.06680073419900992,0.376422815580393,0.11058561278408491,0.09397527752321766,0.952059311530827,8.847830125192951,0.040271286517879985,1.2425176850401178,0.3355412056502879,0.02331799083217482,1.4347176534080262,6.343676430109881e-06,161.22234796304494,,4924.388095944117,0.106613830615758,71.60200311922023,0.17804715260487214,0.46200365916912184,
2026-02-14,,,,,,,9.725007741882992,,,,,0.15780015507105202,0.999545268137959,,5011.62203114938,77.18311741757722,,0.999966447524032,,0.002087314672311543,3.8093913380046943e-06,,,0.9994421574663344,1.5988679365637082,7.0732755894030355,0.1006070598423266,0.053667324573045225,0.00030799342614072005,0.13061295117987998,0.1621566640841102,22.27,2.364585173822214,1.4639756519759979,10.989018,0.9998563270440382,0.9443024678422792,1.026106,1.417330931274759,1.000155539733143,84.45790130055087,0.28212228921927035,563.9887904289154,1.023126511173119,3.5639654317362153,,,1.0,122.11164668416421,1.0918598297285533,0.6390586891839335,1.7448985194422097e-06,2.9796263049353566,8.542237728215541,2.3975851416584253,,0.8792482287673977,1.0671338244158726,1.4745110468376268,0.010278801259781572,3.1076535208668643,36.92239490549324,266.6353013227102,1.033918358114894,31.612544722001953,0.09746271716530182,0.2913469827116145,0.9999584139626688,,,1.0000368851102175,,0.9967189569344888,0.9991529724100593,0.01673651716132116,0.006662868783517492,0.010026518664197999,8.399212321683157,0.1645946756101003,1.2571050839942999,2.6005073248780626,0.06910020696389346,0.39068886080468784,0.11450328715077039,0.09958126601851779,0.9943682740096594,9.113850814370712,0.040917721529541,1.242749215128873,0.3701685271044033,0.023523692677454952,1.491407142468525,6.611844863640108e-06,182.10202098704795,,5043.058991847115,0.10434450992130238,72.38250085439604,0.16175093646046593,0.47313763046491225,
2026-02-15,,,,,,,9.961966890946597,,,,,0.16599566683338518,0.9995735387173369,,4995.328782870397,80.65103323094085,,1.0000212368873764,,0.0023275640637258677,4.852926480381347e-06,,,0.9993920768442379,1.646642543025284,7.272750785765383,0.10952417352541469,0.055279876491709096,0.00029203869622887457,0.13068336066640543,0.18080494953556644,22.27,2.464015828123732,1.5714076808298751,10.989018,1.0000230369743484,0.9905931358309792,1.026106,1.5206965881596475,1.0000202625128272,88.16311329534221,0.28246897672914323,562.662989824784,1.0842730918666117,3.768503656513361,,,1.0,131.33599956973148,1.0816401447802941,0.665249054320594,1.8144126418155684e-06,3.1889281931037785,9.015250188935825,2.4551903296709976,,0.9079647102704161,1.108571010364887,1.5493751165807004,0.010520386644999942,3.2746712172350545,39.975769986026165,322.99461591106416,,31.879088218776065,0.11148575337452976,0.315784485076404,0.9999235819546576,,,1.0000464001295195,,0.9946454686622007,0.9992127984717049,0.017041392911745865,0.007881329270576552,0.009819643682380726,8.554625022365,0.1743937272035177,1.4274553016115161,2.6788883437228748,0.0704231043185442,0.4232013983317029,0.11959577425159454,0.10399853231820999,1.0544730152279431,9.680743482364448,0.041536690340191765,1.2430103595079294,0.38409788478114915,0.023072057440628974,1.5393914405674596,7.21469884713613e-06,192.84494548943516,,5022.551536119108,0.10763370651849719,76.81045392029549,0.1806581954185234,0.5038319859346153,
2026-02-16,,,,,,,9.586866756643234,,,,,0.16178270572969713,0.999489372210119,,4992.3685177198195,79.36477979017387,,1.000109873225025,,0.002202921347140582,4.428844681661679e-06,,,0.999308220527625,1.6636534256700748,7.1468174165771385,0.10800523329186006,0.054555878662306254,0.0002735901782125986,0.1268371738162964,0.17410709640162478,22.27,2.380417532384601,1.509999910755643,10.989018,0.9997858413155419,0.9378521699394322,1.026106,1.4930275577193792,1.0004405696241794,86.28536644166955,0.2805867938063481,554.2882604728542,1.0546847665722143,3.674473756830017,,,1.0,128.30926810623674,1.102560702590977,0.6285807462717029,1.7827223156612556e-06,4.462106747297498,8.74819492796519,2.3886538898489538,,0.8786486669335439,1.0515936841501283,1.4908642685934264,0.01005990234541996,3.1472245191934114,37.31927831655492,297.22242812331353,,30.752583550060486,0.10292222857296192,0.2922124367181558,1.0000125330891645,,,0.999986082671978,,0.9960284390621819,0.9992758815440945,0.01583712607884818,0.007088341521499364,0.009874598660253591,8.387065270030941,0.17091895422429218,1.3873122645500997,2.610842897815258,0.06658474497578006,0.4018146499758607,0.11386731754932909,0.10090481809982033,1.0063478691935133,9.040584136106235,0.04104185923172237,1.2421668307845626,0.3756476353605799,0.02544077230778892,1.5147655829100495,6.753954953283497e-06,189.90835047931117,,5018.6722882754575,0.10124080859536613,73.14345267619309,0.1807433897454901,0.4715098364791,
2026-02-17,,,,,,,10.030106822369428,,,,,0.15979682917744054,0.9991136157848352,,4966.852354217037,79.83309095201147,,1.0000045822209662,,0.002215137111052415,4.4886939748808154e-06,,,0.9994592621621335,1.690373398383147,7.25289232537679,0.10828979839613137,0.05773996537309963,0.00028591048913051545,0.1294522034562699,0.18151240252175424,22.27,2.424728652624536,1.5350436352288814,10.989018,0.9998510702172252,0.9323656103036504,1.026728,1.4990382978991095,1.0006812792753894,86.5771448069784,0.28445641113124104,569.1823686984994,1.0583777753949617,3.818953907609237,,,1.0,129.5044582575604,1.1135338529623495,0.6469261641413261,1.7534292239424809e-06,4.151383700840069,8.839409811879637,2.4091235588719155,,0.9043947098254874,1.0998905758129072,1.5858159671687668,0.010650458920691133,3.1646525783604824,37.865067358264234,293.6312993196379,1.0177156600493271,31.280745838674928,0.10154177625424722,0.30785509644172687,1.0000130383193144,,,1.0000859283343386,,0.9954851575452248,0.9992882699120887,0.016915335274806084,0.007317790996745294,0.009691133894327948,8.431928419432117,0.16978239659647543,1.4126923560050841,2.6499281362604883,0.06712418304317565,0.39920953736993253,0.11434827143911586,0.10245452052070692,1.0235721647814273,9.43588902906939,0.04275307807029176,1.2407219787108235,0.40810469308025826,0.030117398246492615,1.486616555411681,6.815310363372522e-06,199.62348103538025,,4996.619020746321,0.10078487377615934,73.44483814773585,0.18292398817774952,0.4816884686665852,
2026-02-18,,,,,,,9.997558025779144,,,,,0.1658231479724835,0.9997087372123757,,4845.662117707498,80.08847761598976,,0.9999972257770646,,0.002204993436018734,4.417957480358511e-06,,,0.9996142893898098,1.5904419727162615,7.214001527413657,0.10873462918088962,0.056874521003871435,0.00026923516900567013,0.13060079129852026,0.1763077235591012,22.86,2.4208051305331404,1.5380312809875638,10.990051,1.000061458662705,0.9218034385760498,1.026728,1.4884442449776467,1.0008429806157215,85.34355742185454,0.2821556140974357,563.7740744487603,1.0450133824997296,3.8190335830928404,,,1.0,130.53018466520624,1.1040443842650491,0.6351111908559008,1.725211261755919e-06,4.303223247336113,8.69767068881956,2.387623793568291,,0.9139130737384163,1.0975681749518993,1.5852330217540664,0.010510559060930335,3.100917741113833,37.079805513057124,295.83975172694244,1.0317588475096764,29.58275553460008,0.10140935437336286,0.29687259620143835,1.0000423121582105,,,1.000007576628687,,0.9954317288324688,0.9990082121140305,0.016807176775224912,0.007178625006391052,0.009923960860780253,8.658440418688356,0.1661895916915395,1.5383700016358997,2.586992045537681,0.06291353799130707,0.39316432575521776,0.11188917460151458,0.10300656706716996,0.9993820973079977,9.228245401125346,0.04240262134839795,1.2409787338939826,0.3972453329429958,0.0291976726306981,1.482909839784887,6.821116463817076e-06,195.75953982943852,,4870.342614171104,0.10830280397336993,73.87996475159323,0.19684803458519495,0.4784119900120773,
2026-02-19,,,,,,,9.796994750458978,,,,,0.16563360174792285,0.9997271417591773,,4946.44303562653,77.5226826817969,,1.0000178848398948,,0.002011955604313955,4.252183427478508e-06,,,0.9996040749559556,1.4483298389236459,7.084415859072023,0.10784106420388402,0.05535912601664249,0.0002525654765492581,0.13160398779953333,0.17165528405111746,22.86,2.450738704988034,1.513916658692528,10.99419,0.9997559635483094,0.8817260198606863,1.026759,1.441114568480857,1.0006838874571893,81.75815785366494,0.27871911655605136,558.3753221339509,1.0154389118033258,3.669479561994444,,,1.0,126.02208226666075,1.101848143885102,0.62221734780368,1.7289222994822834e-06,3.6791915063932854,8.445574893647153,2.3520490783113708,,0.8861363858527856,1.0943313120759723,1.5029131840920686,0.010311415885421182,2.9827823648322305,35.273493921408935,263.1291845877087,1.0321048196378386,28.686749208231664,0.09939159633289577,0.2885123934462254,0.9998054468188502,,,0.9999222724052571,,0.9964056937667338,0.9989290269336856,0.017588531550026973,0.006801148150847055,0.009694790817519686,8.510944720896177,0.16142431637737883,1.508282817512071,2.441323407739938,0.06600908214610487,0.37434014167426727,0.1072192167715993,0.09985939698372474,0.9605246334043853,8.541458451291614,0.042324360438879674,1.2343512953111353,0.4200928892089575,0.02812243278461227,1.4706137064842233,6.669134296285459e-06,188.70106572398484,,4973.146083161813,0.11891800875618462,71.39673898670603,0.19499836911444612,0.4636979748286485,
2026-02-20,,,,,,,9.781476061281642,,,,,0.1591822790649858,0.9991868053636707,,4972.90121491744,80.26044213460064,,1.0001448842714826,,0.002067393791326891,4.2619682509558e-06,,,0.999612349086297,1.474689728798615,7.05830318366483,0.10488246489942737,0.05502291071103375,0.00026088747861114975,0.12247804786762453,0.16621748349785162,22.86,2.467186742439271,1.4775181640843906,10.995223,0.9996971833678007,0.8706803448126347,1.026844,1.4225004956108944,1.0003640463090242,82.6525984959415,0.2850770120156951,559.5039481479392,1.0047900494306328,3.6403058004893816,,,1.0,128.98654816671112,1.1020207915614009,0.6233014558253623,1.7422562463494796e-06,3.722552331565503,8.277490151008736,2.3458084606828664,,0.8982597613966714,1.0477676589207705,1.4774266283584134,0.010006393939549076,3.2517498742627837,34.39661493413187,261.4990630497535,1.0292686082312181,29.07715346548553,0.09908842197708821,0.29073080388098227,1.00001982617437,,,0.9999874630720639,,0.997147092394778,0.9989576694132214,0.016924333288034662,0.006656084337013082,0.009774241838827281,8.62985701821151,0.15907962805226292,1.4535229513592993,2.3697165181810638,0.06406300776310565,0.3685212972394852,0.09721003102649872,0.0984343668562663,0.9690179612156146,9.26925032678889,0.042010112555229816,1.2324075850243665,0.35614824674108053,0.029120788989303835,1.4162293295086443,6.561745423626873e-06,182.55097195668628,,4997.0276492693265,0.11625358151984097,70.08075094193192,0.18890931786163623,0.45884732783337173,
2026-02-21,,,,,,,9.753755232694981,,,,,0.15853516820325403,0.9992174651919684,,5083.693216766183,79.70495623368713,,0.9998347824507353,,0.002108214868621043,4.281355294406853e-06,,,0.9996194055418708,1.5334628700737742,7.144405248675136,0.10608828541061077,0.050750337631935864,0.00027434300342210995,0.12248399424287837,0.1734474603309295,22.86,2.537439257798211,1.572860164104935,10.996258,0.9993843459162917,0.8869686614855227,1.026924,1.4382554246370942,1.0004625798407356,84.79782002630832,0.28535307309295316,562.4408058063749,1.0532656543528536,3.7275451248239904,,,1.0,118.30250916599464,1.0886074344060253,0.6328805961306645,1.7065108257382088e-06,4.448411533007084,8.779708137239444,2.354349911875823,,0.9141436840942146,1.061131842417612,1.5161298041834577,0.010011123770567731,3.4510207578146,35.01051994331688,258.01952085205323,1.0354021000518046,30.406510571825404,0.10077845685802947,0.30211559314274394,0.999929105481665,,,0.9998537685787169,,0.995809050154305,0.9988479871476083,0.016234948025594834,0.0069452640617510665,0.009605979236505099,8.671986326818734,0.1628862811766947,1.6006555159242892,2.398025055277243,0.06459886519910547,0.38530203224719034,0.09625578651097405,0.10045899631474346,0.9841640593162118,9.26146785581886,0.04340311642523687,1.234725611553198,0.3816906760627387,0.0298487178648668,1.3730331999971424,6.671087269840859e-06,185.40208954341244,,5114.725021202374,0.12126087958672796,70.47098058478173,0.2023896705472603,0.4711914125877066,
2026-02-22,,,,,,,10.089127041156516,,,,,0.15989247995789688,0.9991678541825474,,5105.279935749748,79.0535689742254,,0.9999344914663738,,0.002112579825748969,4.183420734328453e-06,,,0.9995557566698675,1.5216695193120386,7.243823827289562,0.10993690701169748,0.05881926950973007,0.0002671915372211474,0.09205560399277768,0.18640053699654804,22.86,2.5537456436004162,1.5624757621847232,10.996258,0.9993273240782783,0.8880434179538451,1.026924,1.450119642581838,1.0015887389309457,85.4563629671115,0.289117978131382,563.8417189127222,1.0533909154930579,3.6102070813133147,,,1.0,125.401184077472,1.1397213282982075,0.6359743946836499,1.7212555158290488e-06,4.3534151723271055,9.045560242670193,2.3545010497817094,,0.9264250577378671,1.0863185834881308,1.606136242781056,0.010501153663397194,3.7492802908990015,33.74853606112898,258.71557059133505,,29.880547685570573,0.09977881901508175,0.30147295563730997,0.9996656768389593,,,0.9999768717717767,,0.9964309569341219,0.9988841723037484,0.017100731219215685,0.006860656769883947,0.009450668117235266,8.35443015819794,0.16105312819469983,1.6476696277347025,2.3733623798885883,0.0643465243937706,0.3812933013252512,0.09732569855363879,0.1009228475993383,0.9897625807806042,9.846413885890055,0.042661189935818356,1.23394298694138,0.3637642941249321,0.028413099693456643,1.40087597184175,6.837936455932742e-06,189.51617986548726,,5140.802185986304,0.1205047833397471,70.41507109676239,0.21125637742239595,0.4576506432314357,
2026-02-23,,,,,,,9.50308598022103,,,,,0.16001460736030546,0.9989149912411439,,5150.235575209244,75.07243997887839,,1.000049672818227,,0.001902793091413276,3.9551556964668855e-06,,,0.9997833621295851,1.3826183203609628,6.982857193101204,0.10310218870524732,0.055133794928761574,0.000256282834882448,0.08577876591899512,0.1721060024401123,22.86,2.478745448571383,1.501084386170591,10.996258,0.9992433610069147,0.8099771308798562,1.026924,1.3640075553007247,1.0022737244723054,78.74991176781678,0.28812491812868274,542.5587027608443,0.9844278252980316,3.640186259844331,,,1.0,118.57551802067194,1.1011590551415806,0.5873604879469331,1.7059207424558044e-06,3.806859199944904,8.200135346679753,2.258894501312535,,0.8763314383719918,1.0310708796585333,1.5561329929097483,0.009748096673265268,3.445043888045001,31.672867015573715,232.07310606680474,1.0162236549163681,28.11385689331791,0.09378679587062096,0.2830533572769461,0.9999507106400755,,,1.0001006124854,,0.9964502495302635,0.9987155033169861,0.017542612729965656,0.006244684132457528,0.00936060857049471,8.182278891983394,0.15080314023344019,1.5817986082359383,2.2545584005332184,0.06221020191844173,0.3629683768771424,0.08940065242533742,0.09532469122673519,0.9131944489683156,9.334787389964132,0.04241721809972327,1.23894818651011,0.3684154126079864,0.02865920506242559,1.366291290610095,6.349095475926682e-06,176.02334373276855,,5184.330842782778,0.11275676593508908,68.05079223405518,0.18791756142925034,0.42897771265682044,
2026-02-24,,,,,,,9.129069064660849,,,,,0.16230573371212753,0.998954827853747,,5204.092567691271,74.63932061291004,1.1162043944423878,0.9998307718771254,,0.001800362983004049,4.007322840996154e-06,,,0.9996320457775545,1.3876386034060604,6.81953922661376,0.10683079472197557,0.04832056539729618,0.00030445262124405336,0.12249868543612127,0.16702622605184775,22.79,2.3381713033795006,1.4793624671113055,10.997285,0.9993558137801849,0.8167770718330615,1.02729,1.3662311865472427,1.001243692645907,78.26986413795304,0.28173217565317304,498.4684243581868,0.9837237314317641,3.579967773362573,,,1.0,118.15876560337655,1.1040205083121768,0.5782197102772426,1.6606319953465696e-06,3.780857678458287,8.388745580507742,2.2588696489206335,,0.870271025471871,1.004182383302303,1.4343804265572988,0.009853323961203303,3.32897722671692,31.912826202770223,237.562649978096,1.0316309243868427,26.455700169247617,0.09382989494538176,0.27925225266927917,0.9997748590733798,,,0.9990256462456062,,0.9967743972858379,0.9990701020422166,0.016556073372805145,0.006377507344290726,0.009317503441300903,8.02944563362007,0.15198659665768413,1.6141179915455288,2.32141631376971,0.06296364982002056,0.3697285543125129,0.09293822625400798,0.09595317333640188,0.9125183803984199,8.839770429425025,0.0453044333654777,1.2353011940199932,0.36205826606347646,0.02868037613776451,1.3885707232088371,6.414275888333105e-06,222.3299733137681,,5246.399662207785,0.11009654605651947,67.29476272494311,0.19063267289710023,0.4537658389950975,
2026-02-25,,,,,,,9.189328046081526,,,,,0.1600122148198967,0.9997741901214088,,5131.733896020696,73.90078181968256,1.116471014196599,0.999930543480642,,0.0016981839226963185,3.9783186228666186e-06,,,0.9999656898061537,1.43079918686442,6.80311386445329,0.11280967135283847,0.055204909462231284,0.00044601224176475966,0.1256754566669732,0.1696200397757217,22.79,2.2415659564903114,1.462814211783652,11.000411,0.999575103530365,0.8274894039334973,1.027371,1.3582480421774696,1.0004280238140872,79.15515746010666,0.284089722823636,486.20231173145015,0.9672314934392134,3.605983029661852,,,1.0,118.54650477777221,1.1042554331040033,0.5927643002061358,1.656525188202326e-06,3.6277107742695347,8.311538491649907,2.2189192629411845,,0.857773523759065,1.0123185630309783,1.4224067681366532,0.009443126668755856,3.125889472247567,32.24290613111707,242.3239866269131,1.0339091416364659,27.20568538330823,0.09231967445435486,0.27649577220749416,0.9999753570379062,,,0.9999862301842506,,0.9967962664386527,0.999774043881558,0.016820419778265084,0.0064823388898394944,0.009334038227280513,8.561031668847988,0.14983861310818644,1.7495933192867303,2.354413767602019,0.06605392888767592,0.3706345491772651,0.09153042901999939,0.09598189783257038,0.8957314301150383,9.080069841531817,0.04580338074899955,1.2332855691260327,0.3740180053232568,0.029371059577717844,1.3364789061957913,6.3540174290827645e-06,174.6997005632629,,5164.41492561478,0.111244727104637,66.0296052424265,0.1925141975508847,0.4991854585107337,
2026-02-26,,,,,,,9.73337188077078,,,,,0.16903565557715183,0.9997405320241224,,5137.0323717429765,77.21263080495126,1.1181568684558258,0.9999385839024589,,0.0018778909113371814,4.155976133789154e-06,,,0.9999626990052626,1.4614276777637318,7.152264073142884,0.113968097592064,0.04591874545520383,0.00034588800328494017,0.11931424885475601,0.17767883187945227,22.79,2.0682630127937798,1.5585263352475656,11.001455,1.0001580494036004,1.008458461400519,1.027405,1.437975675373357,1.000077304353535,88.07924459617706,0.28526979080938314,494.4156076400489,1.1754188462662138,4.128978172871203,,,1.0,121.60151782539974,1.1226086658788141,0.6242056861056361,1.6515542216379673e-06,3.9431156015257605,9.170635175524794,2.2780921867602473,,0.9034638614937992,1.105044476658873,1.4651488438203744,0.009333349444849951,3.2476578514476495,34.638888781400524,243.50304053550457,1.0312795473791394,27.911918936312162,0.101290513441685,0.3093723663468328,1.0000421983675172,,,0.9998199736007165,,0.9970777305530097,0.9993584539211194,0.014380095821151639,0.007244781035114548,0.009486030812986972,8.721906150751698,0.16265685283009856,1.8382299834730849,2.551165374317741,0.06884968816447275,0.40923226870436064,0.09969407957089603,0.10235043774512059,0.9920636084981181,9.114671182422148,0.04437867528715917,1.2374778346539015,0.3939737992698525,0.031470442759691956,1.3107601464325116,6.513294849546566e-06,184.6722128361133,,5170.923793807985,0.11627439404723733,67.85856705956056,0.19263256101627757,0.6395348306739521,
2026-02-27,,,,,,,9.809686069088833,,,,,0.1724557591546109,0.9998136114078199,,5162.322101270663,77.76071078970463,1.1181875847504477,0.9998704170011219,,0.001804292043312445,3.840722592677333e-06,,,0.999825723630979,1.427628242967018,7.144392312682699,0.11068539290917292,0.0473890982049671,0.00027785708247988334,0.12108547437326969,0.17207835465628044,22.79,2.0084236236510593,1.5164893485939763,11.002492,1.0000148913313465,0.9687595208990384,1.027473,1.4126241932906416,1.0001145751021332,86.07936596494483,0.28578788242069614,480.8811798206533,1.1296986198953278,4.032253382225634,,,1.0,118.07819032278736,1.1111883038319514,0.6407186552697093,1.625812381891485e-06,4.108075029171392,8.86620726555732,2.2441783022959516,,0.899773095278015,1.0918859630414333,1.5009341862778873,0.009467312668083672,3.1993724386288416,33.998402004365836,238.34343547600938,1.021488726295313,28.202725646761362,0.0977129870445189,0.2990249216870684,1.0000934496418177,,,0.9999680206853346,,0.9970495351333049,0.9993695958091232,0.016490042114173306,0.00697517214051234,0.00941554219468772,8.66747719637253,0.16245872655365654,1.8644054545235567,2.588068038308162,0.06902683159417404,0.39516645077048523,0.09903816556525127,0.1033626716874057,0.9689350044977947,9.403066066834327,0.047286980432208935,1.2366225947349783,0.3968167332968205,0.036623593765091694,1.3303955387970463,6.254875340369199e-06,189.87386073900188,,5195.084331945395,0.11573758675176697,67.34902474380264,0.20155815005921712,0.5084351287788954,
2026-02-28,,,,,,,9.624376404744034,,,,,0.17068456097603005,0.9998254252949741,,5257.9310825471375,76.32329584867021,1.1168423230813294,1.0000302383221227,,0.0017942457701575739,3.7084558946615493e-06,,,0.9999177297660442,1.3588644689205334,6.962518942826431,0.10899617470236707,0.047535786267060204,0.000270653963015018,0.1259738628492129,0.16857943742936282,22.79,2.050108977027561,1.5151361898459565,11.003521,1.0003880414506219,0.9391561628388763,1.027571,1.3657781847122676,1.000290386718646,82.04418185445192,0.28299102682901783,464.86890118654645,1.0923913176159887,3.965741644030793,,,1.0,116.66122839557976,1.1040069458174289,0.6358658147507233,1.607219811487846e-06,4.5922153867513655,8.650713450601481,2.2082052584802163,,0.8795395052774679,1.0837819151964878,1.541038567957912,0.009370854413127726,3.07447328316901,33.06104158721322,218.58586916520946,1.04869915501466,27.401709849128153,0.09416450352761137,0.2934731790225438,1.000132588685217,,,0.9999968367767991,,0.9970515164531618,0.9993453376390062,0.01611049474570938,0.006816025162931965,0.009363171190399384,8.740472216031621,0.15868932674018224,1.8482717080117423,2.586625081052724,0.0671612319880042,0.3845986214121345,0.09973888363560601,0.10092578447911671,0.926506530986601,9.209212948104922,0.047298143254379914,1.2381983378872825,0.41726189357145493,0.03243261258191809,1.3405468050896772,6.1278351514222884e-06,182.61874487586152,,5289.435478557147,0.11097703632123025,68.73138467710828,0.19917244712204923,0.4940105050684251,
2026-03-01,,,,,,,9.474068260953464,,,,,0.16855632071357543,0.9992706743508395,,5307.451350454214,76.96809569595948,,0.9999712037085433,,0.0019291231578899787,3.680713709963396e-06,,,0.9999727645273675,1.3838188976194967,6.996783066025905,0.10905713284194392,0.04967354407515115,0.0002454309138109178,0.11947114292986434,0.1728312723732986,22.79,2.0746535435933415,1.489508925175536,11.003521,1.0002020512589942,0.9675436077466613,1.027571,1.388047054085294,1.0002742795368822,84.67491088061367,0.2820234777729078,461.24609049451243,1.1778611021066083,3.990462962903701,,,1.0,117.00205673898932,1.118311253139047,0.6405093472653546,1.5785179816210008e-06,5.408087668231271,8.697175441284768,2.183642260851022,,0.8985823416712437,1.0877276981652628,1.506118492670646,0.008977746110064543,3.1271327168350354,32.84987939430654,220.32770082138362,,31.275495033942068,0.0947020016994328,0.2940903776833218,1.0000280133648083,,,0.9999814540893364,,0.9970614443217125,0.9994365704254075,0.015328937158174976,0.007039414335750672,0.0092321075545893,8.878029968841158,0.15965134409398493,1.7844084032875034,2.5854141696274198,0.06840546622994349,0.39419657829934607,0.0990564587184294,0.10089447994193852,0.9282608683607095,8.177546515050922,0.047779142652844435,1.2381763883488721,0.4150209989231427,0.031566240888020965,1.3199899306903697,6.0901785371132256e-06,187.82192463467644,,5372.301282001744,0.11279175808891521,66.93942966060817,0.19261625245705113,0.5096076330449117,
2026-03-02,,,,,,,9.427351178496064,,,,,0.16177272502698908,0.9994404489537402,,5351.591389840149,75.87260504640183,1.1180204357858397,0.9999217162200071,,0.001922927390075326,3.478116834343331e-06,,,0.9999672130317119,1.3605913477949494,6.8913975884045655,0.10528012263119857,0.051589850357404085,0.00024514159329705834,0.12300424181749331,0.17462449183139958,22.79,2.069446060913257,1.437145802680594,11.003521,1.0004408515717012,0.9334131476289684,1.027571,1.362270057547874,1.000280743944305,83.73986956786652,0.2808720149324316,445.76908868973567,1.144659357377464,3.9533595800601007,,,1.0,116.13224149381618,1.1119492836211347,0.6379614071965581,1.5170200918519982e-06,6.351002889626954,8.498156165808668,2.1686733971755454,,0.8772882688337728,1.063708159418174,1.5136772429683367,0.009223009374476,3.006649220989371,31.7273269168263,213.2087065135557,1.0278238894622982,31.616638324511914,0.09260867523865081,0.2884625336108748,1.0000227512089743,,,0.9999116981484544,,0.996778585621251,0.9991983783326478,0.016282083053749268,0.006750647772466313,0.009124125388952312,9.019050830483536,0.15442928497969746,1.7617278038872268,2.529439310214455,0.06700278482218917,0.3795302335121241,0.09890569889987931,0.09764172813633772,0.917833565165337,8.413000029949986,0.04766715961578491,1.2320957543014996,0.413358824125064,0.03226385071691209,1.2452747916910258,5.894468502945579e-06,183.36709638210183,,5425.597259699184,0.10821460401123041,66.76766998075027,0.19831810437178662,0.5004923299896882,
2026-03-03,,,,,,,9.641917109115102,,,,,0.15933712548700038,0.9997446065671202,,5306.799521523826,76.83971514640152,1.1181360223513566,0.999949797415127,,0.0019765412894099522,3.540690159783659e-06,,,0.9999291448023038,1.3586372140130845,7.020805496067317,0.10146156053429788,0.05257295738340336,0.0002352920111004517,0.11967159855098762,0.1863365683290588,22.79,2.0776397416512267,1.4382615040697988,11.004503,1.0006484838543874,0.9711176211888642,1.027093,1.3987662416144493,1.0000235065606002,86.75098086219938,0.28332566736632003,448.2235212672133,1.3551054737827841,4.105383907356695,,,1.0,124.26389177765238,1.121299567547951,0.6600429485824725,1.594714639845048e-06,7.178164824323657,8.72510348170698,2.165723363068104,,0.8964689865699862,1.0752812628560076,1.5449603487781611,0.00880829293657754,3.0946283751867125,34.67280805540195,223.46611390348465,1.0306036658372597,32.865506666584,0.09418943980772168,0.2870032720094575,0.9998750445422372,,,1.0002392044678932,,0.9969245621341244,0.9990393859432163,0.015338553249432833,0.007038277433301204,0.009180555117097285,9.032119192189018,0.1555928445012289,1.9301785328077856,2.5660095224023185,0.07083499213722358,0.40044052649158607,0.10099891882467389,0.09848572864416757,0.9425836998400793,8.328010564982154,0.04762202584713359,1.2255176600351132,0.4043530043618658,0.03151162402834622,1.2626951359020744,5.811258775131311e-06,191.19344803897414,,5354.942308200836,0.10719487912330031,67.37034664255901,0.20339000637022306,0.5001538220256407,
2026-03-04,,,,,,,9.648755030631758,,,,,0.15747997017982093,0.9992558475379266,,5091.89457912141,75.90715789232645,1.1186809320696682,0.9999774942196634,,0.0019215668507630704,3.4816762017023767e-06,,,0.9998689577167905,1.3004055726257495,6.914899499133035,0.1010378164225609,0.05463694634857862,0.00023778056857238122,0.12175047617664897,0.1930662724885131,22.75,2.047592861457056,1.4397207096977753,11.007712,1.0000214693696958,1.0102131367809468,1.027688,1.3735872886650777,0.9999112801189771,87.05158771027426,0.28038614778567866,448.57528190887376,1.349566356520476,4.130125920748996,,,1.0,113.51692113309574,1.104812019909238,0.6910182977443992,1.5911519955503708e-06,6.056535723294755,8.489265362924685,2.134891298104031,,0.891169856074906,1.124699857881311,1.547973173658987,0.008765717840707104,3.028262055937391,33.96353570114532,220.57591029587255,1.0330801085630976,31.33125294454877,0.09060898879991376,0.2822003821966271,0.9999011959884646,,,0.999984338377659,,0.9970357736200728,0.9991825075794776,0.016752012277857966,0.0070319319441657915,0.009180639796217697,9.155574499114097,0.1513062145540414,1.9583083570888928,2.633067836890758,0.07137762035243075,0.3870948587357875,0.1018929684789523,0.0973806354778223,0.933998897480974,8.59221262002698,0.04799123026955849,1.216540031674229,0.4325063487470346,0.029460922982917023,1.2894206621805544,5.727148502786046e-06,187.85731349499648,,5134.74131126903,0.1045133042747589,66.8019072933821,0.2047961266644099,0.5157935581647373,
2026-03-05,,,,,,,9.874329434595117,,,,,0.15526623670011497,0.9994517765046641,,5127.232718604523,77.65881945476205,,0.99991896159005,,0.0020529226291639445,3.666561758362155e-06,,,1.0000341056382671,1.37530391176128,7.278242652929464,0.10378207879358768,0.04579544391166875,0.00024287496068391474,0.11871850942026217,0.2008137268514033,22.75,2.1000564108609394,1.4738400293659146,11.008749,0.9993717197282966,1.0077793245588968,1.025551,1.435767494550255,0.9999046768055372,91.07299801568064,0.2871164752991742,468.45525597121866,1.3091081633940655,4.1379078568914105,,,1.0,118.58257760816389,1.1078209763304607,0.6939877870089963,1.610280652477394e-06,6.491047738501188,8.842793989730048,2.2081684283735976,,0.9212684924676733,1.125178749445541,1.5814490300411068,0.008921847123191494,3.117955380746913,34.908088132663536,243.2614568024177,1.0225388095922259,32.22211553914478,0.09938292649837316,0.2903832771038026,0.9999060809940474,,,0.999822357909349,1.0000398828603623,0.997132508104261,0.9992229147360461,0.016217603836519424,0.00721660097038216,0.009227678947417996,9.029376717455486,0.15958424763816395,1.8836445798802914,2.6215519478325846,0.07643896454462143,0.4149389782508377,0.1038716896867705,0.10157934364955602,0.9756431840944256,8.818642708744088,0.045883407519654175,1.2192506399813823,0.41386429469306135,0.028146402641471373,1.3400593189703753,5.949308569361071e-06,190.02906289514405,,5174.920195839447,0.10642258875995651,68.31505876172002,0.19951931526616884,0.6616504921299458,
2026-03-06,,,,,,,9.864320211680644,,,,,0.1530825296711403,0.9993743960720703,,5056.601193645791,96.47108244153225,,0.9999718873143768,,0.002027815600085082,3.5014344048524103e-06,,,1.0000107434537246,1.2089795510410666,7.156492732791713,0.1010770971916974,0.055131200495749155,0.0002913042945228814,0.12525492728471105,0.19904969419869958,22.75,2.148442496754718,1.4787012140468687,11.009712,0.9993672827685217,0.9993463498081793,1.025674,1.4095526706873105,0.9999096508311912,88.95101498981624,0.2852072331267691,464.16713234572586,1.2729427372370523,4.169277340314572,,,1.0,120.16340316869784,1.105738249555161,0.7014186010507841,1.6003531252180077e-06,6.169909398797211,8.6512704801019,2.22997975245101,,0.9209814395491908,1.1232106016530718,1.6105532222232206,0.009308305812305599,3.0207203082793876,34.15735253612019,226.0633392429374,1.0167436589810477,30.59682540575468,0.09400095308297786,0.28694070128775195,0.9998899685433561,,,0.9999830783841868,0.9999380639442934,0.9970076480656921,0.9992553243475393,0.016714142278088807,0.007125543967058975,0.009343675026860971,9.02263518873114,0.1565886978363237,1.950099111892266,2.7178538083017894,0.0763653513013065,0.40176910850262987,0.10190296364058779,0.09956499315280476,0.9797924134454995,9.27416221275622,0.04836016134561457,1.2163110853163088,0.4202997504083185,0.02731438656835277,1.3808321937187198,5.9118186601945984e-06,190.54448014506636,,5095.330028164082,0.10270515793278986,69.13517729085602,0.20228272721765272,0.5476273438270978,
2026-03-07,,,,,,,9.717849239926606,,,,,0.15381021426517935,0.9995421643827709,,5139.989230501112,95.16081458102114,,0.9998777592275934,,0.0018595592022708466,3.415131055608265e-06,,,0.9997291587708143,1.1374429924949099,6.960156490122943,0.09852991059751715,0.052581461193114624,0.0002788256833727967,0.1216145557537249,0.19478577865776614,22.75,2.1472605370628632,1.4583054211241007,11.010762,0.999309341090853,0.9607223096394614,1.026155,1.37141424019512,0.9999715521813265,84.7320068085851,0.28457104331818633,453.55761403380836,1.226176759517461,4.09769384340802,,,1.0,115.28095599432694,1.1247462396029564,0.6853775697670714,1.610347765341648e-06,5.807689222992519,8.245567033539327,2.1801238245252064,,0.9195230036647187,1.1014996695040171,1.6494765585539921,0.009783268345518093,2.903272739769658,32.2593925394868,209.5641126486037,1.0365909688132202,31.07343729105623,0.09192375244168308,0.27655319513154664,0.9999706551742646,,,0.9999337431831161,0.9999130020253953,0.9967520552295308,0.9993379887399062,0.01612217367975174,0.006855274443015665,0.009117558000069421,9.020612064730104,0.15226415047499475,1.8191247590431767,2.660250227948847,0.07081371262467921,0.38376134067460665,0.09924776613732579,0.09758504990959589,0.928394757396521,8.776901435689757,0.048589399798306766,1.2180253370525336,0.398711255210844,0.028263480271281376,1.3835187265625628,5.813991654055924e-06,182.40145923808953,,5183.607404036699,0.09997383976984577,69.2806996795452,0.21587795694315032,0.5313512457250078,
2026-03-08,,,,,,,10.158588393106918,,,,,0.1526266532763881,0.9996992332008106,,5143.867872493985,102.19350416339994,,0.9999820917111762,,0.0018878040511040755,3.2872329456132896e-06,,,0.9997163830261502,1.1304827185391118,6.978980295299532,0.09526904715316843,0.05928123857235471,0.0002296255244431143,0.08489141346214886,0.20515747921736455,22.75,2.18175844085057,1.4930711518134314,11.010762,1.0000996215909392,0.9439915741343428,1.026155,1.396332311347475,0.9996268511598131,83.62301487964194,0.28672284813724735,455.42405644306103,1.2148927648527281,3.765103356618868,,,1.0,116.50882226375073,1.1233317178193192,0.6762065958371584,1.6100002659433625e-06,5.863430044640645,8.131371863188381,2.1926035833108597,,0.9125929938457725,1.189793580264765,1.6830902978798776,0.010219010122759076,2.830335276142367,31.54558651499899,197.1185660403154,,30.386754456584125,0.09125683876105166,0.27631161534798665,1.000008585735998,,,0.999997902890448,0.9998016672278254,0.9901496178980924,0.9994021554972772,0.0184466728264195,0.00660144015324617,0.009007340032956127,8.981072231196617,0.1503244145021815,1.8566570136484633,2.675156765386129,0.07178499723780211,0.3721315080378608,0.09620001023109695,0.09576843698768121,0.9295637019953201,8.99360447253411,0.04937515497588099,1.2174494398860605,0.4639050216561548,0.027746271598601126,1.391586894314317,5.9467073014358995e-06,180.1890808942163,,5172.97309162341,0.09616936183703524,70.09699972332876,0.23168520357382466,0.5208684449752119,
2026-03-09,,,,,,,9.532563240590926,,,,,0.1499628906140916,0.9998661629039852,,5039.733272496674,97.6792887514656,,0.9998826900912856,,0.0019215241856794434,3.226056187317935e-06,,,0.9994990796613593,1.0230528325150132,6.9577392546069,0.09549127193039054,0.057329734021357825,0.00022571070490170795,0.08345140602524466,0.18601164762742337,22.75,2.0919184515656726,1.4732375759304774,11.010762,0.9991478563981391,0.9344072054226076,1.026155,1.35490752108217,0.9999305423953304,81.88428957123448,0.2894436409376274,447.9647552419354,1.214308759824084,3.982502442086909,,,1.0,110.70998566600242,1.1204690099706391,0.6506848120606553,1.6348043307691644e-06,5.422683220146396,7.999283661017225,2.208135205759025,,0.9129097445223957,1.0859227497253057,1.6070941810715578,0.009600067655683131,2.802440222201034,30.247051402216044,197.45966968717843,1.0496117893493024,30.801297512730635,0.09001120978923448,0.26804838829965305,1.0000000719003086,,,1.0000079889374691,0.9999896194485216,0.9961181076874605,0.9993627074046864,0.016598865775652154,0.006536028185200709,0.008874412944514732,8.969394801888928,0.1482389857899432,1.888944451314496,2.6266369591515226,0.0723662906508615,0.3560418829144028,0.09386666121223018,0.09405652857159755,0.9217727865610693,9.25214077969868,0.049847632982776044,1.207759939058191,0.4369244231360193,0.02645435392307833,1.3613127849417201,5.787116745247721e-06,186.35851816442775,,5079.807314939517,0.09753548098634009,68.07312222372529,0.21463837846230227,0.5181583506557771,
2026-03-10,,,,,,,9.619623793993396,,,,,0.14462728644886857,0.9996715428127496,,5101.863234750126,96.96737908431851,,0.9999804241889221,,0.001955900231230006,3.2941236491139815e-06,,,0.9999088464015742,1.0237404219449493,6.976892546358618,0.09548661721189154,0.05557711409681092,0.00021505167254127973,0.11036507808227192,0.17929793230462768,22.75,2.0624790500154,1.4978604899574854,11.011814,0.9994599256350108,0.96026781361837,1.026601,1.3718876229253802,0.9999066200522646,85.02093175468558,0.28556107584231655,448.91010890803415,1.2290721987657216,4.069528282561335,,,1.0,110.74123921700159,1.1222861521299239,0.6694837606978685,1.6001938650358221e-06,5.1273467537277835,8.171298708178533,2.179505203221111,,0.922991444567631,1.0471522761063543,1.549997788362762,0.009711710735185125,2.898300639333849,31.953793653398776,213.4260350324849,1.0414802955436913,34.659890095942565,0.0911072404844089,0.26795635215153335,1.0000836056198146,,,0.9998954898371963,0.9999176388010831,0.9953027666146712,0.9993602047235963,0.016504970278719954,0.00696706002106857,0.008971930782199994,9.155330489185927,0.15080224092509842,1.9160367286046396,2.67561327921955,0.07542419997469255,0.3589195904352592,0.0968647475508643,0.09439868631603289,0.9672058553888806,9.335547033827748,0.049829447415569425,1.217265558667102,0.387880444075445,0.02788966765241236,1.3764895061546658,5.8274737639483e-06,196.38929861962708,,5141.708431876392,0.10028576329922614,67.35367190004945,0.223248365759263,0.556842799222864,
2026-03-11,,,,,,,9.780516437777301,,,,,0.1487320427472382,0.9996482820458478,,5157.700650808723,97.52936773273244,,0.9999579671605316,,0.0020048081092534187,3.3169160247208226e-06,,,0.9996098135440015,1.0527363177644131,7.013561214591542,0.0962062821861606,0.05554014939572301,0.00021777852330856257,0.11396601252028575,0.17688014008715822,22.87,2.0915355138778184,1.5264884024295262,11.014965,0.9991739206904966,0.9561860701537249,1.026095,1.3919277981529767,0.9999561190685626,85.89560657695257,0.2856845327344564,449.9157714361296,1.2838613377234287,4.072890550010006,,,1.0,115.6031717700389,1.1215617557100421,0.7008477805566757,1.5918359277789765e-06,5.426450311673656,8.237717768724588,2.1810605471041633,,0.9403826325505258,0.9390170590283564,1.6064741213564535,0.009535119748230786,2.939881785920521,32.08227406522601,220.80461191679933,1.0359584635739534,34.690277206713084,0.09479525928714526,0.27626871362736,1.0000861839269326,,,0.9998542027309976,0.9998927035691473,0.9952162841374957,0.9994534861645761,0.01712437877250352,0.006976882048159427,0.009019298881675393,9.166497255946856,0.15851323026779116,1.957232643877451,2.602386022109842,0.07817481425660375,0.35181428425836725,0.0974691097479254,0.09507469129545977,0.9860090590147003,9.563843360745697,0.04976000306745651,1.2169361009417716,0.37624137122544027,0.028158577982733107,1.3647902514050483,5.863681150772394e-06,202.51089221547954,,5197.004741114985,0.10231023052614559,67.3952600311969,0.23359248645048578,0.5850880797347435,
2026-03-12,,,,,,,9.00640880518248,,,,,0.15342359288154978,0.9995067194475673,,5093.093452944832,95.36884093287789,1.119399523284392,1.0000067728393263,,0.0020250048034994575,3.334416276328695e-06,,,1.0001139541335557,1.0756861721331774,7.010895086220232,0.09789543483825627,0.030416992072596894,0.00020453355826743634,0.08630921541757562,0.16502994035061022,22.87,1.840279294643667,1.5324093672310066,11.016018,1.0003785015978934,0.9438616827014199,1.025411,1.3847478524585772,1.000106783517678,86.5581504342351,0.2913408590373311,455.4471937443543,1.2992634536104934,3.8974697962456766,,,1.0,110.42087084009539,1.1228524832804039,0.691046612482549,1.6057903752051212e-06,5.779311250518235,8.294590818114731,2.165730005197044,,0.9054233473613402,0.8784264732905935,1.384098858839378,0.007096095210612612,3.0041734924094734,32.459932594375836,212.66061934670228,1.0268018544860196,36.25029993116018,0.09295409655732434,0.26284722872761435,1.000248779235939,,,0.999706740804271,1.000106783517678,0.9752041246080878,0.9994067087692156,0.008937527665046305,0.00712896305004422,0.008940863292872506,9.109515639215282,0.1592196885984582,1.9263056247323287,2.6570801539890208,0.07945953952862451,0.35572387933931515,0.10018282235266499,0.0943440281347307,0.9791295437333948,8.05886046158545,0.05277118069983014,1.2099091507266788,0.3407892702701136,0.028173216566883576,1.3361426627796178,5.7438560939272995e-06,203.39987488325633,,5133.087535080242,0.10128588051158002,62.380335497559564,0.2259444186624211,0.565061906813466,
2026-03-13,,,,,,,9.89390792776629,,,,,0.14704465698108374,0.9993634616216571,,5082.540890000062,95.16320534711635,1.1193369101394797,0.9999242266730018,,0.002094427058807904,3.3722229085765272e-06,,,0.9998380077823584,1.153119619674991,7.0248060976176925,0.09857628829315142,0.05888431578198054,0.0002034077913041378,0.12935172654714747,0.18213105804096102,22.87,2.196152913661755,1.7232996135842058,11.017077,0.9995305557799165,0.9143876084211147,1.025855,1.3988862713864045,0.999866624469845,86.91319465805584,0.28907387274628754,459.54715320944547,1.3662361676606354,4.166424518234572,,,1.0,115.96504461593548,1.1659713407951302,0.7173494529771155,1.6086150333812059e-06,6.086185249740187,8.256262831841987,2.202629894229353,,0.9359644603932886,0.9860518986956599,1.646405633549532,0.009954888258260753,3.045524371617919,32.587743971704406,207.45436592576178,1.0080993568231307,37.250684677311405,0.09523676602823755,0.28480253403891453,0.9999748764088126,,,0.9998119096466692,0.9998321967632593,0.9968681259584603,0.9992318437165657,0.016227413113173304,0.007222794345268568,0.009093271078885915,9.036958981393266,0.1596390115524306,1.9857868314604743,2.787443517369248,0.0812614860895749,0.3539832664975156,0.09979210982203172,0.09462509845538086,1.0164887563942298,9.188717688168635,0.05293499000336993,1.2074582488056687,0.4343369515506516,0.028653054236311284,1.3588149089417665,6.181207743837706e-06,219.2437271339075,,5113.3953693780995,0.10073726794377463,68.25156420354465,0.27064655390509906,0.5667180434108462,
2026-03-14,,,,,,,9.632538594069526,,,,,0.1523773600333657,0.9993139882708125,,4999.071368016881,93.40999998536226,,1.0001003336157666,,0.001978950004997866,3.381964260673147e-06,,,0.9999925861990601,1.098481394632303,7.059787228042673,0.09523679325686216,0.052018884609565545,0.00019466533203325563,0.1138016702906284,0.1777318156,22.87,2.1566742083740356,1.7931672992211012,11.018152,0.9988263434728993,0.933735316348768,1.025578,1.3987968885148327,0.9999289911427974,88.13547874972527,0.2934661895884261,462.05413903619444,1.331514632673737,4.165571797571543,,,1.0,114.99713670809888,1.129910406070013,0.7134192563829792,1.6289875057645636e-06,6.393330954409296,8.463889491486558,2.194750687624246,,0.9392761681444294,0.9685768535807132,1.630693065928577,0.00938702412251258,3.0808142231047486,32.114099195587166,207.72447081520122,1.022165716477409,36.47424197164131,0.0961080218091773,0.27880464960080514,1.0000610115566282,,,0.9998912402836503,0.9998446001738402,0.9986515850079247,0.9995122858159505,0.015110752634509807,0.007258043329660592,0.008886720646315488,9.02704001090813,0.16362323279996313,1.874467116514303,2.727871313226336,0.07876281067701421,0.35055250008120553,0.1016725204170576,0.09495068890570893,1.0125490700014377,8.837406490247785,0.054228148929968675,1.2022423201223917,0.4111170981977504,0.029715867858443178,1.3550086760858404,6.184086289334495e-06,235.22191628189108,,5029.155664372355,0.10367608597632726,68.12998003968258,0.21757223884211624,0.7222541727368854,
2026-03-15,,,,,,,10.283531409251957,,,,,0.15122235847609805,0.9993560329375776,,4991.246860679184,96.5959649879665,,0.9999676096928697,,0.0019901573980315233,3.3939799304947213e-06,,,1.000139332095434,1.1026551481289646,7.163290207916401,0.09705598636165375,0.0628987593836169,0.0002115756451526096,0.09229414891906333,0.18706875125495226,22.87,2.2546164553634647,1.906905540525655,11.018152,0.9998418203070427,0.9230890946887049,1.025578,1.425291428571713,0.9996818270480657,88.22402192508966,0.2977655987671489,469.40207172193027,1.3242880186106611,3.9426689958765033,,,1.0,116.77302666842905,1.1286957895463148,0.7934610033982665,1.6597623130116263e-06,6.586616202995024,8.261939042522945,2.2072152688079187,,0.963920555535381,1.0173459256728412,1.750311004059407,0.010839463120413353,3.0466646636010934,32.38444173572041,212.30950197165788,,37.847041163934136,0.09680332295269285,0.28929653980041015,1.000083095750867,,,0.9999559295028765,0.999833233902564,0.9947674893414746,0.9994574785930451,0.01654058330568771,0.007299858607352513,0.009039746728799807,9.042770509999444,0.1665134771666466,1.9117587658858548,2.825461336986903,0.07283342056985734,0.34863790475764306,0.10047670316823584,0.0934675965805959,1.046621591928768,8.983034418197745,0.05274608618987318,1.2017186077809645,0.4452538924469462,0.028859314726763338,1.3664102955800395,6.423662180060347e-06,250.8273585289877,,5022.0694586242425,0.10427473911069583,70.7299598607555,0.20427522353581193,0.5427637327290649,
2026-03-16,,,,,,,10.247950399384115,,,,,0.15076239785600662,0.9993462723856468,,4982.208618719899,97.00287648303426,1.1196328034411729,0.9999487305859257,,0.00195593207325888,3.5045903839323353e-06,,,0.9999978044311423,1.0882192484727276,7.212681233766337,0.097753163439905,0.05767605827547513,0.00021989451437963686,0.12652663191089056,0.18575696634222955,22.87,2.278636595547915,1.9293148929598742,11.018152,0.9991636592134467,0.9404821206977166,1.025578,1.4582581325650392,0.9991483552432546,92.84245908141786,0.29856410376733145,473.27222653850583,1.353645006556059,4.350670617902022,,,1.0,119.67680999630868,1.164741675904407,0.8045147479115027,1.6551837106301208e-06,6.087730551559409,8.495176024157816,2.2042877649320376,,0.9641351665990839,1.0822224109007126,1.55810153230271,0.009554036282363348,3.1154044363032387,33.76344056555521,230.5840126225849,1.017255352548492,37.46022588464978,0.09861155257609776,0.2906051425430205,1.0000087669450213,,,0.9998625517525096,0.9999824441306201,0.9971901236747445,0.999226642070739,0.016408908132073845,0.007520216665183916,0.009133967208390178,9.050248925549218,0.1693819073231268,1.94290044162514,2.8102136466368592,0.07360891487956492,0.35990824146023176,0.10333798876196117,0.09641990319080132,1.0570093597405186,9.417450680622169,0.05461377726676602,1.1987846338749573,0.4122822340742823,0.02815704222013099,1.3762096281698561,6.4118273580810506e-06,283.9771198529878,,5004.691555758826,0.10449609238813021,71.27219855561701,0.20250874552938727,0.5549603774703692,
2026-03-17,,,,,,,10.262621056599496,,,,,0.1546155635082617,0.9989781327331209,,4971.856939682807,97.8359294280052,1.1196747715027022,0.9998777410592852,,0.0021465217002283117,3.996715685594193e-06,,,0.9993226355535282,1.1579207639252198,7.371151998158822,0.10163602855890481,0.045271522673768355,0.0002081384362641762,0.12213792997968138,0.18111979105047538,22.87,2.199633717525629,1.9567084101671146,11.019197,0.9998849762864934,1.015496313532995,1.025667,1.5394605590302872,0.999700388290956,95.89308559272592,0.29541382175472375,479.1177939074311,1.492569990539679,4.258158458156548,,,1.0,123.95996777423402,1.1263767245093634,0.8624969110630871,1.6422918052996578e-06,6.0627478785504385,8.985455047340668,2.234598073745802,,0.9548705170089087,1.0382906241229493,1.6427492885832269,0.009976894503813125,3.320487889765559,35.76751443616026,275.86355419726004,1.0266529320092175,40.76931981385606,0.10294946612452116,0.30046371524314913,0.9999079773679088,,,0.9998839794691876,0.9998680306393921,0.9989046670792018,0.999377482039654,0.015233008913403824,0.00795529174900928,0.008867263975801638,9.091758859431064,0.17554805811139843,1.836255256564486,2.8836278560657744,0.07540604508477747,0.3935360062533752,0.10900704853239558,0.10007307007726333,1.0866508378116186,9.451322091168398,0.055089087875245864,1.2055438326155827,0.4195599661311533,0.027843650635598464,1.3761781361899155,6.3904165115609655e-06,279.43236105054956,,4999.240488771643,0.10676439046955173,71.29066073170237,0.20284524943324195,0.7252748837918035,
2026-03-18,,,,,,,10.396906322267066,,,,,0.150505656741146,0.9993583233751102,,4968.313837370362,95.14664324525492,1.1189514925817081,0.9999571621618326,,0.0020897422171085476,3.6863388894177813e-06,,,1.0000559751372666,1.2936014252300758,7.1378775598497155,0.09927752980907088,0.04714832696481237,0.00021475004058250168,0.12309330593838064,0.1863896013122551,22.99,2.2573757789324755,1.8439028288937926,11.022325,0.9995365390412131,1.009453453861943,1.026908,1.5225501906361782,0.9999270268354344,94.88825668690211,0.3070078543404028,474.771245728933,1.4553753873447246,4.132286117937022,,,1.0,122.76481850534844,1.123696673060187,0.8380097056940388,1.6891586825609303e-06,5.6484331655479725,8.864899439427658,2.2316179246146133,,0.961376710139831,1.074264336515594,1.6512546106473134,0.00995172223428911,3.228582475834855,35.25018698187278,272.6784612272238,1.0315022469269508,41.23912263921796,0.10075683027548969,0.3052233511729536,1.0000570673118117,,,0.99985542657725,0.9998749899740371,0.9986088867076608,0.9995601610726396,0.015284277368532249,0.00786912545233682,0.00901571097352908,9.064172904073507,0.17386948105640035,1.8253970718802173,2.8428894797253705,0.07387052874746404,0.38936522781091815,0.10706843710652067,0.09881934766989087,1.0615888787528152,9.166981969715517,0.055899030361275845,1.2099673740056112,0.4077146645428303,0.027442272242640623,1.3953076414969845,6.3565418502924475e-06,277.0564974625397,,4993.911886733553,0.10211119688749293,73.35382618209539,0.1852445595282111,0.5717734948653925,
2026-03-19,,,,,,,9.880280446889508,,,,,0.14663087180367096,0.9991987258970283,,4823.53117100574,92.1448081627164,1.1187129067079653,0.9999027940490888,,0.001971437720998479,3.5421407913174775e-06,,,0.9995039719759481,1.2125647264166186,6.9886346187136485,0.09670879478757026,0.0464621636152021,0.00021136943380145444,0.12131431071651395,0.18310072279693354,22.99,2.151287985486638,1.801609523286514,11.023353,1.0000173755968722,0.9914377358862324,1.027146,1.4662524918487003,0.9997351498570984,90.115544198641,0.3044233784490378,459.8387213539403,1.3863667078618676,3.8324975751016015,,,1.0,118.48671506632517,1.122598238950951,0.7740782078541535,1.6888326800713034e-06,5.83140805700354,8.49783980319792,2.1756345241609294,,0.9397511303382767,1.0273718642648673,1.669133762173113,0.009451928536292111,3.0776429868784803,32.442699302055836,248.5111517229416,1.025085373346247,42.075981014269516,0.0955501327790146,0.2871293743805718,0.9998988935782122,,,0.9998985303994885,0.9997054296635844,0.998093069777784,0.9994070872954821,0.01416329456404092,0.007468132345914563,0.008929750603069598,9.105006872285252,0.16971098122729406,1.7650729780857681,2.72841619403153,0.07215483270608711,0.3645475828836189,0.1022375207065586,0.09564595978400564,1.0076708731357957,9.13655802623136,0.057992511335429237,1.202010185059925,0.39812282199577564,0.02710515433899298,1.3374710043269933,6.069280382203835e-06,272.8658400755576,,4833.870855088788,0.09741559826337208,75.66072108449846,0.1825257516724499,0.5467328964196508,
2026-03-20,,,,,,,9.768550547089037,,,,,0.14400370148996292,0.9990220536779711,,4650.880048235748,88.69962227592879,1.1188162515394038,0.9999603503236962,,0.001844837650963638,3.4420914872180786e-06,,,0.9995112320968237,1.194190667168895,6.796979282925559,0.09544213604562607,0.04663742198915474,0.00023398961784660608,0.12386279616652299,0.18509972316598866,22.99,2.1202007922919894,1.7477956917133977,11.024407,1.000021931254137,0.9529787955303215,1.02703,1.4557086485948132,0.9999659646767278,89.13814377366043,0.30351065621639056,459.56238229257883,1.3351970542041336,3.793254495443093,,,1.0,115.12492953093138,1.1623918868659442,0.7502341488584031,1.691884965765445e-06,5.727011415385528,8.351494853010413,2.16085173230141,,0.9416680065799311,1.0407310887028511,1.6597045029261681,0.010281690426917324,3.0662348923631755,31.15982009677098,234.50048905935748,1.0155676479999565,39.30421878707396,0.09433529326966342,0.2834532646837055,0.9999315530937943,,,1.0001112905945333,0.9998191874730272,0.9985624039568441,0.9991164245121261,0.016925926933859664,0.007126019842342279,0.008860598337446688,9.278124664953092,0.16536300414783628,1.7797648676881732,2.7048697767473087,0.07143324351880556,0.32889597721796016,0.0989162969511705,0.09293757061699774,0.992026362937598,9.375291925739281,0.057801131756782254,1.2137911474100358,0.4314685295944502,0.02738459567393497,1.2794236830044863,6.174047811285589e-06,285.5235118958557,,4658.926034483211,0.0923042941931109,75.4096345518638,0.19531907834988685,0.5337706435334318,
2026-03-21,,,,,,,9.121815291435645,,,,,0.14447833240697,0.9995027640451017,,4498.87904850733,88.85648646306323,,0.9999947371662256,,0.00187014196119048,3.4155017496592725e-06,,,0.9995225432792104,1.062698748904462,6.759001978626821,0.09849851655287649,0.03820491258829026,0.00022344945793890137,0.08998144096455499,0.15967320580555894,22.99,1.8349347741981836,1.7151210679555409,11.025471,0.9997007244298655,0.9922946767948709,1.027089,1.4438593513850513,0.9998757734772056,89.88102391501674,0.30969090709316266,474.0839404764343,1.3178148677906807,3.6077742812917535,,,1.0,111.49684435132696,1.1278667925997414,0.7521417434147151,1.7006633147653766e-06,5.54341394114928,8.460429147122806,2.1378558113653567,,0.9084055910356207,0.9031778172961646,1.4000583666809152,0.007253326058443332,3.0845313034534603,32.0985766054032,234.90217578136844,1.0030413211541063,39.592622229488626,0.09415676424685271,0.2662162735344387,0.9999195062081513,,,1.000178117760234,0.9998060065766637,0.9986473512906658,0.9990955432550439,0.008313229449858094,0.0071358750454953174,0.008752409413235289,9.081817998807695,0.16541504553266706,1.7734028788672582,2.507331799313603,0.07402728842200691,0.32057542510468273,0.09913666730302087,0.09324537634485477,0.9679530086817747,8.133456799035395,0.05912495634581309,1.213371904651701,0.3213724513238607,0.025680323673292805,1.2564240772538269,5.960070019954191e-06,270.30392393642796,,4510.550072857894,0.09336802211541924,79.87663447952471,0.19145043990161323,0.5691921456220227,
2026-03-22,,,,,,,10.002406162281378,,,,,0.14420517224165186,0.9995306924371541,,4486.800158006301,113.12721166162241,,0.9999840344012012,,0.0018061012030909573,3.306848432191666e-06,,,0.9990918191072119,1.0473948582238697,6.661270527521845,0.09333748411730586,0.05506481291293007,0.00021046599371997294,0.08910197539723395,0.1891710923000354,22.99,2.2223635417101057,1.7559685168425836,11.025471,0.9996556621733036,0.966418904663142,1.027089,1.4130020572493553,1.000206687821825,86.94066815337234,0.3110336120770314,462.9627427405079,1.2671190910730545,3.440440658248864,,,1.0,107.26450689279407,1.2412649054999458,0.7373670484372896,1.7269437219096401e-06,5.891864980250032,8.075208049936323,2.1529086596771485,,0.9465148376883933,0.8700500204390751,1.3497100573974357,0.010604357249793347,3.003840010839488,30.83254642975565,216.70519844344557,1.0001329243581492,38.8966486934187,0.09162567242594302,0.28821054193000367,0.9998121967731423,,,1.0004191934750042,0.9998639178353785,0.9974349052799851,0.9991594682912854,0.019014990104540216,0.006778658694749756,0.008346746400962748,9.221650631563843,0.1605950779087737,1.7911475564232435,2.68004941917232,0.07509813945921777,0.3082843821317682,0.09476453728639173,0.09080068816421957,0.980529309350096,8.619079539220198,0.0603444235486394,1.2150605041257292,0.5180098097545189,0.025550842845267423,1.3137600252534505,5.8401589834672644e-06,265.2246383148378,,4502.205350216707,0.09459339208759562,79.50398461485206,0.20205541285132847,0.5766050039451002,
2026-03-23,,,,,,,9.547896095569461,,,,,0.14251538053665508,0.9995097418822946,,4467.4956618569895,84.35466528496542,1.1186674663641454,0.9998403190508423,,0.0017720757899985292,3.3226263803420553e-06,,,0.9990635408250499,0.9413784922555852,6.604123256758977,0.09227892398612011,0.05569375697794808,0.00021413287081670018,0.0876026443423802,0.1820438192794835,22.99,2.17068424812907,1.6968441952904059,11.025471,0.9992506065273686,0.9339881612295946,1.027089,1.399010071779641,0.9997637627650524,86.51000589698566,0.31072941200819504,470.63872523560894,1.2768609718871955,3.7639689680833697,,,1.0,110.99450349963693,1.1239678872814585,0.7128068005867757,1.725513698010237e-06,5.893567053998134,8.063216094419781,2.054004479740638,,0.924427357518851,0.9711288591214676,1.5628954784485698,0.009987672056266158,2.9613640344131,32.139374697412826,217.73531941329705,1.0189491873381298,38.36003654737564,0.09122831102086294,0.2693984929881285,0.9998136971714345,,,1.0000766556306342,0.9999222229563626,0.997662229292973,0.9989071370640922,0.016672669259386395,0.00673472705535287,0.008770233335737093,9.286192308480343,0.15626005438377055,1.7164642531932455,2.551255225206585,0.07077700738389264,0.30568152426628803,0.09252060108973943,0.08940647106571267,0.940335000375422,9.886710722613145,0.059887625610241,1.2123954787627647,0.4146436207107819,0.025404593774919337,1.3128831686258233,6.1439024424435614e-06,263.6942879657201,,4473.49454507809,0.09737025408586215,73.93156948913563,0.20123304258532548,0.539847071032302,
2026-03-24,,,,,,,9.590997561408825,,,,,0.1447552010683139,0.9994689050780192,,4430.4736000713765,85.70687038348406,1.118741298721664,0.9999759144515205,,0.001816429329281729,3.481565945372609e-06,,,0.9994703843542915,0.9570686976787284,6.779308215511886,0.096824092767016,0.048313865233117294,0.00021191929299963446,0.1214000984642907,0.1734951894546491,22.99,2.040957380983125,1.7407344659237451,11.026534,0.9989312853465738,1.0720813597757286,1.027079,1.4376099340574098,0.9998216376257885,91.61995872641151,0.3074640382459632,480.64992156801156,1.3142315211332622,3.7857980136516116,,,1.0,113.3470140437723,1.1290861417179612,0.7065648606008073,1.6960993708101199e-06,5.774169167830248,8.593064227517129,2.353696799743949,,0.9369806308212432,0.9948792892882735,1.5821126834898749,0.009903058956709485,3.0935039722030355,34.32126597327473,228.31729974470542,1.029542319583715,37.37342321687258,0.09462232089784495,0.2767125282649198,0.9999035887240673,,,1.0002828321834014,0.9998473343788014,0.9971428367527444,0.9988687615626308,0.016509386400057828,0.007045019200160752,0.00871104207146948,9.406645593735458,0.16704447156364055,1.733942241216019,2.6054695074388023,0.07350520656168645,0.32270041646568354,0.09710953475250018,0.09330321527031844,0.978959073730554,9.17280911167484,0.06225861784885829,1.2172126390081954,0.36680735740615755,0.026550552121232873,1.3653753141379528,6.310148828256296e-06,293.706910350286,,4442.585783107506,0.10400034236918713,73.31812293064775,0.2051574600144574,0.5300592509888081,
2026-03-25,,,,,,,9.955437101911608,,,,,0.1408509566629142,0.9991792332955164,,4533.896481687576,86.26854648790474,,1.0000603460294,,0.0018275785661532567,3.565041946363996e-06,,,0.9993603791969256,1.004919511756434,6.703692906259601,0.09602813824921119,0.050140483743798044,0.0002138015633210383,0.1273766698099026,0.17723978343863137,22.89,2.1129212291271156,1.7866625234193438,11.029669,0.9989962522055241,1.1148750526379312,1.027447,1.4233299309185359,0.9996606189262914,90.95642493892578,0.30614375389209203,480.373826410414,1.2908804573798778,3.8911146507877112,,,1.0,117.06205814200888,1.3053882470641214,0.7173716894704293,1.715074693415077e-06,6.278441599176972,8.668556549595918,2.078271306985387,,0.934594506084835,1.0175189568537333,1.682263084607758,0.009456221759463453,3.0580986608104674,34.15078904826227,241.78428840068344,1.0338732026959747,40.338017259936855,0.09581867752380024,0.2848530158482349,0.9998966470235187,,,0.9999769094812623,0.9999053769486352,0.9978724986638876,0.9988287323454714,0.017041794235042495,0.007116863932726273,0.00888380379517049,9.369955386095505,0.17394443612269442,1.781149059899771,2.6381843762661843,0.07159481758912765,0.3184190890022669,0.09676489939287562,0.09428698538090453,0.9761152707325275,9.769734324139774,0.05978714221830773,1.2179297785953862,0.3568584268871928,0.025971366551659762,1.3671182892812233,6.504514394691446e-06,336.73389227512746,,4544.163421389488,0.10355174787794266,78.08296910300159,0.212611774563249,0.5339984479288132,
2026-03-26,,,,,,,10.132840396086717,,,,,0.14286413133295014,0.9994154911664396,,4502.144664887857,87.10992650907309,,1.000005821131747,,0.001906322959938599,3.5720113886782532e-06,,,0.9992170532405841,0.9938297558085285,6.762783925829564,0.09815200750547871,0.0450429058121277,0.00020913950780301918,0.13192965192156603,0.17292262149759902,22.89,2.0066348184864617,1.890251220614821,11.030694,0.9974813092152051,1.0618702597077174,1.027865,1.42323613048032,0.999617256145613,91.79638934133811,0.31465627977587063,477.4360255157613,1.2750407202462375,3.9121852197934164,,,1.0,116.41222948201568,1.3597104136960116,0.7411088038420056,1.7403775775224814e-06,6.593373059742848,8.663330653031975,2.061058498114993,,0.9491432057293296,1.0316863785845556,1.7355340195855498,0.00996019609993193,3.0827631027920814,33.931367669537956,231.43292070941638,1.0242685717317785,40.324693505861106,0.09673753003223666,0.28408277821285177,0.9998776539638451,,,0.9999191788616573,0.9998453835287323,0.9972346548695591,0.9991151826888911,0.01720625334188817,0.007349735088383694,0.009001988373796852,9.349154782365678,0.17733885843440192,1.7486077138628937,2.57451765276261,0.07319723255309563,0.3216089380584157,0.09833545948070281,0.09467817151672052,1.0025188642840441,8.334026529388009,0.05961363658372387,1.2124569354204724,0.37526883160544267,0.026714029874967803,1.388024762172818,6.497715098110719e-06,345.70446073674543,,4509.251506158284,0.10219735149534209,78.3265166471334,0.21520867177695083,0.5607342911452804,
2026-03-27,,,,,,,9.651566537713858,,,,,0.1429736966015341,0.999387307201379,,4406.344672900292,84.80745168488919,1.1190456007462386,0.9999068620755484,,0.0017844970237294456,3.439802562640238e-06,,,0.9993144602124749,0.9097251216324941,6.584635562919696,0.09457901232983096,0.04890052354187963,0.00020287421467803628,0.12371443730606985,0.16642504470803307,22.89,1.9913174673255907,1.819706311085316,11.031723,0.998645889732155,1.0371740456554677,1.0281,1.3681491705216458,0.9996577071049028,86.56000919831459,0.31146179214099273,465.24779991268997,1.22492750356601,3.760764888839489,,,1.0,109.735828278528,1.151503532708551,0.6969822913548946,1.7258184411310692e-06,6.271356196419931,8.213749574275754,2.019835569028605,,0.9332650989377285,0.9854582751765835,1.6860480087815388,0.009421727290452474,2.951006775421683,32.01080340716202,221.4806786931035,1.0188654570268334,39.1758132058206,0.09249075235506368,0.2694953839784889,0.9998658113549793,,,0.9998256047292001,0.9999123928663223,0.9975304566162287,0.9987187721337639,0.014077572351333589,0.006858183722600408,0.008358265139273088,9.51658296585536,0.173861309760103,1.6204421535827622,2.4825108511141516,0.07070582623502149,0.2901526399541902,0.09340715629939339,0.09108596310118373,0.9522848862282758,8.267120770530994,0.05996155681608488,1.2098296474366368,0.41443672524417396,0.026071253867501015,1.325626680850306,6.305922013326367e-06,337.57008517685136,,4411.255733667955,0.09839916619893467,76.94374609088459,0.20572568200605112,0.5150022514520457,
2026-03-28,,,,,,,8.557401323824237,,,,,0.14082080443155365,0.9994860271108624,,4491.7785870407915,82.22786306289416,1.1188516870509242,1.000018143999168,,0.0017099143774999737,3.2779494046729643e-06,,,0.9991995910754531,0.8824490513052738,6.463151195882879,0.09071811668292704,0.03440811417427972,0.00019964919677191637,0.08151246583999193,0.1425726822120863,22.89,1.6759576245975931,1.6480452048739465,11.032586,0.9986925783836155,0.9754469751777505,1.028234,1.3250991075693428,0.9997418312505005,83.00571325553047,0.3108635477284236,472.5506761116093,1.1799545310998962,3.3874187766592248,,,1.0,98.56857326260312,1.1260719042815148,0.6739377492259795,1.6984183900407172e-06,5.874863121350964,8.091948193629424,1.9379472183844872,,0.8681101472110211,0.8388949622832073,1.361053415023351,0.0066575772448084145,2.881552758978268,31.64327252362425,215.6056905047099,1.0322327188191782,38.613923962657914,0.09009559650989912,0.24643937521223988,0.9998858744479088,,,0.9998884879114306,0.9998333134150055,0.9979838388192728,0.9987309988848184,0.0076640714183464215,0.00649652671975662,0.008299411041163196,9.47180019431011,0.16714348243756605,1.493358707015705,2.2227300748537093,0.06975486602422837,0.24913085480518532,0.08922569539871086,0.08907842342160767,0.8805916736591878,7.848794174907705,0.059732537631846945,1.2109735134429986,0.320504722772771,0.02634627278768078,1.2173560555336103,5.777928700487299e-06,316.0437889526434,,4498.481572896493,0.09691309375735016,71.04445319479565,0.17510626927288614,0.46230198765851394,
2026-03-29,,,,,,,8.441996231619338,,,,,0.15437786654190494,0.9996416551818983,,4487.437643012913,83.38494104757324,,0.9999826697702697,,0.0017094034417068844,3.2833225433104546e-06,,,0.9988107351691009,0.8572299222882348,6.527777586291647,0.09158460249357821,0.03462917233067925,0.00020484868956826527,0.08173044272946774,0.14465026523417174,22.89,1.6662636696500601,1.6581433035073256,11.032586,0.9988597388078634,0.9304903512737934,1.028234,1.3342864570168125,0.9999326578971763,82.1077280474731,0.3168463241005258,480.74337892471243,1.1738077178167865,3.3843777162076036,,,1.0,96.88713951343787,1.1287265711171153,0.6726698681106275,1.7132444842195422e-06,5.7990585977183,8.032697324158036,1.9473031715653348,,0.8796112149092253,0.8017168981568301,1.3760613710928336,0.006668417952035929,2.8264717446500054,31.707574499840835,213.1435808085618,,39.47676494487205,0.09092134238007735,0.24590515052131942,0.9999056156420647,,,0.9999054863417163,1.0002544045518036,0.9980053494994021,0.9988005426249147,0.007796839787881708,0.006382661933162809,0.008076591742079484,9.558234833184878,0.16812687752228986,1.4964829305064367,2.220278292206286,0.07026199763781948,0.2668760405884383,0.08916788840012174,0.0898519391007962,0.8596691558952924,7.894683683851011,0.05993783654007011,1.2108686718504702,0.32457546799672665,0.025756777261537415,1.2374033585154178,5.835463508568839e-06,315.4127630909769,,4500.255585291129,0.09753399883825446,70.51675239305163,0.17889867819612698,0.4618147414720511,
2026-03-30,,,,,,,8.412304837387502,,,,,0.1510960942008632,0.9996342803751016,,4435.6436390540175,83.37919816083156,,1.0000321243231864,,0.0016706874363793794,3.276576735007798e-06,,,0.9989752707368504,0.8263891304100208,6.501670145641177,0.09106863448565782,0.03270783942129406,0.00019975460018526885,0.08121943999374376,0.1418294142656457,22.89,1.6426209410011956,1.6579617413504013,11.032586,0.9989127952049963,0.9192138292985641,1.028234,1.3279211567600602,0.9998792188807268,81.38667344193283,0.32164951195804287,452.09105950696636,1.1642700447896535,3.358659843163164,,,1.0,95.58712731864807,1.1250326026961965,0.6711765480721266,1.7260677782859084e-06,6.006931867282559,7.901839928428118,1.909811066090589,,0.880510948161568,0.8017850377272933,1.343919363994042,0.006543506425500266,2.8017580721130035,31.803277031988173,214.64446033378238,1.00060940058516,37.81188423907602,0.09043168902101487,0.23996753357145462,0.9999083658506811,,,1.0001905236565274,1.000195970925693,0.9980591499573108,0.9988622996179605,0.007656613539937377,0.006259838780684856,0.008262765650965155,9.621559798164466,0.16446208685560532,1.4767648568495269,2.1995574254632735,0.07139631618149654,0.2692343053307359,0.08757402920785202,0.0880388141466426,0.8475572989558414,7.936897403254092,0.058892935433850935,1.205470903860983,0.3154905265346563,0.024499398266781647,1.2186986738779142,5.7920421149886355e-06,316.0879997250095,,4443.123199473325,0.0978582867015646,68.7342118688145,0.17583623553962346,0.4587345780614342,
2026-03-31,,,,,,,8.61869297681251,,,,,0.14763483371427513,0.9994867846687822,,4504.872056911924,83.86747747286178,1.1202905492082202,0.9999755187196324,,0.0016557452694168995,3.3153057252456817e-06,,,0.999004192679176,0.8075943923480301,6.57342537815778,0.09139283623450617,0.03175398837391183,0.0001859604589274516,0.08216846347702324,0.15105634966772993,22.89,1.6665105825882076,1.6984773994969427,11.033647,0.9987950695682922,0.8888747888704089,1.027826,1.3228726302337825,0.9995675241977772,82.4461259589699,0.31978295171296045,460.02312899707925,1.1624033755385363,3.47348880609119,,,1.0,96.75914776374238,1.1271843325438844,0.685975557630698,1.7216444130671666e-06,6.217370368434276,8.075515406280573,1.92289856118911,,0.8778155819309197,0.8149615564754199,1.3789680237518858,0.006670088813103653,2.853706579121524,32.04688107074578,225.42059998328386,1.0042577061752425,36.83132325336033,0.09068106940000485,0.24346522243742494,0.9997940495188747,,,0.9997858651569682,1.0002482432895194,0.9980099166960436,0.9987825264595976,0.007849459266280405,0.006382537816706484,0.007707277209260493,9.759733804205377,0.16746811540116088,1.4701600773064805,2.243891769919374,0.07344213669841489,0.2696372089713482,0.09025527809972396,0.0869706372306004,0.8628036216438217,7.985766194847675,0.059813807554446256,1.2016368843069876,0.3087592956224347,0.02405640299881232,1.2246450791181656,5.923303307127454e-06,311.5056282050169,,4511.2713920014785,0.09830593845006017,69.93160129218889,0.17517310069571904,0.4610019574033778,
2026-04-01,,,,,,,8.769638449462454,,,,,0.15030270878350083,0.9995502844979959,,4667.305079902109,83.85241964509892,1.1204453198923776,1.0000257073018741,,0.0016741018961907096,3.399925564920286e-06,,,0.9989199007832148,0.869383343867564,6.586333558489897,0.0910159223920551,0.0324897576274875,0.00019801866930158437,0.09391110477514591,0.1584482440182366,23.01,1.7059606049899796,1.7438470781510809,11.036834,0.9989833161086086,0.8913961056006263,1.027513,1.3390639434582177,0.9995690236964555,83.03928802068708,0.31316671609250907,465.92285667221813,1.1872773714438605,3.5353580421152455,,,1.0,97.99402673531384,1.1270046601657178,0.6968133422296517,1.696803982060043e-06,6.537721558454053,8.18985936354167,1.931268898412722,,0.8693600096436997,0.8310872525798817,1.3922599909157725,0.006765018040302865,2.876531161727288,32.659541916341375,247.42662542277478,1.0325110031350047,36.493804976580485,0.09218518662960833,0.24227229716279067,0.9998688387709248,,,0.9997334155491784,0.9997901019352455,0.9975567289945891,0.9985375639634172,0.007837604656195702,0.006505417058358958,0.00815575407811237,9.862327362116028,0.16698685721565318,1.5365538123380473,2.301903174253692,0.07431823506642919,0.273110248322398,0.09194119784241178,0.08754063967619173,0.8777468435739777,8.126073578513747,0.06296697129355017,1.2138302562019903,0.3279917541642586,0.029116175775498104,1.2186773094554357,5.94666562433893e-06,305.3204946773446,,4683.974684657375,0.0988046439806055,69.87508245794662,0.17626195778362636,0.47794012644901557,
2026-04-02,,,,,,,8.942634152850808,,,,,0.14256352272670367,0.9996607448592948,,4746.813551681915,83.93163617632398,,0.9999573822273811,,0.0016871522287764751,3.4039136950625423e-06,,,0.9992003692717522,0.8910674450215103,6.5907213157040365,0.09415727804671034,0.03208850871723785,0.00020902533733364577,0.10274055116388063,0.1574521638139548,23.01,1.6817195248903658,1.7647277012408529,11.037843,0.9995287337026608,0.8905316989587118,1.027631,1.348434133804052,0.9998674041752036,81.21202678364425,0.3251607146370156,455.089786365048,1.1908041426923526,3.5654361707362603,,,1.0,98.17324334769347,1.1242515032785985,0.7008913565992195,1.7198057736601276e-06,6.853527802681622,8.199767849109692,1.9563580331785382,,0.8678872272421361,0.8374261166919588,1.4000874177529754,0.006894771771465659,2.870155590808367,31.627081204763037,251.93650094717577,1.0253194189761874,36.01941384128155,0.09234487534575067,0.24884701148319002,1.0287926085605799,,,0.9999541190982689,0.9998991759439985,0.9985078359629499,0.9992362436303932,0.007627574371993523,0.006537655269066281,0.007864893205380514,10.49589940531713,0.1692779280217679,1.5288293695285617,2.273524979876332,0.07687580863037138,0.2854458917122248,0.0941238978875781,0.08856006220891298,0.8818402029480527,8.127767187618606,0.06326493633923769,1.2162399652224316,0.32593968891146036,0.02790288971791326,1.2359299948979419,6.009773766116147e-06,307.9839189985972,,4765.541851728684,0.10050118278727549,70.56910192249356,0.17823578155013117,0.4652244087601753,
2026-04-03,,,,,,,8.641427836948084,,,,,0.1436415200299354,0.9997376673793209,,4652.704923718512,83.37992117053035,,0.9999962341041763,,0.0016357875304244592,3.337249571101009e-06,,,0.9997664463395717,0.956169166492051,6.450646414822096,0.09255837400170357,0.0312031902842674,0.00025452161751814655,0.10670974835333161,0.15794325207845564,,1.6748169517305138,1.8800521942560977,11.0389,0.9993716848607789,0.8599643135681229,1.02788,1.3219171671228065,0.999995455150248,79.04954676326335,0.3237765472072503,445.3381557700036,1.1642794016026057,3.173986237386099,,,1.0,94.46787218158906,1.1307541607415117,0.6737590490575042,1.713249388039492e-06,6.997622664020831,7.896231529504062,1.9189945153833237,,0.8615832547605741,0.8187941383254965,1.333010961483497,0.006753631570642907,2.7495032474389998,30.176647456989492,240.93672933039798,1.033939404928606,35.23925806324917,0.09066747729856037,0.23999679982404112,1.0250312474488057,,,0.9999501181140243,0.9999354312225109,0.9982745553394349,0.9994339973168224,0.007704221126167748,0.006231902322211696,0.00790612460832291,10.255943089407834,0.16337929215563088,1.5027526533813187,2.2476275423607897,0.07496011009254769,0.2748678939846286,0.09063972138063275,0.08827190624817723,0.8624749960231295,8.02268025641976,0.06438613540944492,1.2111671131311335,0.31229136805709506,0.029064032034712597,1.2326699493040525,5.871174737139431e-06,300.5367338839403,,4668.441737396391,0.10083642096502762,73.6686705950495,0.1694031988542941,0.44147577757142836,
2026-04-04,,,,,,,8.65966883962238,,,,,0.1394176551455484,0.9999496718270416,,4644.085031722674,82.43895116737279,,0.9999022207321647,,0.0016508975035241446,3.412879417928536e-06,,,0.9996527884217404,0.9900032485673459,6.473462093299517,0.09391109995758348,0.03072019179796537,0.0002511216576382858,0.12353455713835289,0.1667492406905187,,1.6974242240461752,1.9436887976968034,11.0389,0.9992620603178415,0.8496532416506679,1.028573,1.3194997099489518,1.000266255646991,80.4339628863637,0.32618416742372547,443.6803401059762,1.2087766177837824,3.171567360479871,,,1.0,94.77207115044138,1.131793425688415,0.6760739071993986,1.7133294673179677e-06,7.236862104057564,8.088615451701562,1.903929838209797,,0.8608494422009809,0.8353793606173945,1.3434011197711055,0.006997226678284863,2.792812264145643,29.89573079093406,234.24364373769026,1.0316607374696933,35.601287110321046,0.091819531415718,0.246569294066978,1.0351091231646539,,,0.9997941056799899,0.9998112048094211,0.9981929458734025,0.9993930643612479,0.00756836049854998,0.00628028139465949,0.007462802122890004,10.089600566134797,0.16287135598936095,1.5026621149865953,2.287201485960759,0.07452959394992793,0.2747235021256153,0.09196110153581462,0.08774107327888096,0.8746453127851751,8.032436630759758,0.06124247742776487,1.209065572278364,0.3133265076832687,0.027263539660045313,1.2405758211643785,5.984379996084888e-06,308.96636943201435,,4648.658038908216,0.0992658852256509,76.4134633167472,0.17330886931545336,0.44149723849220934,
2026-04-05,,,,,,,8.697665811844045,,,,,0.13947472123579863,0.9999675179529695,,4644.885108192134,83.11351295424959,,1.0000611178763157,,0.001672629321363492,3.4056560630726765e-06,,,0.9996827709544546,0.9850014114868753,6.494848744782043,0.09427591423186397,0.031173530894054415,0.000290887754446852,0.12038995655995556,0.16682219707852108,,1.71685684221036,1.8760770376438407,11.0389,0.9993651055478492,0.8495182209290519,1.028573,1.3175529895382665,0.9999810950080008,80.90650747975322,0.3270774031826613,441.87388027213666,1.257367609045895,3.12963713842479,,,1.0,94.61175399012659,1.1259706874728976,0.669760916695062,1.7208545720374125e-06,7.059124693089355,8.632145982903733,1.9132484848954125,,0.8502221425549341,0.8390885877583852,1.4148233877842453,0.007467616767939294,2.8132293897786944,30.78250698703963,250.45215742205934,,36.395212454602266,0.092502119036856,0.2479793794432949,1.033246511337629,,,0.9998663301085436,0.9999870857188713,0.998008364254612,0.9993673488963841,0.007558442293818651,0.006245471700832875,0.0073763096943560555,10.173611397528951,0.16187210840656158,1.4823041461331175,2.2968817599234534,0.07413704943317691,0.26333403263765565,0.09251346687123216,0.08750473477026496,0.8720845769741401,8.067152404942266,0.059991247667088125,1.208961104493225,0.3131045180891446,0.027258465555172605,1.2386333816919965,5.995388921611957e-06,301.3391388524481,,4648.639365389912,0.099120756941177,73.36251890174891,0.1721413324857099,0.4405113193095302,
2026-04-06,,,,,,,8.897785506802176,,,,,0.14004883276613003,0.9995928560376661,,4594.021777000427,83.57147548846848,1.121489609895328,0.9999864585558393,,0.0017050938995647128,3.5171034104809784e-06,,,0.9995315277305099,1.0101905557529494,6.550354627743815,0.09247468433216507,0.03151998955476392,0.0002461839514093433,0.12237482253285763,0.16790018902618672,,1.7079541196219121,1.9194937231151106,11.0389,0.9994694002245058,0.8553886101949005,1.028573,1.3374735160923328,0.9998724949573599,82.54140759499754,0.32744767783627027,431.37142447737705,1.254325807747469,3.1690967528853404,,,1.0,94.87370590016386,1.1284780690411316,0.6730775130900873,1.7395805822788914e-06,7.347073949291572,8.776588179461822,1.8747679112918736,,0.8507742189033818,0.8508519665351112,1.4267371179712136,0.007466557784407928,2.846975752725067,30.635323915110956,246.75378366858183,1.0318160929071023,37.00836790591265,0.09313564816357862,0.2549186397928315,1.030873723141064,,,0.9997985056949623,0.9999288754612479,0.9977268690888302,0.9991870063434156,0.007519135285378505,0.006364550731677594,0.006636628360727603,10.146680897063833,0.16347281321720544,1.5073771607547963,2.304486066422497,0.07451298173980209,0.2555658051876251,0.09454686275192561,0.08846423679198588,0.8790878147036301,8.15219767197773,0.06383213093408327,1.2078075886778685,0.3167387686470017,0.026930986539713105,1.254370446404372,6.019147322622011e-06,311.55878792302485,,4602.574088459954,0.09962907235256258,75.74998595118404,0.1717817407844181,0.4532014314809607,
2026-04-07,,,,,,,8.806675182056852,,,,,0.146005784690273,0.999719553203455,,4624.126237532052,82.28374169987828,1.1215081338055581,0.9998142679309687,,0.0016787531057597855,3.325250469831839e-06,,,0.99984699235203,1.025819616752726,6.482231954191459,0.09117470291933534,0.031146673025683514,0.00024806270135587747,0.11874192220253682,0.16337825172395337,83.06,1.7095448301511251,1.8588797871082512,11.040121,0.9995231358066886,0.8390508493376412,1.028573,1.3212073179193704,0.9999260360945568,80.14391345270856,0.3257820185054835,435.99209806210996,1.2485136062829734,3.0988487835527048,,,1.0,93.14233096018086,1.1329693177003866,0.6553498496001322,1.73197701491185e-06,6.7899583295533645,8.434409564475184,1.8596024131919742,,0.8490049744428381,0.859843074536785,1.4206234497471684,0.007151991663830606,2.8516887302085165,30.104255584458997,252.1507448252304,1.0195399068217914,36.29555903702513,0.09071349569201076,0.2456932405628542,1.0251019624761275,,,0.9998177465699396,0.9999103210944928,0.9979713165279313,0.9994182884943339,0.007429040153355257,0.006274147914838809,0.006545739387516519,10.34656722906773,0.1558750181555436,1.5765329697610335,2.3016646214429852,0.07725348889387025,0.24782303132525882,0.09346848680331624,0.08746167677763622,0.8727683328176696,8.094294650219432,0.06527018834312273,1.2109127540476265,0.31041974954559104,0.025232269626377174,1.2351291841555714,5.83153732371341e-06,313.2429549472829,,4638.06065342471,0.09848703087612337,73.97453907763386,0.17048921223406213,0.4421000729354642,
2026-04-08,,,,,,,9.326012926308175,,,,,0.14660220189452652,0.9996444371993088,,4797.184573941994,85.09212719971111,1.1205418044841249,0.9999741207122795,,0.0018696028705778482,3.733827289607612e-06,,,0.9995082644742813,1.0747388099503559,6.625058557095254,0.09456148826744307,0.032917404051165375,0.00024314588064217567,0.11720539513961996,0.17560568045649316,83.06,1.8071199277864411,2.075614662096396,11.044354,0.9995357084543054,0.8731750338272036,1.028573,1.3819971406029992,0.9998633094204612,85.73782127486712,0.3255927636291134,446.1548856801833,1.3117390861029563,3.2983442172123816,,,1.0,96.19146945444957,1.129565139154106,0.677900831619292,1.7361919162020173e-06,7.06152806286719,8.852574781055797,1.871766646125048,,0.8764120419566415,0.9189785022157296,1.5207555624129,0.007455173758158179,3.0249478468112074,33.80925826505132,321.7812023099481,1.0330799272615627,38.757080328600274,0.09531816100001446,0.26394636632515434,1.0271746943799882,,,0.999762850295805,0.9996813926887793,0.997880118362956,0.9992589269219544,0.007578877869830074,0.006876302591850921,0.007586254193970324,10.548342296578916,0.16354538876063768,1.752931662660004,2.4576225480958787,0.07834542534759534,0.2756577805246711,0.10172268048912,0.09244211435893367,0.9621826874249653,8.571818843675546,0.06305859295769686,1.2264153809836555,0.33519130781851403,0.026522337744703743,1.2487334218566848,6.146118846532046e-06,336.43573227483483,,4819.158231136326,0.10106807963632253,75.22487118704986,0.17208341592291446,0.4635147153993338,
2026-04-09,,,,,,,8.851167563368252,,,,,0.1410240118005899,0.9991991076452589,,4689.771673068961,83.29040329880465,1.1219065526662093,1.0000081942984471,,0.0017552309468790294,3.538949727191375e-06,,,0.9998222376104529,1.0012370038811742,6.49309484284403,0.08920867015205339,0.03191611594801064,0.0002257185733967129,0.11420102971341611,0.16432857473890308,83.06,1.7880811869199957,1.9979067610351198,11.045022,0.9996351561605817,0.8320034857903559,1.02874,1.342791869574639,1.000103200859222,82.52857912633098,0.32996062793820824,441.630669029827,1.330474926492862,3.1198165136613722,,,1.0,91.75824404659095,1.1307156995243326,0.6587497361922054,1.7542248355457504e-06,6.753897121703193,8.408428750933435,1.897908454695989,,0.8712921784564093,0.8828697370376078,1.4751547881452929,0.007190729745238142,2.905971895976424,31.96078154680101,323.7982661453171,1.0322478722027348,38.71533822020465,0.09253108557236275,0.2504423588998442,1.0339566223720347,,,0.9998170657016653,0.9997227731520013,0.9981240651100993,0.9994172258044285,0.007456892281961242,0.0064959613395929585,0.00791231117572588,10.042797336429444,0.15753152898697692,1.7010466684682937,2.4343148739504796,0.07634891669057005,0.2637661818427444,0.10493552561525642,0.08882065775283673,0.9140549354227536,8.351438053558722,0.06540559102019503,1.2232514664593674,0.3312478397418993,0.02613582075736541,1.2340403986673398,5.938262726396775e-06,324.9021745222978,,4695.805606898744,0.09009430210604949,75.4072387410473,0.16882253048405438,0.43824536251018054,
2026-04-10,,,,,,,8.947972434278217,,,,,0.15243034657447901,0.999357704053539,,4735.16939265688,83.41102956068518,1.1210440936741808,0.9998517140241846,,0.0018012312951140549,3.515701396845905e-06,,,0.9999339170661964,1.0170265427318204,6.547630371870856,0.08756599437095636,0.03213912925544271,0.0004172657379237085,0.11210189318210771,0.16524369084530266,83.06,1.8052050322141207,2.032881496054545,11.046094,0.9995279547937371,0.8475943026691078,1.02911,1.3449506959316484,1.0000540160972187,83.30191658280422,0.33111540558648483,443.44557846959555,1.3657666309887901,3.1068344408924395,,,1.0,90.59541342938896,1.1289417773360173,0.6658444264925459,1.754794830895711e-06,7.505370296169451,8.438612316717014,1.9347194349831547,,0.882296328600416,0.9065095610527941,1.483527492249148,0.007124442802510228,2.961747076700486,35.95805012811273,367.63691376576077,1.0340945675923858,39.50390126211029,0.09275839147333868,0.25426707506807567,1.0335378867239828,,,0.9998499693759877,0.999756383798351,0.9978435303434763,0.9994525268023671,0.007540061901472315,0.006581116118840901,0.007856217657498098,10.03277440772026,0.1549977551227345,1.8417951064500868,2.5445920504925104,0.07825029772679594,0.2731884747320566,0.10756861509199184,0.08937566519384701,0.930713819013896,8.385040616779445,0.06966366576797939,1.227147786010001,0.36086735844423035,0.025407447130187888,1.2491341181309226,5.911800670563776e-06,298.61471282693043,,4741.445014791246,0.08872253897906356,75.0023410798645,0.1674505943377986,0.4432893608850809,
2026-04-11,,,,,,,9.088439467892385,,,,,0.14690989716273578,0.999182599350792,,4722.103626796684,85.0969457255863,,0.9999979343130465,,0.0018572430818614212,3.626633000381192e-06,,,1.0001187123208537,1.1381102021581264,6.676923728525268,0.08550970033460933,0.03352013886555029,0.0004502899446861724,0.10995253136172765,0.16610278833435782,83.06,1.803861392321474,1.998406811066169,11.047145,0.9996002419132293,0.8676531909436632,1.029335,1.3561245684325638,0.9999109681347962,84.80770646580707,0.3193011716788978,443.94417528356485,1.3601924220462087,3.1636041904064296,,,1.0,93.81034508758242,1.1285676381427685,0.6938548183265835,1.7596628698966049e-06,7.545253915709227,8.499907110946271,1.9259965809739998,,0.8900399505776004,0.9148780314428362,1.5102238783588553,0.0070760034054473024,3.0493942756224213,45.71646424911533,375.13955462620316,1.0211482592367338,41.597495602517355,0.0937690982133622,0.2541094792848332,0.9999501179136403,,,0.9998758174119654,0.9999236861619575,0.9979390087130023,0.9996815796814404,0.007629115902127547,0.006767010609991549,0.008196840863360295,10.05135695330721,0.15512442386232483,1.8078068653364836,2.552898366045075,0.07827813059380088,0.2769042758149192,0.11506800384699234,0.0895277748059579,0.9439801942332772,8.486979768361397,0.07050191857519414,1.23143678612611,0.37878309176983743,0.026668544966613156,1.309010221838464,5.974461741606662e-06,257.83835838340883,,4734.605735504381,0.08083321303124195,78.67639879564457,0.1684509232747721,0.4405893687701195,
2026-04-12,,,,,,,9.068454346381166,,,,,0.1464368151111634,0.9991790809909891,,4724.533941719004,85.53971052409345,,0.9998205367623454,,0.001907302913938684,3.637011453661764e-06,,,1.0001109847353158,1.2032009514001318,6.730434778947684,0.08551420640765652,0.03289182170402193,0.0005120874823351858,0.10789471070769009,0.16579819666906298,83.06,1.7751333511375775,2.017652345722829,11.047145,0.999394486399833,0.8631435698786114,1.029335,1.3550226689539349,0.9999834025584043,84.93208356676055,0.3190017494465563,438.34782757207006,1.4035447065456919,3.1530274782055563,,,1.0,94.64228915166937,1.1267797709853067,0.6806090792853426,1.7641409212732281e-06,8.39577553564401,8.44620898113147,1.9513916532149604,,0.8969757317647478,0.8995039135024645,1.4950392141984525,0.006992856637270301,3.0176671818723455,46.28151360890193,370.80125234755945,,42.31496529853531,0.09307195437079681,0.24956593975036212,1.0000724992405676,,,0.9997745211549783,0.9998484663918368,0.9980776197246564,0.9995862380108808,0.007910366459456702,0.006993806207671204,0.00783765586860017,10.037957448606187,0.15359345172532277,1.8013725464932835,2.535118134281818,0.07670091376295045,0.29551095431584207,0.11486972814102268,0.0882582023876873,0.9413981732393295,8.557929531081756,0.07015626368552033,1.2310180130844344,0.3817210658962326,0.026437185485789924,1.4577725148786114,5.9563219885877585e-06,273.9765476859205,,4732.056227009921,0.07978369152333219,77.61298891863349,0.16784038985581812,0.4421780703622908,
2026-04-13,,,,,,,8.733253192225678,,,,,0.14602213870871167,0.9989460073165449,,4645.53707934186,82.37959180477768,,0.999809935396189,,0.0017833585940167855,3.4625361407793403e-06,,,0.999353926867172,1.0923510478151917,6.560557144452515,0.08213138972698478,0.03142282801611135,0.0006180589322732994,0.10205011730885717,0.1602746012993285,83.06,1.7237026089212417,1.8849176066251148,11.047145,0.9995939787570179,0.8126543702569444,1.029335,1.3252607819143487,1.0000315853967736,81.48683233639147,0.32125869177436445,422.367410877859,1.3495140914090067,3.019542735793908,,,1.0,89.94853692112257,1.1281296426022733,0.6654350098317321,1.7755403814448276e-06,8.054531010593484,8.148204569641152,1.9010291000182409,,0.8657508158435204,0.8587046454775832,1.4599731410483887,0.0067440110186318064,2.8938893153384764,40.9795372697224,361.5256639105822,1.0194392467313642,40.865249845809096,0.0909254064487368,0.23639715330538832,0.9999753262560667,,,0.9998442511886125,0.9999622867804969,0.9980281883343746,0.9995755414165269,0.007709128760504694,0.006425537177097768,0.00796848520792649,10.024008405985334,0.15053632622084231,1.6841425342355567,2.414401599328521,0.07300085149899539,0.2868229863595089,0.11022427613038793,0.08533048216301925,0.901862401350626,8.289426442012441,0.07888552007332342,1.22561407728168,0.35733094250970704,0.02511027115737081,1.4474052689997463,5.773944754542583e-06,258.9081057515921,,4652.736284592313,0.07865457057728505,74.1135727071627,0.1672105374901485,0.41043461137485715,
2026-04-14,,,,,,,9.3770323733802,,,,,0.15214999005229085,0.9991908687811824,,4728.632185619382,84.8624164093033,,0.9998900165628051,,0.0019253273664380586,3.759997712012949e-06,,,1.0001772341037725,1.1461638043985414,6.778036202540182,0.08583249104074937,0.033039919328550035,0.0005295077167394574,0.10920374674923758,0.17132520633338358,82.76,1.782754187334374,1.9204856723010737,11.048191,0.9993827970238028,0.8746814599180157,1.029813,1.375705421959058,0.9998403680747051,86.63567521441236,0.3204681212169237,438.7157866926036,1.4202934477721014,3.2462699759365212,,,1.0,103.85670178665698,1.129674376730814,0.6848777159346491,1.7800105547676533e-06,9.084380180061961,8.612730468989355,1.916865069935192,,0.9043174478107968,0.9186446104778613,1.6145985876053448,0.007106799033258933,3.058812906801864,41.287077199074,368.4302755317402,1.0266752723332668,44.411927880212254,0.09413802670092006,0.24881204464846315,0.9997737340740511,,,0.9997929820800054,1.0000300015549282,0.9982437377464118,0.9995948580397828,0.008054419140489828,0.007047432162993315,0.008133806063887083,10.002422769641667,0.15630895024488045,1.815144971608673,2.517170526378754,0.07590354453104178,0.30795967343353314,0.11279098329619747,0.08783908823730274,0.9609953200381303,8.780440387717748,0.07552480699497054,1.235266984607745,0.38789330595244154,0.026682291830297158,1.4355452056231082,6.012552064937624e-06,260.70384921549004,,4738.410290329929,0.08147383272118615,76.18284524393496,0.16683547812278338,0.4369233751711963,
2026-04-15,,,,,,,9.032913923175201,,,,,0.14994010382466227,0.9991869015371616,,4810.230998448057,85.06574119459596,,0.9996796600238674,,0.001830768249789251,3.575136990965493e-06,,,0.9999362719526105,1.026744087517257,6.797979883368847,0.0827663881271913,0.03232344769461934,0.0006555234307742519,0.10803136254418483,0.16522051984275743,82.76,1.744893116267626,1.8318325509776567,11.051352,1.0000304330290992,0.8594669486257797,1.030521,1.363623937325541,0.9998282572394899,83.81940155901538,0.32385301145267725,436.81632469741413,1.361194549450466,3.135350190229002,,,1.0,100.3759105299324,1.1290062531487453,0.654858949567299,1.779851812472256e-06,9.00997415551324,8.331301584819348,1.9015299483110732,1.1815782774113555,0.8982298437434126,0.8857196123058365,1.5641070850801362,0.006899848996832865,2.988713122206016,38.34703193859312,355.1248635737603,1.0274078393568333,43.59513814620711,0.09308929081856135,0.23997024878046727,0.9996020702713527,,,0.9997842798000317,0.9997308124732533,0.9980960093897832,0.9996706455751007,0.00803534934827292,0.006832609096996661,0.007734448885527058,9.871124574234342,0.15494569224525997,1.7320802684127252,2.430675382055062,0.07469445263976042,0.295331685473922,0.10950020120087124,0.08521595197486562,0.9347036653985547,8.450033660527483,0.07730083896389014,1.2387309153550274,0.36665614947957276,0.025994814504006328,1.3941950030832766,5.836649965139776e-06,239.661252566509,,4826.341280376287,0.08055467966947419,73.98039023652107,0.1663590929451994,0.424613345807885,
2026-04-16,,,,,,,9.265797067698873,,,,,0.1501386644287636,0.9991491589456882,,4808.65796433629,85.50791379140536,,0.9998129853649727,,0.0019116726041092872,3.7228282285415828e-06,,,1.0000450595714605,1.0393080369242766,7.061188259460224,0.08543268885077734,0.03318174005230536,0.0008138966370371816,0.11276506878452092,0.1693661931529704,82.76,1.7669459999680124,1.893540459032131,11.052414,0.999555106824584,0.8963003027782599,1.030748,1.3924365799367313,0.9998456904031748,84.96031849144572,0.32714588570214975,441.1817862308283,1.4114089822119211,3.2287148051814656,,,1.0,105.72803246869975,1.1309424227877134,0.6656824307131989,1.792294626077087e-06,8.615676915765878,8.448671636680292,1.912065296607393,1.1833854855824901,0.9007429580120315,0.9173572894201176,1.642392156412834,0.007071369937480583,3.253189445856781,38.061196454462625,346.3443027583549,1.0332667376287175,44.68312026763872,0.0949870278397279,0.24648242461580677,0.9998811786427759,,,0.9999998657931249,0.9997571770139805,0.9981007523151767,0.9994989608339191,0.008106043020667869,0.007168787023755626,0.00783963175254293,9.758214788462658,0.15797668835719977,1.8262133742652285,2.502453791279154,0.07520126276050441,0.30210421477119376,0.11431839299387364,0.08720931353066498,0.9607630757978227,8.604578041069432,0.06575245377999851,1.2397148750718774,0.3766396706160317,0.026419340544169004,1.4052119194404256,5.970108377523767e-06,241.49292631634447,,4818.40898435542,0.080892729171578,74.28096351645459,0.16787082554550517,0.4532631777407363,
2026-04-17,,,,,,,9.596463190414335,,,,,0.14820000396364297,1.0000173231433431,,4770.010733436964,87.00179728882742,,0.9998175746849884,,0.002010184784486224,3.986811534126019e-06,,,1.0000007704974512,1.0446597881646986,7.203798399683706,0.09066326856140297,0.03406309708411357,0.0005442361408556134,0.11597754118679628,0.18034376073733283,82.76,1.809859323805203,1.8764242206671584,11.053455,0.9995730769307417,1.000749574145999,1.030817,1.4535685190773635,0.99984704174086,89.09592877870321,0.3269918758809208,455.04012326562713,1.431664455087953,3.4314468270866048,,,1.0,115.45585014032136,1.13059868358882,0.6737318778890591,1.781212398129572e-06,8.564314991223505,8.756782864346583,1.9008463426501332,1.1811642435644754,0.904964816312515,0.9961919267313261,1.628674731229369,0.007427988865856357,3.406431426399066,36.98883849408602,341.0785839177757,1.0232583903627674,43.869238488194966,0.09926332003255442,0.25955002200222116,0.9998647372005915,,,0.9998145016495155,1.0000093104043548,0.998091202856701,0.9994218465535603,0.008243943769532013,0.007885752275814747,0.0077349153484404425,9.97718260854901,0.1693082283951435,1.7972221205511183,2.6480680380316852,0.07667519772145412,0.32222927976695287,0.12826325426806048,0.0907799701801431,1.0002758357501422,8.623729414234946,0.06511359005792211,1.2371536193020014,0.4094920696834717,0.026135997340805385,1.4324551594478472,6.273255937541318e-06,253.21126616828445,,4773.4992472337835,0.08221017776130211,75.49090740140865,0.1729777556663505,0.4813372066799502,
2026-04-18,,,,,,,9.620085106901186,,,,,0.15046590899981427,0.9999576378008307,,4815.026492869182,86.51438572279176,,0.999701303567601,,0.0019996952673439687,3.960565239553146e-06,,,1.0001620328939151,1.0476452766011062,7.266861642590686,0.09048489115095394,0.03615542587663195,0.0004740754734660857,0.11109362889538722,0.18515637675823607,82.76,1.8355176919048997,1.8688595391522798,11.054503,0.9991615818982427,0.9969990495543725,1.030821,1.476944178548981,0.9999715654049253,88.8299708972434,0.3278262042421464,453.7478780345499,1.408719156125617,3.4564412700582072,,,1.0,115.00994618859315,1.1304974765981823,0.6816061727159123,1.7851185963383293e-06,8.839331264251586,8.78756480370183,1.9097046057578517,1.1805489989251705,0.9261913569629026,0.9845450009827766,1.592594370449223,0.0073418538024219325,3.366895732809818,36.89859402592628,329.0388515284742,1.0213541489854043,44.62191347940372,0.0994917214372348,0.25885057139935824,0.9998590152641779,,,0.9998659305746495,0.9999385478709852,0.9980330568374578,0.9996858679651192,0.00846391827595422,0.0076942533929750334,0.007615869477961545,10.0342461313637,0.17431308792143468,1.9373142107505377,2.6184122506556404,0.07837514626795117,0.27992841519706396,0.13062324825889501,0.09082225410647683,0.9981330706677513,8.744130783716654,0.06851728399399672,1.2363447789535893,0.434882381925472,0.025818946756200768,1.4167750844142772,6.31381347263812e-06,257.80162236585636,,4821.486662685604,0.08097088536275189,76.95077760637632,0.17906541294975048,0.5140799526445453,
2026-04-19,,,,,,,9.284879780262658,,,,,0.14701295467958436,0.9998784024049452,,4777.602562446021,84.02287102850109,,0.9997282405504164,,0.0018775342114898082,3.7762932069784e-06,,,1.0001274102617632,0.9781388108546658,7.218270008666148,0.08959180444419636,0.03429914351018205,0.0005363785514042094,0.10663349987873655,0.17909718577757835,82.76,1.7840074377641488,1.7756212549220316,11.054503,0.9993898427168066,0.9362306165803178,1.030821,1.4342426784687692,0.9998955029109061,86.16588217188954,0.32950086685658075,444.18918330718924,1.343977592247418,3.3501307428177167,,,1.0,101.17101878184901,1.1313328067868387,0.6610826553452371,1.7983304055559313e-06,8.630152090659564,8.512261895243832,1.8606846412782347,1.180398919421573,0.9045999098726761,0.942451605326566,1.5441856609264537,0.007076147669123744,3.206034381972082,34.53868443857499,323.23676903450365,,43.81014817680186,0.09476604488040938,0.2492909432782687,0.9996420413134187,,,0.9996760805132129,0.9996535813207011,0.9980941014660126,0.9995401335172283,0.008159533208156879,0.007273205654012082,0.007678453445310747,9.939087270342096,0.17051772123109551,1.9254668978856344,2.491283717201588,0.07640449724656258,0.2624141155479138,0.12846656449028288,0.08882846669425222,0.9574610760080149,8.595960080771851,0.07087808578969061,1.2361876063069057,0.4033509568947331,0.02634420482797003,1.3130616015807124,6.070580867365945e-06,243.3540569723242,,4776.545216820204,0.07904071669987663,74.11414817342403,0.1751248964693934,0.4743526137939602,
2026-04-20,,,,,,,9.06570044741811,,,,,0.1477263539037414,1.0001937307770905,,4735.211432172386,82.4871402911681,,0.9998186171192142,,0.001773075303095938,3.6518019009214397e-06,,,1.0001444024659027,0.8913139254341422,7.108570529140913,0.0876630789214619,0.03418525585050514,0.0005018812722441148,0.10166594951556068,0.16877310393753103,82.76,1.7593708936819445,1.7279059456907868,11.054503,0.9995059874811125,0.9110915618659571,1.030821,1.3956962596939182,0.9999731941749629,83.50924821523091,0.3291303515069992,436.33925761761174,1.3264646669679276,3.230797064151193,,,1.0,90.33642420501086,1.1303514290460839,0.6218436785287684,1.8032640822814882e-06,8.936215838675889,8.25113407607941,1.8834179735095053,1.1771385776231427,0.8779008557590757,0.9075137451483531,1.5056381094059177,0.006949792490775161,3.176555579439877,33.53607222195391,301.4358873298485,1.0167564273724747,40.6047511738096,0.09306145280115537,0.2427610406352045,0.999807544621773,,,0.9997483460953192,0.9999103414363897,0.998060723442778,0.9998008708738741,0.007938348429627616,0.006959351719816809,0.007556031149202783,9.972330392214245,0.16681163275571867,1.9029547472561248,2.409251768770549,0.07568165179486872,0.25781847877880454,0.12088101299063606,0.08733386721835144,0.9235208726933745,8.400363373796273,0.07260551086078243,1.2327731723750965,0.3711691898464234,0.02566881047554401,1.2884786454092318,5.900962553950454e-06,239.59677433102596,,4739.52302761796,0.07740732683311446,72.88886253175616,0.1708501875135752,0.453169521622799,
2026-04-21,,,,,,,9.2876902270582,,,,,0.15871688188610583,0.9997535376310718,,4802.148355859648,83.42046302459322,1.123508263439829,0.9998408676975535,,0.0018218203301759567,3.756970028016802e-06,,,1.0001260416304498,0.8993431532408714,7.294357111867988,0.09312008513433816,0.034817455027206005,0.0005142037094301349,0.10342730834020232,0.16916548301192805,82.76,1.7999033515791292,1.7913894155064338,11.055581,0.9993958483657424,0.9358037245583615,1.03098,1.4252047684646112,0.99986779865906,85.29408341135965,0.32900286699800674,443.7470363891971,1.3632482025456778,3.2329818135305977,,,1.0,90.6893630058516,1.1297470214971552,0.6302760220548504,1.8077461214781835e-06,9.488527788207048,8.406087772203264,1.9008440475194541,1.18180639748098,0.900778048948165,0.9231834818987408,1.5309914017607957,0.0070967751905350075,3.2842814378379623,34.22968375333724,312.1316138135164,1.0303405868079356,40.71922265933621,0.0952458934166297,0.24811083268234596,0.9997023426264465,,,0.9997512627851145,0.999699193169803,0.9977484173500674,0.9996400583581705,0.008116522858714845,0.007521975127466602,0.007542626166179977,10.222225561732348,0.17384223332239374,1.9179777799684516,2.4597099253321866,0.07858248265568928,0.26235182542447033,0.1261777162206981,0.08976386770597229,0.9447179054817392,8.548116349043605,0.07308189766748176,1.2376818323230228,0.38400623904414427,0.02562063218764024,1.348709116913198,6.007002633139657e-06,244.27253727639214,,4807.303512439086,0.07837327553835377,74.20579394498546,0.17355125184735162,0.45808822254108134,
2026-04-22,,,,,,,9.398875424254951,,,,,0.15097357990151702,0.999920561573051,,4726.472544796432,83.91254955255843,1.123334152684859,0.9999205615730503,,0.0018456253926136138,3.812880799076158e-06,,,1.0001092086520207,0.8979960037510802,7.280989208084604,0.09349902594985081,0.034260062671585545,0.00050533253330014,0.10326814274064976,0.17219407811180962,82.76,1.8451468974178498,1.793497785140077,11.058704,0.9992255774044856,0.9387893816151643,1.030659,1.4337758080346694,0.9998265992911982,86.0424364200775,0.332972567254329,448.4168059418019,1.3861547219720405,3.2712613047107517,,,1.0,91.873166978873,1.1304719746853118,0.6311703817861197,1.8349186225663294e-06,8.86715051410332,8.433102959317536,1.8814191089987558,1.1778310955150857,0.9032538489580864,0.9264985848200875,1.5372769478691042,0.007156884492628114,3.265213815917551,36.680019138947806,316.97557480106843,1.0340342102710762,39.767158828535145,0.09519329236596695,0.2498173080278333,0.9998179682540926,,,0.9998205495144815,0.9999205615730502,0.9976202842259629,0.9996208328388563,0.008053388424768678,0.007765303729095057,0.007751231315965203,10.356477536107725,0.179048484418988,1.9501521358596563,2.4619918881019505,0.07989351619056746,0.26188302349341186,0.1253412920907797,0.0903465322791936,0.949481477061011,8.516026787151954,0.08141076254984221,1.2335248398696879,0.3806053212704802,0.026432467562847603,1.3631643582957267,6.088522505176181e-06,245.18415858404063,,4729.280006740079,0.078983241480532,73.6633478969655,0.1687108177502453,0.46369189015093243,
2026-04-23,,,,,,,9.296029673012887,,,,,0.15210754454521125,0.999896457744805,,4710.908578085105,83.97371127960085,1.122951910495022,0.9998933775138197,,0.0018410546540659901,3.7956935879427863e-06,,,1.0000812257456724,0.8803152636208373,7.379006714794891,0.09327888400375373,0.03429738826949596,0.00047921793089732563,0.10307148009849265,0.17207969030239287,82.76,1.865285416560428,1.8128027441376735,11.05974,0.9987671259165144,0.9453726203436199,1.031031,1.4301743977390085,0.9998250634977661,86.93158314182028,0.3296696960587235,460.54077868720617,1.4024126260742926,3.318389969923879,,,1.0,94.06575723318498,1.1337571618830422,0.6443485494045054,1.8342015838179307e-06,8.807368939069251,8.454866753161017,1.9434374731255186,1.171942328,0.911753741826195,0.9282623697043849,1.519289337095452,0.007142248585039563,3.2882457840768327,35.390901836604776,316.58530374685,1.0359452594402982,41.15980233954531,0.09567002452880184,0.24851353322249722,0.9998094829930008,,,0.9997932831069102,0.9999265436023259,0.9965715884866404,0.9996907523894603,0.007994196455594559,0.008235652124095187,0.007697381475496623,10.15355318818683,0.17664468893568672,1.9652560406380581,2.4917213197910866,0.08311390646769096,0.26134744240459246,0.1279537741363686,0.09082876439495742,0.945109778109508,8.51618181072022,0.08265526499349288,1.2295716200476432,0.424677359441293,0.026159040883935104,1.3626957410893845,6.108487929843885e-06,245.90654232018645,,4714.315310039638,0.078109821452387,73.32835301919248,0.16830630493495302,0.4566499713062242,
2026-04-24,,,,,,,9.34967880204603,,,,,0.15036525735172826,0.9998757266825565,,4686.761061930834,83.95780168080006,1.1225428714651606,0.9998340334836162,,0.0017967893885097149,3.828747543251242e-06,,,1.0001150051724876,0.9249547809299673,7.354740405052465,0.09437361124703332,0.03427623425033505,0.0003792023840982447,0.104502963528421,0.17328586470701487,82.76,1.9115374320350345,1.8064458220134518,11.060752,0.9995048082904586,0.9521746501436699,1.031048,1.4394581994074445,0.9997879187433891,86.14014927124724,0.3288613948743078,460.75137817126677,1.405879235817317,3.294574690431838,,,1.0,94.3777200695502,1.1308049393357462,0.647200965659139,1.8339688682385864e-06,8.591474568553298,8.52320642058725,1.9529115016748106,1.176248095,0.9035687420472254,0.9297989266190133,1.510450555077158,0.00724802631839788,3.3828747865245994,36.520474143144874,342.71970403779466,1.0311367119384311,41.302825275518494,0.09717533470696661,0.2499474674846765,1.0000262442052583,,,0.9998324067885472,1.0001877075756271,0.9968088698597231,0.9995330665065669,0.00793009524750258,0.008454608114334882,0.007508858505281399,9.937033746388176,0.1754304246222503,1.9171339075372167,2.485771775729316,0.08542092244444302,0.26179376786483355,0.1276913065225194,0.09083247642312725,0.9460877682279575,8.47972174076284,0.08092033563851019,1.2273073543707471,0.4350222026675107,0.037851427757772164,1.3327751417319729,6.157736990989647e-06,252.9564942078897,,4685.358218841994,0.0777336373195533,70.5462959848942,0.16840947416500598,0.4556608743950526,
2026-04-25,,,,,,,9.374277004587974,,,,,0.15221738800440726,0.9998090857114685,,4691.4295974248325,83.74480870314326,1.1222081482070874,0.9999424184841283,,0.0017772582451635827,3.864185982457954e-06,,,0.9999778382472266,0.9460037286347527,7.3872570344023405,0.09187529430387717,0.03368426754360111,0.00035476213761589633,0.10990061732546486,0.17354356292481332,82.76,1.991800384613122,1.7920626290050126,11.061951,0.9992780175850088,0.9872843628131323,,1.436134425683369,0.9997735340752997,86.2185542154086,0.3233805325566996,456.50099145582755,1.4084978877172418,3.2546361538624202,,,1.0,94.38799995086771,1.1315362370859516,0.6477534883517595,1.8316092915638695e-06,8.794217297904058,8.54193375203663,1.980881729106381,1.176248095,0.9076699954240057,0.9413414948361002,1.502721499814586,0.00727364530780745,3.4304409021000914,36.54513531097196,359.5717517922404,1.0255518571209137,41.14350746954549,0.09848730237251432,0.25044102509723154,0.999755024957971,,,0.9997960064516528,0.9997736031714486,0.9965534567726518,0.9993971530749719,0.007922732947871877,0.008385411810460631,0.007547217682682756,10.290934812639101,0.17314028308918722,1.851389536119717,2.4564230510938185,0.0846119145670404,0.25958108863225343,0.12812561594566343,0.09099929594044984,0.9464539543499556,8.419329551081793,0.07975417797509807,1.2315601539897123,0.4238543085627973,0.03265665599902197,1.3378389945887725,6.2069605781518366e-06,248.67996445219296,,4696.687610833682,0.07531973390517173,71.70983649119022,0.1696699783925917,0.4476745870516298,
2026-04-26,,,,,,,9.3450964564997,,,,,0.15180761217498034,0.9997118081052645,,4689.161103329003,84.28509686476154,,0.999909056371064,,0.0017496419773334849,3.852075623488346e-06,,,0.9996628039292129,0.9287078753097301,7.335085297368277,0.09189956980679886,0.0336266604485831,0.0003321954135155438,0.11536362899677413,0.17295096045205002,82.76,2.0301578324786727,1.8055005851868184,11.061951,0.999078799391807,0.9672395536118547,,1.426350778891515,0.9998887679272858,86.19672544782625,0.32403619812662354,453.555638996224,1.4019956905285553,3.2580420815813533,,,1.0,94.1232272986315,1.1317986624018155,0.6591538958909996,1.8138820976492241e-06,9.12785931612673,8.456367453138387,1.9580076700220772,1.174416726,0.9053496502205843,0.9377922048146774,1.5014334958888889,0.007373702517399336,3.54798370246186,36.14302715724877,358.87369818910685,,41.497574008890595,0.09801603954287866,0.2503721643395417,0.9998760852302402,,,0.9999007923727505,1.000039891999015,0.9960875856877071,0.9995101041967728,0.007898905256040879,0.008625642235743145,0.007050782814819523,10.17695059741848,0.16987972126131695,1.8645952155161387,2.432760247417213,0.08491256627742233,0.2569219963117862,0.12839449010145051,0.09126865757926146,0.9391273538650249,8.41533876733952,0.07907039365962648,1.2315890291480662,0.42435143782008333,0.033505512272127363,1.317917231709062,6.178129018275699e-06,247.74205216038635,,4690.5483770376695,0.07505762973836883,70.40150528173064,0.1718738306787524,0.4393578087687864,
2026-04-27,,,,,,,9.488101833519154,,,,,0.15055365896945613,0.9998327590710617,,4674.872281382019,84.55668603339552,1.122503232575814,0.9998184325952933,,0.0017612021546995725,3.902350827994676e-06,,,0.9997209369275548,0.9124538006041978,7.3560158464443095,0.09242681261359979,0.03385519807520434,0.000301178213995797,0.12001007250032193,0.18267432752004478,82.76,2.003157936105857,1.8229428805165997,11.061951,0.9994941052932943,0.9835252761031067,,1.432179767588003,0.9998716358280382,86.93731595191888,0.32356194088304185,455.1660718905457,1.3947324283378268,3.284449819664883,,,1.0,96.60549742841738,1.132530404605731,0.6548812297015673,1.8080151958861026e-06,9.560941444273285,8.52504267510208,1.9846060895152497,1.176194328,0.9185838102639067,0.9434601980337081,1.5302092263987486,0.00736909810750962,3.7427051407487695,36.26470656851923,355.14083138404015,1.0181143607848755,42.50309124340716,0.09923963650431246,0.25226058867422796,0.999939863981446,,,0.9997618933531407,0.9999106496295967,0.9967703248757089,0.9994618614549173,0.007920773483704123,0.008961279777326737,0.007533672669408356,10.435460896612842,0.17088416919978736,1.9567726727946229,2.4460925760425436,0.08821297979154258,0.25770497209165766,0.12878261121571516,0.09234059545589084,0.9457595720557995,8.546251656394539,0.08098577284785435,1.2297797323825121,0.46203873543530527,0.03342460928661739,1.3155856569387872,6.2151862754191726e-06,251.54018842502492,,4674.27189469738,0.07510189257257914,70.88673206013226,0.1812426074101112,0.44608892558505153,
2026-04-28,,,,,,,9.323624823990256,,,,,0.1479028022172237,0.9998460112076092,,4685.650924402525,83.69623311786012,1.1225249647461129,0.9998478207827387,,0.0017781679320591928,3.907614275161275e-06,,,0.9996227304295608,0.8639017361927408,7.310775739218409,0.09246536861981157,0.03338532305173359,0.0003074028302040155,0.11666700363869148,0.19485836084294264,105.75,1.9878977893111562,1.7894251810206705,11.063004,0.999132892323886,0.9665201884256539,,1.403977352114116,0.9997876955706995,84.80959100944631,0.32531230221313917,450.0949405516112,1.3640895167344238,3.2508216984659253,,,1.0,97.5926826253245,1.1315725781074255,0.6374650856947883,1.8302691887612509e-06,8.980814555191579,8.402625293296511,1.9672925371048104,1.175699555,0.8991740803055435,0.9232716136210621,1.5078708471821187,0.007232276608601186,3.586635659481772,35.51474053125718,355.3007404833218,1.0307769039254295,41.64959025718131,0.09897735477346298,0.24825683916175514,0.9997628999213685,,,0.9998437960159215,0.9998007496562212,0.9973695765989068,0.9992752322167928,0.007756588825181162,0.010351103942540263,0.007179289666067719,10.359113754095173,0.1662604716242814,1.9544520352799328,2.4261502841658866,0.08948525537914594,0.2521520756135083,0.125845074604605,0.08977149927810359,0.9359108057568467,8.486963820311702,0.08184677886560411,1.2316596251506382,0.45920227479264003,0.03597500083735962,1.3078923540712317,6.144816975968609e-06,248.24244443036739,,4683.060880980965,0.0728146967360392,69.83988204143846,0.18325972260070267,0.4344131199264447,
2026-04-29,,,,,,,9.241565917220926,,,,,0.14901319991569298,0.9998005964293943,,4589.853411634823,82.75505814477337,1.122599278330211,0.9998864810233686,,0.0019002179556179529,3.881175740823285e-06,,,0.9997310462475374,0.8963272082963331,7.284218388597626,0.09197420171622989,0.03279128204682389,0.0003112335172641404,0.11199495147882041,0.18878229155537568,105.75,1.9536396702647774,1.7458729605327405,11.064665,0.9991197088717279,0.9658994025145137,,1.3830126883729867,0.9997849149635016,84.04602358960982,0.3230866118973128,453.96272140599285,1.3472791417042964,3.241828948149037,,,1.0,96.49004962048771,1.1330796064047752,0.6305228368812545,1.831771488047862e-06,8.886792787928101,8.404481992622717,1.959465934103904,1.17244514,0.8892761049894523,0.9186034009533852,1.5020540630607304,0.007144803963924589,3.5697085532829695,34.83152684688793,335.929240781846,1.040656229103013,40.15975321669774,0.09933761699542092,0.24681828341907652,0.9997729434706939,,,0.9997958648245172,0.9998503186009999,0.9967954150355847,0.999192915828059,0.0076016056193114944,0.010198013159390689,0.007453712661963877,10.476757151764733,0.1619153765560252,1.9595417559877315,2.397783169346791,0.08614337434409633,0.24904412311212215,0.12371711107154543,0.08895135384117568,0.9255642215457744,8.45383704386787,0.08473378919540392,1.231152128163185,0.45932316256200934,0.0365227105867897,1.3027250507727715,6.136698740893795e-06,258.27606831849704,,4588.8159270164215,0.0737847100364643,69.1742897472103,0.19488154543880112,0.42690580242874265,
2026-04-30,,,,,,,9.111840909839144,,,,,0.1512933174107234,0.9996208791515082,,4558.414666343783,82.48194599863002,1.1224712721487753,0.9999322680511943,,0.0017438060263082445,3.853743550809333e-06,,,0.9994798762001694,0.9484508076403938,7.225092278710151,0.09296200767715894,0.03253741005291424,0.000297532943128314,0.11038843594408994,0.182201994556848,105.75,1.9276568783732035,1.7158321344747987,11.065664,0.9992144474710751,0.9895176823923446,,1.3706147124320556,0.9997372757367828,83.03560020545386,0.3230656334014304,447.8326085560188,1.3271960114836543,3.1917151896315246,,,1.0,93.28657439478684,1.130525546858957,0.6245192548107692,1.8202247187609963e-06,8.750594353404132,8.340868969436684,1.9780822232199937,1.1771822,0.8843529817110399,0.9153322938653499,1.475425045421805,0.006995926469635791,3.4731389474535797,34.531314816991156,327.2711792293861,1.0343822314020963,39.95048948285373,0.10410777312492496,0.24460281948695048,0.9998368496515434,,,0.9998184802154745,0.9998212743154946,0.9967752027359978,0.9991181966938877,0.0075228515153019475,0.00971074544367708,0.007816581370521157,10.247610527925046,0.16474559762491608,1.9628451115007541,2.3815860275861347,0.08161093508788816,0.2457767541245258,0.1246174147345359,0.08866632449752528,0.9072258869770515,8.402412992389937,0.08669450419331058,1.2277249819762026,0.47304107714449745,0.03277159653411694,1.3205261347604769,6.15873198783507e-06,253.9389918075199,,4553.947381266167,0.06322736081017798,69.3958374354969,0.19028073782150812,0.41256370507225576,
2026-05-01,,,,,,,9.10124166108337,,,,,0.15027339408029142,0.9995132519251899,,4613.537748775129,82.42063764004786,,0.9998258157704211,,0.001774822240791013,3.873596767385635e-06,,,0.9991735707480569,0.8843067844278182,7.232486465386616,0.09519826544098209,0.03248521949005371,0.0003182411804928193,0.11027040662883017,0.1799490567659797,105.75,1.887625080862625,1.6753783070167214,11.066706,0.9992781348586979,0.9938266767861152,,1.3686295149928924,0.999645078767337,83.03995075848528,0.3266063272441348,441.9764017454791,1.296511817610316,3.184992417601737,,,1.0,92.82650504463282,1.1328559738281323,0.6276210896043569,1.824950233181406e-06,8.533838661899859,8.345307113686673,1.9915280290363684,1.177016536,0.894679813464818,0.9223828553995943,1.4474749358517616,0.00698885536206061,3.4236682714836855,35.41113432722254,350.46215596891324,1.0319200571071636,39.690647295664235,0.10650890646365473,0.24619539102383303,0.9997189507382355,,,0.9997005393545291,0.9997848607656326,0.9966043233056175,0.9987983257754973,0.007466302248398248,0.009974921229522905,0.007834857954747957,10.258886590877383,0.15845157377955815,2.000410577385159,2.3755964634870925,0.07962061011966687,0.24022210956017653,0.1228789246003547,0.08734562345515329,0.9081819084506138,8.447456250521428,0.08889967685934097,1.2327570937064871,0.44941826482248964,0.03315858336276579,1.334745727010102,6.224693460303535e-06,248.90728474852347,,4617.012338025277,0.060836541861311655,68.9138655322258,0.17762200364301672,0.41016564891869656,
2026-05-02,,,,,,,9.094446430789157,,,,,0.14970725236182633,0.9997950547187134,,4601.627695061399,83.15452460733864,,0.9999488718493323,,0.0018137389379080427,3.93667082117929e-06,,,0.9996148178089023,0.9025916318361782,7.239510951264627,0.09561071813094124,0.03262650846080605,0.000336051385103683,0.10875044814982752,0.1788189366907143,105.75,1.8972726354503044,1.702259059775848,11.067755,0.9997221685537014,0.9904475055676414,,1.387111151936983,0.9997970196727951,83.74516060974149,0.32691593036038297,450.83519831397354,1.288492926105208,3.2040175730190814,,,1.0,92.05633560918113,1.1267262864836325,0.6302684851403533,1.8353417465082812e-06,9.27954509756839,8.407995558210885,2.0110643255661937,1.177016536,0.9056628809893044,0.9188609377314515,1.4519515937776046,0.007164060641959138,3.6435876939658196,37.65913832717932,384.8989994397008,1.035030793459208,41.137284773325376,0.10847731287240484,0.24826389040782773,0.99991518050174,,,0.9997470685570118,1.0000050932916822,0.9964901659949633,0.999296090466342,0.007513592043612165,0.009858492475631343,0.007845355277167532,10.22971442334484,0.15957882784061797,1.9674100131511405,2.3435687101734457,0.0807995162461272,0.2322044303015213,0.12282979846216315,0.08815597292148533,0.9189242594193257,8.34916016085981,0.08580290971472647,1.2322974112305478,0.4506294429028262,0.03350253480206856,1.3203199838301758,6.273260516054838e-06,270.74385821844953,,4603.318075489355,0.054596428661990326,68.77703818244802,0.18185729702797715,0.4095744696915463,
2026-05-03,,,,,,,9.173304049094675,,,,,0.14811027250135783,0.9998556534528339,,4597.395419796645,85.227278093696,,0.9998351568448256,,0.0018183639029802055,3.99169556802573e-06,,,0.999501224231311,0.908495634352224,7.2450694189247224,0.09739390269371179,0.033199276787710376,0.0003278083226786718,0.11300110563207559,0.18056778401422588,105.75,1.8834481348596357,1.7832313139738143,11.067755,0.9995758554862386,1.0018830358734152,,1.3943322006711885,0.9998902365565114,84.2627584319434,0.32995993347414493,446.0358908084614,1.2982721995985946,3.253757230338984,,,1.0,93.25203411407958,1.1321724305938667,0.6297770784869178,1.8474835351787303e-06,9.31415253885103,8.523018429805012,2.0140967936505074,1.176933721,0.9108047455681069,0.931809032113675,1.4663476153095807,0.0072133943856029,3.801005833083506,37.09788770861538,387.7180626065733,,41.259744601390416,0.1084968617609307,0.25016326621874935,0.9998933961312526,,,0.9999469315444591,1.0001414678105192,0.9965307179299471,0.9993591452015902,0.0075601464713856,0.009888384706076694,0.0076532278581050335,10.241205398767715,0.15991030728878478,1.975792049858825,2.3662140174149333,0.08079042393084954,0.24014260694993295,0.1217744152477066,0.08858462967586779,0.9275770139450942,8.37767549576305,0.08401644333895253,1.2325503387190602,0.4540261069752544,0.03336205436942384,1.3431219362614968,6.276061164075317e-06,286.80056413333557,,4597.561426458834,0.05557801223431438,68.68073702362139,0.17881870686174697,0.4174157122960285,
2026-05-04,,,,,,,9.122322434969947,,,,,0.1478918958044046,0.999806197909004,,4603.6922389116235,85.46508708161558,,0.9997865817436035,,0.0017993352254838165,3.941275367992178e-06,,,0.9993039820044808,0.9227326163352538,7.301440518586336,0.09551698156365701,0.033616132325063684,0.00032796622800860365,0.11332554486704353,0.17729845809861414,105.75,1.8749283314804976,1.8278584884866047,11.067755,0.9997490301297776,0.9857779006846115,,1.388725666103684,0.9997994419302714,83.84166473387728,0.3382174852055166,443.86104970677184,1.2749393974520355,3.232323471985247,,,1.0,92.35638759905221,1.131030487590035,0.6320567907952376,1.906943203202351e-06,9.532188141541562,8.47719691893502,2.0022147551200824,1.173522431,0.8994270240056913,0.9224724903336828,1.4912936674956558,0.00720693739816497,3.732865822209616,39.17339071341788,412.92739938104694,1.038181654930934,41.50565278757201,0.10814607580649797,0.2494502850782546,0.9998739808463413,,,0.9997929169213373,0.9999240928752167,0.9970023760825342,0.9991879604751488,0.007526686270606439,0.009874323584241316,0.007497732843953804,10.324595576467175,0.15792618617334744,1.9274724379133716,2.3406051574786884,0.0798052866823025,0.23360663325428319,0.1166238225337156,0.08771844012316449,0.9199101766494371,8.394465626979995,0.08454101109295502,1.2323768915407205,0.45013035477581315,0.03296116949684734,1.3528688742421626,6.16635863634107e-06,289.3087207833422,,4604.640620034433,0.05825269237552533,68.19358854955176,0.17641772732497502,0.4134781139295509,
2026-05-05,,,,,,,9.35316461378831,,,,,0.14803314363734535,0.9998269500024224,,4517.313604675775,85.09070161266482,,0.9998052433746957,,0.0018232937177350107,3.985654140502454e-06,,,0.9996641965247067,0.9053859909132602,7.343735349429778,0.09745316937196562,0.03338870206861962,0.0003360539061465045,0.1117328737067725,0.17822058224124301,105.77,1.8883775259507067,1.820180869076135,11.068806,0.9995705020992699,0.9656704007628799,,1.3924135298140945,0.9998237649562218,84.08449536741543,0.3408626397772563,444.1531002934248,1.2623301871847734,3.2724440976039095,,,1.0,92.25105256208911,1.1333420632106004,0.638883761584923,1.9193398299270517e-06,9.179756634635078,8.685468015473026,2.0522296335447487,1.175985004,0.9027998094600221,0.934702819227142,1.4992510871956157,0.007162022384973479,3.679547210938684,47.6400631450466,423.11100554108884,1.0296180555394823,41.792425667415934,0.11006552785100811,0.24991041199658137,0.9998888783401215,,,1.000004411321611,0.9999287180451046,0.9971665986468796,0.9992841852552383,0.007530426494129673,0.01010271442834782,0.007463556531105258,10.05740414329569,0.15756638089169492,2.0053446243088913,2.362092011050322,0.080456497661232,0.2344945656340836,0.11560364189787678,0.08773194204188006,0.9289294208854422,8.442299387718167,0.08506681983366358,1.228825776309282,0.44572565403853753,0.033678112118684427,1.6528395412986006,6.192854885781738e-06,284.88159777593324,,4515.75697072632,0.06377687710605409,67.31849699761652,0.18146369368313695,0.42244112351295504,
2026-05-06,,,,,,,9.76586886178479,,,,,0.1473988201334246,0.9996456275659465,,4584.598884855265,85.87855683897907,,0.9998523830692062,,0.0018554818886544566,4.1149288335000765e-06,,,0.9997846862186893,0.9659001757545741,7.371321484780976,0.09806446015752683,0.03443606943430363,0.0003354658393585839,0.11991374044405798,0.19160167419956406,105.77,1.8833457865077763,1.8936295229349946,11.071911,0.9996944438650563,0.9916428465630711,,1.4135034968103786,0.999853716401482,86.30486668344513,0.34468901853353945,461.26950088591,1.2966351575145465,3.359021241878371,,,1.0,93.50505019558086,1.1315965639358672,0.6455440043167486,1.940052182604261e-06,10.27838762939712,9.021515739322766,2.0608193481910626,1.179232893,0.9046763621344024,0.9742003230870343,1.5081968117793656,0.007516446128958096,3.7556997731276835,49.045098440952195,516.8631045193268,1.0336388352580164,43.72390932645901,0.11486178384889632,0.2621021097718328,0.9998826353840138,,,0.9998678715196581,0.999773566627533,0.997562343885627,0.9994599230027637,0.007622892341309715,0.01104798588771486,0.007361940535652274,10.217867556428914,0.15982905518646984,2.220837278992317,2.653424421802634,0.07947228218521096,0.24326578761028098,0.11924061362853114,0.09031908461486725,0.9667880243053825,8.481135808018578,0.08516720425511498,1.2314681594931014,0.46877877807000734,0.03369500372751919,1.953028482679171,6.346020168092951e-06,292.44950651813866,,4583.197612802111,0.06517181162344092,68.82862219228501,0.18390190788428198,0.42587772869979046,
2026-05-07,,,,,,,9.996350244711056,,,,,0.14696177552576417,0.9994416779162417,,4685.466121499453,87.14607080603116,,0.9999175129120983,,0.0019485964744106437,4.163962949374456e-06,,,0.9997964922026767,0.9550777684065094,7.485477828225353,0.09918483095732133,0.03655804228239698,0.0003326230986328502,0.11992415771021983,0.1985672315237312,105.77,1.9026306183000274,1.9623838735660486,11.072958,0.9995898126487307,1.0230448098055434,,1.4294969503913497,0.9997689354507281,89.16544229478262,0.3462086046985346,465.8996204204394,1.491332805005534,3.476148674972292,,,1.0,94.30724203315633,1.0929087346918123,0.6678581532334104,1.956757035573079e-06,12.291101379652575,9.396237400327523,2.1830033371013586,1.17792351,0.9028995219860387,1.117074447733853,1.5696616837689594,0.007719802065356496,3.8988784395872216,51.53321427785819,554.642508441284,1.0198924986916087,43.10926031612621,0.11248049391049046,0.26710631889126357,0.9999183063776462,,,0.9998255122145535,1.0016185014190304,0.9984245825433139,0.9993258373061686,0.007814604473413742,0.010757465553997475,0.0071968091344846614,10.227198976962292,0.1617764091418167,2.244636260781015,3.1990109774450572,0.08009933369950294,0.25498367446230297,0.12734049252478083,0.09146134646870549,0.9937096877038549,8.438848115545717,0.08058727332884329,1.2347779405390231,0.4631887907169002,0.03347378757463747,2.447924265839122,6.4160924962923875e-06,309.1665381535731,,4687.134768843892,0.06712692410932002,70.56037787210983,0.17889428576996452,0.4375861621918368,
2026-05-08,,,,,,,9.852846845218018,,,,,0.14541671981031412,0.9995328454506852,,4695.435849899931,85.69669664965821,,1.0000585491812766,,0.0020159233983835117,4.158028249797783e-06,,,0.9997199822884238,0.9892148145368665,7.308103839384202,0.09869090011866459,0.03536773039538743,0.00030687919977805264,0.12849192067090212,0.20603478883028584,105.77,1.8860576638024398,1.9479449087852283,11.074009,0.9998645091258426,1.0264178610642665,,1.3919587883116804,0.999884716788652,88.43226804224953,0.3489678068232581,450.5590631732296,1.4697265609718655,3.434691868751921,,,1.0,92.43822503433576,1.1315420509125118,0.6617391039018248,1.9615556201989476e-06,12.36235959262974,9.223982908126311,2.119730664061281,1.184175021,0.8943459887757428,1.0978756641933543,1.5126086317593004,0.007626057599914847,3.8445105338584162,52.11805780328011,574.5925164534581,1.0028799898022835,42.52052012074771,0.10786210103474801,0.26281100310116884,0.9999740091905159,,,0.9997784053222204,1.0003550332697002,0.99820677706562,0.9992786435493205,0.007820195241370094,0.010291223391492197,0.007449295089438829,10.293813127450541,0.15825098385577957,2.097894277275038,3.0612384708567824,0.08019746395559453,0.24991432119722393,0.12567577200035426,0.09011484537084724,0.9689163410947562,8.191076394823702,0.08614004037067921,1.2332556412761828,0.44824179805967346,0.03267342491715523,2.7173190878883173,6.276085255182981e-06,302.262359684843,,4696.222015567535,0.07409220854232361,72.2068204136031,0.17637241111737045,0.4272959453689819,
2026-05-09,,,,,,,10.348018412883096,,,,,0.14693616773241835,0.9993811652967474,,4700.457611085019,87.66880196581248,,0.9999529144002398,,0.0021581307701986348,4.317495687053255e-06,,,0.9997433417273485,1.0762540862321393,7.363291227016665,0.10188877423390458,0.03646684142157705,0.0003198298484632586,0.13348672534320785,0.2443056759054507,105.77,1.9513021002817885,2.0497638420389985,11.07505,0.9998392326421539,1.131245706531719,,1.420641611770628,0.9998501580912235,92.0051901272934,0.3501997668886633,450.60438921864875,1.5971815364950837,3.710132145752459,,,1.0,95.83521361583637,1.131347275337364,0.6851206562998601,1.9633599223276495e-06,13.765937072787116,9.779970989557993,2.1485810347152343,1.184175021,0.9067507282474844,1.2843627465011,1.5603291661066536,0.007961036776243834,4.227862018280333,50.14944718297293,612.6839493556095,1.0282167519247514,43.25208354584788,0.1095382779014298,0.27352348831309764,0.9999123956447937,,,0.9998699839427073,1.0001806088926917,0.9983328976330575,0.9992733839733944,0.008006137735045988,0.010502306468887624,0.007537712872413681,10.242795468644374,0.16359856445520904,2.115525029570619,3.616383478689504,0.08190850098835609,0.2709957752067429,0.1417618132599476,0.0927388283225211,1.0225544061985388,8.384364762840733,0.08208213506940215,1.2398715980197226,0.4547496441510253,0.032767544911707976,2.5205364552726675,6.457518516190319e-06,316.59782179030236,,4706.185238906668,0.07527965408174288,73.33254088843519,0.17229178518744395,0.4523130972260933,
2026-05-10,,,,,,,10.373815073700346,,,,,0.15692719879695113,0.9994431000027695,,4707.760198859885,87.9284727176066,,0.9999129586977901,,0.00214141214987989,4.245566262076226e-06,,,0.9995537805713086,1.0532367538495786,7.473352008242595,0.10110827508849775,0.03725871235086958,0.0003274211026436976,0.12878178533262197,0.2496912014086262,105.77,1.9378570181228518,2.0033011641716665,11.07505,0.9995315918739217,1.1034188126726936,,1.4224308017553566,0.9998300392058389,93.14241861919785,0.35010169795260815,450.14982978761316,1.5681679227525271,3.8069030830273793,,,1.0,95.75261036516471,1.131649383557614,0.6831894986683172,1.9667827916520382e-06,16.217052556431582,9.589572256027127,2.118805135196097,1.181666471,0.9142689607920265,1.2022128133745729,1.5540418121639499,0.0075888182135482405,4.211706744613628,49.07585223396794,594.6863276260751,1.000192101174296,42.93166673272532,0.10876023988062115,0.2709877651205547,0.9998794942667258,,,0.9997437451573432,1.000146670125011,0.9983140034234312,0.9992977243189708,0.008166502066100994,0.01070298887622347,0.007431880114112734,10.262764917454959,0.16260474364807592,2.1246630210219344,3.535564707137442,0.07958513195769035,0.2678621376290104,0.14173616881445977,0.09293130925546786,1.0717594793716774,8.426058177626853,0.08369665605929232,1.2394009553404284,0.5047097450114191,0.033951150806703974,2.4361356039027484,6.373532740830059e-06,307.79474483793575,,4711.81677634043,0.07003957325894493,73.32290212928329,0.17356887396409607,0.44689048210086274,
2026-05-11,,,,,,,10.709799678393045,,,,,0.15587514483590942,0.9992784224613573,,4687.192466520309,88.93924822972056,,1.0000838200436872,,0.002190409503516405,4.408021078400034e-06,,,0.9997198745288868,1.0562766242224455,7.533889935687643,0.10446352851208875,0.03860018454915501,0.0003396451126585877,0.12906450223795188,0.265320488070413,105.77,2.012102400076349,2.0146237362679624,11.07505,0.9997730331418875,1.1510956674978685,1.033992,1.4733272918435374,0.9998812894113239,96.4109436575395,0.35061421804303594,463.7269187163567,1.5646267083770626,3.9928188573932872,,,1.0,102.01348727922095,1.0688650013641625,0.7135372588757283,1.9735755250980725e-06,14.850754047640498,9.964404231633356,2.159401107670012,1.182850748,0.9249111300118027,1.1464172519116202,1.6151338006656952,0.007911041642718615,4.2812192181777835,47.61039237771128,592.809644590012,1.0059941758105815,42.96909151230364,0.1125431755668601,0.28246125403896133,0.9999246298671658,,,0.9997671905059038,1.0003201386372693,0.9988609289052413,0.9992655377461763,0.008698967418133736,0.01064950821978892,0.0076310912275740096,10.055732935407493,0.16951594314876894,2.194671753750545,3.3683019194403663,0.07890041612705678,0.2813008584491105,0.14304156259234962,0.09743250170051918,1.331009106508275,8.571731870730382,0.0850340104838601,1.2373719363285964,0.5286519149885468,0.03434145107913634,2.4787319363716027,6.602807386012688e-06,320.12723005745795,,4688.7893440436355,0.0688714772428683,75.06044575378924,0.1751900095372823,0.46322450754367545,
2026-05-12,,,,,,,10.581391803707886,,,,,0.16268874732437877,0.9989161370710785,,4750.017552679799,87.29714353815396,,1.0000093184181476,,0.0020948618343111652,4.336833816831585e-06,,,0.9995677224849016,0.9997692241389732,7.488754805706768,0.10305122188542211,0.04039879973300238,0.0003922961650992956,0.12288643383694042,0.24945114780836808,105.87,2.03715400247721,1.954629922212589,11.076074,0.999438622633085,1.1270533510374807,1.034301,1.4759911514946882,0.9997888411138788,97.25241253260013,0.35098621575343186,450.288483576718,1.5465996037624108,3.891913988613948,,,1.0,101.07583167772795,1.1314548389270933,0.69736449641849,1.9634451094267646e-06,17.22922462712859,9.777433889101943,2.1415876508233693,1.182807554441998,0.9205585016691188,1.1237287650931367,1.5670327512302957,0.007747013343417989,4.606492694127335,46.71526826793847,556.1287193183408,1.030082206598326,42.001703039320766,0.11117136052387586,0.2800116714130996,0.9999398139451643,,,0.999922797675774,1.0002038048939212,0.9989152316502222,0.9992235166173095,0.008726858555297437,0.010209032933592111,0.007519174533422017,9.914073012495304,0.16839349337305942,2.135067726096287,3.3179943517890416,0.07561057241833065,0.27541003882411635,0.14008048772315426,0.09683338150522079,1.2890090571857,8.568705902807181,0.08767738575967876,1.2379689155775342,0.5257840155574476,0.03430034431809941,2.4264931651380053,6.5909142459833915e-06,320.458340537571,,4752.827890321275,0.06677779390302425,72.96654740014961,0.17202178991471087,0.45374096313909196,
2026-05-13,,,,,,,10.280825651319542,,,,,0.15254442473242452,0.9991232840426728,,4710.353679606091,85.32905585852927,,1.0000065654546098,,0.0019683812900183092,4.143984647993973e-06,,,0.9995088683836059,0.9260572053570385,7.312330571248715,0.0986375955529207,0.03806901330641953,0.0003555474532810447,0.12219858361996853,0.23170996867131283,105.87,2.104840022246098,1.903988437654414,11.079099,0.9993559562871299,1.0814232587472685,1.034352,1.4358487937325481,0.9997456411674601,94.28512370471019,0.34896701687700177,439.6200252376368,1.6063693291955496,3.763086847245087,,,1.0,96.69117469110842,1.131449752837587,0.6678059888560935,1.967227050282831e-06,16.298981045674832,9.395940883646174,2.085618887570827,1.1783946930216238,0.9150014130504402,1.0928606075283256,1.5431977048777128,0.0074797131540035,4.784860441178806,46.3409333854389,570.8610726088147,1.0376358774942973,40.238901943151184,0.11006447525992304,0.2709546840157451,1.0009062378621791,,,0.9999207012810895,0.9997967155250888,0.9992405267241575,0.9991223659197633,0.008673866628612595,0.009519275219997445,0.007533528680873588,10.00810767647741,0.16229560393365405,2.0344428535861776,3.1838995937857257,0.07497604258447041,0.26396094908279716,0.13571027877649752,0.09379226361906587,1.236949787131047,8.365220276605843,0.09010984088176861,1.2338654315323043,0.4956781117502575,0.04021598747134248,2.293970768211129,6.411926557587918e-06,309.45635845196813,,4710.577495871706,0.06712963337791679,73.58909549310873,0.17414187461317018,0.45235629378914627,
2026-05-14,,,,,,,10.212934153069604,,,,,0.15525411985387924,0.9994069447693736,,4687.313776019288,84.668716607772,,0.9999986527582524,,0.0018631016749029179,4.053553949242022e-06,,,0.999441837678406,0.8964485357052979,7.264382059748682,0.09610404836590972,0.037181897648534065,0.0003119254131996327,0.1180077768618873,0.22241957928071063,105.87,2.038809769150165,1.8716338344942496,11.080151,0.9990123001827007,1.0446901986591972,1.034402,1.42655925240605,0.9996079549035155,91.1181109418428,0.3494534600968379,434.0643072232914,1.5739308163463694,3.6223469315984733,,,1.0,96.38500926787653,1.1307696514072734,0.6716883396641381,1.9499904509795773e-06,14.357271189540219,9.25398941639952,2.0718849863838926,1.1765900934835662,0.9021165296593137,1.047664724734046,1.5248623262525258,0.007286142158765044,5.139370136887092,43.797483812768206,524.3496893374387,1.0442346197940136,38.81411106186638,0.11263295525549491,0.2647354640945617,0.9996615715725538,,,0.9997987472513802,0.9996435990196948,0.9980596048130375,0.999200352011799,0.008631145212333291,0.008991004933886233,0.00750396587979775,10.054235736166193,0.15889337685249025,1.9793330895511365,3.035487113645867,0.07235007347716924,0.2576034681242648,0.13132925952032118,0.09337916957631882,1.2076680954903176,8.310324273174471,0.09144665162017314,1.2320168897188992,0.4693554500570546,0.04010376736677605,2.1013897301768285,6.275126951830416e-06,294.6912991926436,,4686.887117124164,0.06744056475696927,73.76593252394271,0.1710071754208743,0.4533022962577,
2026-05-15,,,,,,,10.474857729112843,,,,,0.1636357577785917,0.9996375985172192,,4648.9864586014155,85.05555396161077,,0.9998008566634685,,0.00188560443483095,4.086143805192868e-06,,,0.9996837253774853,0.9146471778660885,7.315321544645074,0.09452307687026854,0.037585710476000685,0.00031115785833860695,0.11859339527435699,0.2246335259161728,105.87,2.044957674482947,1.898949161388347,11.081207,0.9993909198286564,1.0504196481449237,1.034607,1.4825648811639263,0.9996495059704271,92.1198653434353,0.35359302258299424,434.8927129121201,1.5722092817824764,3.7307934105872067,,,1.0,98.28571595972835,1.1313655429141054,0.6950987476132977,1.967369522924862e-06,14.72403480895365,9.472900298329794,2.0962758488502082,1.1713178728545905,0.916973517134776,1.0530243508743344,1.528269948815608,0.0073398096675403295,5.153616062166803,46.2932102167876,560.5629614310518,1.0331196479455815,44.15871269977502,0.11532249752282013,0.2702007629807881,0.9995591516015797,,,0.9997869708463424,0.9998080238527591,0.9984819210480833,0.9995375403238854,0.009367624736782215,0.009093191813987366,0.007560778744363429,10.14878084986211,0.16208214154955483,1.9526741786708632,2.801418303188107,0.07265749894112077,0.25804133484698705,0.1305063219236692,0.09488637120932653,1.186744927051381,8.379311793255257,0.09057722663341848,1.2263387635293284,0.48145052901624324,0.04087700037215349,2.1281744115142085,6.359502978124282e-06,304.5321272129887,,4647.5056152742745,0.06897115264481152,78.27484080972236,0.17190564197993868,0.442923167861547,
2026-05-16,,,,,,,10.067310992048602,,,,,0.1577498414245362,0.9996598040952808,,4539.507307897308,84.96661979802528,,0.9999645954465424,,0.0017941189380053595,3.903784451502491e-06,,,0.9991470369183549,0.8590480811082851,7.218084076926788,0.0909417592067801,0.03513362191440739,0.00036871964547696516,0.11323747863181816,0.21036394645471285,105.87,1.9279927661595702,1.882177109412672,11.082248,0.9990613473731778,0.987721363532619,1.034628,1.4331104702954172,0.9996934521885488,89.1991049638626,0.35199618903609703,426.8698222905341,1.5447653533063714,3.5993672615034944,,,1.0,92.84403623961889,1.1300934252395824,0.6665127641712542,1.9578019456618087e-06,13.842089747788753,9.231080302173922,2.058451224487184,1.167459321245932,0.8880026296943964,1.0107233335721024,1.494713746017635,0.007027062202801136,4.882732374562261,43.35727239888613,515.1260857309292,1.018429510430082,44.16443524550843,0.11328161189444104,0.2615038970663565,0.999632335086008,,,0.9996634421031775,0.9997503415696128,0.9976342982884706,0.9988588235655484,0.009335484612781974,0.008823670630443758,0.007476268692599521,10.134420017093355,0.15456082715946634,1.8359026155157834,2.6139644894830982,0.07107365978640379,0.24239155086207242,0.12391088317432791,0.09282318991117205,1.0988962336563959,8.217910886727894,0.09110948668764916,1.222357043235704,0.4469026299071663,0.03521734625986011,1.9516088602730635,6.1228217299561185e-06,285.0573442564044,,4541.103771635552,0.06587934652023594,78.60514091709756,0.16736416054741163,0.4089254976451979,
2026-05-17,,,,,,,9.714452836157015,,,,,0.1538402158441258,0.9999158685027144,,4536.618987959709,83.6527011998402,,1.0000256002047576,,0.0017395290784791646,3.7613181205874216e-06,,,0.9991762087696623,0.8783809907401469,7.157869954555322,0.09112514281322771,0.034168076921680335,0.00033070393223619515,0.11024266874064008,0.1986808638254705,105.87,2.0420279058962745,1.8276772313482519,11.082248,0.9990882061136566,0.9456911924319658,1.034628,1.4131582551338857,0.9997282356945851,86.51689163386662,0.3550016502167436,415.976852749253,1.4970690137379148,3.485711859282093,,,1.0,90.02138326952533,1.1313358922174093,0.6432679026243464,1.964208771361e-06,13.114037358404175,9.040377554844827,2.010966507910753,1.1679113371400136,0.8702386624855175,0.9714326101370265,1.4724076177784635,0.006834183624556975,4.731050684303491,41.24987193875798,511.1989253955029,1.0357730875904823,41.79891813331781,0.10933493186966811,0.2550705234407203,0.9998074319258464,,,0.9997737729529713,0.999794263111134,0.9978116913039529,0.9990766753819535,0.009203560193198426,0.008440876676309791,0.007497863230454936,9.91590941606165,0.15173645646411404,1.7766186172717988,2.5897794553196674,0.07017963829667313,0.23686136217884252,0.1185857542817346,0.09121406090447982,1.0608275577338229,8.085566599859602,0.09085951849081106,1.2228303143824841,0.4158246667179565,0.03581538010275962,1.9078516561469454,5.864234085931995e-06,273.5886704053658,,4535.085824466618,0.061125362710668665,80.99625747715163,0.16023227942284698,0.3856742267925412,
2026-05-18,,,,,,,9.561980858295048,,,,,0.15451058707337365,0.9999153179156229,,4531.884586005821,82.0240040204434,1.1238891403980165,1.0000104983780456,,0.0017076231978153192,3.673814964673224e-06,,,0.9990719750165609,0.8630175588962412,7.13717332984797,0.09078468007033157,0.033992263217140405,0.0003204579677164599,0.10771234148035926,0.19419927613727744,105.87,2.0319354707372552,1.7922254638500281,11.082248,0.9993145625047654,0.9290779927712834,1.034628,1.4008124294376394,0.9996779642256713,85.18280454864586,0.35530754426231037,405.78815699448757,1.5074093234302182,3.4696904462835527,,,1.0,89.16389931325526,1.0983470766701582,0.6356966376351462,1.9711593990826527e-06,14.024684405223079,8.86258826061153,1.9905344197588257,1.1665211150492631,0.8648387707323638,0.9415704326584002,1.4422873573153416,0.006663065879698158,4.563047914928292,40.82493178893598,535.8361606318838,1.0146593019664736,45.69156060916135,0.10889073201103928,0.2520509170719272,0.9998054726153583,,,0.9999233669910418,0.999903392893085,0.9981248312898328,0.9989230606615257,0.00905502954757278,0.008362148326754738,0.0074315375184594015,10.09057426245573,0.14923381832472385,1.7414944630940858,2.5417033486735177,0.06928291228520353,0.23273458656681376,0.11572387374745435,0.09004823554027187,1.0438210540545092,7.9656150909869465,0.08850872786587194,1.2214725971315517,0.4109508372529897,0.03507947766204017,1.918013009113516,5.73429533983292e-06,263.1482789543583,,4534.471111073175,0.06003013499357838,75.07947683530425,0.15455281626413894,0.3773994649917278,
2026-05-19,,,,,,,9.600275446913443,,,,,0.14923425764723103,0.9995765849572742,,4571.986649288526,81.80030325452614,,1.0000720201023223,,0.0017114282785005478,3.6931860307513525e-06,,,0.9988683183095359,0.9524719725196148,7.0751024545773715,0.09084287799468554,0.03484790657844955,0.00032643155896682743,0.10873789920684496,0.19998963429381333,105.74,2.0737742083950303,1.8169626500110057,11.083297,0.9987447316787325,0.9466860864869217,1.034926,1.389106938376565,0.9996218596466683,85.31915788905131,0.35543835654923417,378.35882063262596,1.6240136920332473,3.541313518676866,,,1.0,89.41020544575993,1.131199107098551,0.6277946372341372,1.9727095494811943e-06,15.021612442092945,8.923937512829127,1.9954268827120607,1.1707839553943553,0.8748778750286836,0.9591905544204398,1.4193275090567665,0.006767307955195585,5.143243420184946,42.74925942730143,563.1101757601147,1.0370615715426887,47.71054448507347,0.1046781377426749,0.25149019554300306,0.9999696669062108,,,0.9997739304249147,0.9998239138867662,0.997718789128375,0.9987732785918616,0.00844715615357229,0.008584854947748027,0.0074106564042486665,10.106091437342117,0.14707625885399764,1.7095185667868626,2.594941918631999,0.06967780588447937,0.23796064133213807,0.11643391816697297,0.09011321657296237,1.0633082793227686,8.020674955486882,0.08955786383677115,1.2259066898535589,0.4161565886824872,0.03483273267344209,1.9960102121323973,5.748376452168106e-06,261.282665824043,,4574.138400341302,0.0619312904338729,76.17310808166,0.15376265228957864,0.37625997392047833,
2026-05-20,,,,,,,9.43963980628694,,,,,0.1482763705249825,0.9997376282600956,,4488.463296355019,79.72587391932295,,0.9998393334612908,,0.0016759299345234487,3.6401159040384576e-06,,,0.998972952200944,1.1369081771119847,6.985987890718639,0.08935238215008755,0.03367581200516729,0.0003111054205833174,0.11255033177205451,0.19474266667434978,105.74,2.039533097220907,1.8178143466747578,11.086424,0.9984578543819336,0.9288297331024611,1.034928,1.358688584281766,0.9995887781374295,84.19081048342706,0.35596538807247285,370.21456799166884,1.6001123524066538,3.447678142264811,,,1.0,87.41356918858656,1.1311335493888945,0.6224812410112904,1.9673144611474913e-06,16.483487054018934,8.958186801656929,2.003387549896321,1.1660321557739717,0.8825534523119796,0.9366879378584471,1.3975936032375686,0.00653669758538811,4.918073907332226,42.156049902975504,573.6006369077544,1.0330834832595854,48.066764111021904,0.10286541211698032,0.24806290362155284,0.9998272863763061,,,0.9997396783756214,0.9999808623957276,0.9977507169869669,0.9985403420655442,0.008266998866813435,0.008677695984355563,0.007456377656491376,9.93073625407876,0.14336692560125835,1.7793356339970172,2.470733377337956,0.06904399694530187,0.23510004345035346,0.11245802410830574,0.08842937351371982,1.0507703177308871,7.888870167976858,0.09168322551327017,1.2208550575934705,0.40461482335119414,0.034786340610795906,1.9813031359269517,5.678859193168403e-06,256.9239429017419,,4488.457293732872,0.06003429976583602,73.40981185133197,0.14883971233827567,0.3703278123399494,
2026-05-21,,,,,,,9.624478487326545,,,,,0.1547319407811453,0.9999948433455279,,4535.102118477357,80.87993601973743,,1.0001321960143816,,0.001741775073956267,3.712861400773154e-06,,,0.9988504614689857,1.273989625563482,7.0534819458386115,0.09103594054110263,0.03485879806017014,0.00031545089552971353,0.11750650892790448,0.21230494117467194,105.74,1.9897146453968608,1.9040646129424013,11.087491,0.9985108515060501,0.9495070114265668,1.03499,1.364914449532441,0.999361582931429,86.05865859618997,0.35891449777820633,373.34931135082627,1.7010617504668115,3.612577034934808,,,1.0,87.97754572075615,1.131730629591499,0.6647966836962999,2.004456509176229e-06,15.988600497912701,8.98757371546479,2.0065588608013365,1.1679047134125216,0.8897389840170657,0.9692547980305617,1.4599262076975956,0.006611515777405323,4.809061323861692,50.66823958579228,672.8192044654849,1.0360858906361383,54.762767745756115,0.10357821224909342,0.24904070644079832,0.9996847101978144,,,0.9997356022653383,0.9998022804529539,0.9977424917284551,0.9985369574569073,0.008415207428963524,0.00910472396177331,0.007444561035709501,10.009061095035662,0.1436785742567504,1.864039683652315,2.5343812158078327,0.07018539468023632,0.24448729104711303,0.10885384794364965,0.0887268880642169,1.0779317579260186,7.974219451376183,0.09371831469699458,1.222880752972689,0.41221451421736294,0.033877132227465835,2.045335194152741,5.772752735860076e-06,272.0676560061849,,4536.311409344889,0.06257269607113984,74.19273612430867,0.1511220539509797,0.3842295651032932,
2026-05-22,,,,,,,9.739389065791988,,,,,0.1570341330250369,0.9999426801814864,,4523.719318900893,80.76587814766717,,1.0001168217519636,,0.0018135188638041823,3.8006555984356358e-06,,,0.9988076648189367,1.4233756268446287,6.9991830097000935,0.09153559905667868,0.0352502068415189,0.00034325412111383123,0.11478058429493283,0.21318208023203486,105.74,2.049737094403848,1.933021989822075,11.088505,0.9987732601129614,0.9723566755752434,1.035072,1.36936418176817,0.9996856996078267,87.17389465455327,0.36496144670339076,380.402105060756,1.9239600468951716,3.6023833607293434,,,1.0,88.01820196411589,1.1311165846092204,0.6769713040723845,2.0285682913045594e-06,17.885355436683337,8.96593643919169,1.9998165693526426,1.1672241074654468,0.8754959802616514,1.0062161833620966,1.451859645744186,0.006692653436580219,5.244410088618851,48.90759271391785,663.5789323084665,1.0232347067643952,58.589256071580564,0.10549076948942118,0.25024106591453343,0.9999634802748661,,,1.0000412392692102,0.9999095743157111,0.9976038082896701,0.9986421145857232,0.008432798493286856,0.00945687123867842,0.007517205486247402,9.867535088913439,0.14635965184962804,1.9993487458187378,2.566188272161498,0.07060030500845127,0.26529213306085375,0.11159996228680827,0.08977877379638773,1.121836152551723,7.994002222137066,0.09112471568652918,1.221774034318314,0.4632820367549757,0.033923885288123796,2.0670977825682386,5.83661493841065e-06,279.6238113229265,,4525.418498417201,0.06242489419529877,73.4979747921428,0.15252971407706417,0.38704432348286427,
2026-05-23,,,,,,,9.411272216946342,,,,,0.15665440167499128,0.9996038451120683,,4491.882110192652,80.55024514976877,1.125404340499534,1.000081748615793,,0.0017071651018724988,3.6024278578871384e-06,,,0.9986803755745499,1.189190099909107,7.0107380916518975,0.09035087996795853,0.03372530067970623,0.0003488457365421471,0.11164801485162124,0.19913528923737453,105.74,2.067407529089146,1.847129050181417,11.08955,0.998915503339891,0.9388924224402444,1.035353,1.3323718289119872,0.9996144534634049,84.31186681406471,0.3618946466044412,361.17158982210975,2.1014725996777535,3.3988494378687903,,,1.0,85.99917538917953,1.132372003782187,0.6361311955114947,2.008588192004933e-06,17.393534422127452,8.772831630629625,1.9753577980006396,1.166609785033862,0.8676386642475651,0.9617482897936034,1.414912207249071,0.006509884267816747,5.176320393426248,42.727795944306266,582.5786944969677,1.033430941579709,54.68289937385294,0.1022216945449564,0.24234816645403276,0.9998916060975024,,,0.9997842475495613,0.9999497409266993,0.9973693391148293,0.998477093856228,0.008271769238899005,0.008742890795718545,0.0073348567621781486,9.959527334318368,0.14332679550718208,1.9442787885566073,2.4799466731343234,0.07018971259671361,0.2692561629072225,0.10781106561623051,0.08781988952500487,1.045622915167553,7.8010314288704095,0.09298599997529204,1.22140072762056,0.4233883958777978,0.03373652013546751,1.8340948839226967,5.651210852166597e-06,265.01976108541083,,4495.071159476631,0.060180647323389166,77.32274366545064,0.14959837817982666,0.3637480502062808,
2026-05-24,,,,,,,9.551471638935041,,,,,0.16117102707790432,0.9994071037298753,,4509.041515869854,82.43726400095285,,1.0003461795904633,,0.0017752718756779858,3.6425150485004692e-06,,,0.9989801908817311,1.226743958409885,7.0179675480845845,0.09122782793034306,0.03380318275818287,0.0003544170796165865,0.11470673157315048,0.2129741403372789,105.74,2.1082755179341173,1.9381829429859971,11.08955,0.9986040933955418,0.9696706273382942,1.035353,1.354304495326544,0.9993673962306723,85.6707931191255,0.3626477720972142,355.7551624978073,2.452089791295446,3.4616335473817075,,,1.0,86.61130077997036,1.1315662349446252,0.6650327688911094,2.0000121305124237e-06,18.413213643660264,8.99126683617486,1.971456069132538,1.1661576379831324,0.8815091284526713,0.9812526894040869,1.4292027708232506,0.00676143169673853,5.337459141314896,45.981714247523676,630.4805751375868,,58.66767246249683,0.10294759713151198,0.24583517559001003,1.000191572699141,,,1.0002580448471794,1.000237185321829,0.9973876434112895,0.9985506614663465,0.008417025154804381,0.008966966521126617,0.007564530529518797,10.100827149972293,0.14779033634945557,2.0966949953802163,2.6030649599380773,0.07019747882773425,0.2960636606173958,0.10845758628178066,0.08960821906456344,1.0648148127323576,8.052991363537174,0.09217073929899298,1.2209273450518234,0.4494896386117625,0.0332055415732305,1.8194354809991546,5.6640277254910775e-06,279.4101621715736,,4523.733697606326,0.0617573791159522,79.56681608946249,0.15179658956704215,0.37791882670322546,
2026-05-25,,,,,,,9.425019404408062,,,,,0.16632589319383748,0.9992346292483147,,4549.463679806027,83.12844781265284,,1.0003875383982548,,0.001737630855290971,3.57449940946505e-06,,,1.000593115050451,1.2943423932257203,6.999537338548513,0.09038303721377061,0.03330510821001498,0.0003358935758498375,0.11167532350820812,0.20091505888948855,105.74,2.0518958419667452,2.017763180802492,11.08955,0.9987244938560093,0.9448296748324434,1.035353,1.3489759781401205,0.9995375888049639,85.22303380051963,0.3652836518428822,347.22300726242617,2.394019658285933,3.386698766684126,,,1.0,85.54168730486207,1.1316165716188062,0.6516825911003998,2.0129576944522128e-06,19.056872259196208,8.907255911261688,1.9805683854014968,1.1699453539189413,0.8573053283542283,0.9555825933640935,1.3953732419629359,0.0066190034658014825,5.136004854987762,45.872068899960986,662.8255472055216,,62.79284355998922,0.10221371299195538,0.2421412215166872,1.00025353566044,,,1.00028422378966,1.0002351489954402,0.9973011948163063,0.9985451308935006,0.00829729913791056,0.008941546841546197,0.007589778019940212,10.022486984148205,0.1473566658519489,2.2441311489033926,2.5569617701883365,0.0699575024733558,0.2902980956171089,0.10470921726383382,0.08837691696349455,1.0308378964109575,8.053520346459738,0.0929600263110638,1.2248929546835674,0.43718791816719,0.03599643516210579,1.763859364035699,5.576702267328557e-06,274.83782113754023,,4559.218418443432,0.061308282298550724,80.04116471071394,0.1489381220695229,0.36849549496813105,
2026-05-26,,,,,,,9.492603854943535,,,,,0.16620989258010171,0.9989037117824384,,4538.241948793882,83.17860818478204,1.1240245977221524,1.0001016046505449,,0.0017870779078402912,3.5923017640819872e-06,,,0.9996991395098187,1.3787081112688124,7.04194714971636,0.0927962348290901,0.03365975592324915,0.0003155275407090223,0.11255116856337799,0.20165267326838815,105.74,2.134956277595889,2.1805584856164035,11.08955,0.9986390650508237,0.9670664003708966,1.035989,1.347040252911395,0.9995795659860988,84.97682971506052,0.3714448936848992,351.97840900793244,2.7599789485227064,3.3266252125463343,,,1.0,86.33412838048407,1.1317847430900312,0.6532080149222782,2.0231628008716533e-06,17.351762634869385,8.933647161125306,2.004422492257747,1.1694838133828918,0.8533235043012181,0.9817825435794428,1.4495500877829515,0.00664040751118114,5.662450202095227,44.801001889858576,651.6263495336702,1.0162021164274668,61.124912611065355,0.10203472097739077,0.24330789302718994,1.0000106540021654,,,0.9998896615896168,0.9998187649751503,0.997248016972836,0.9985621184227848,0.008285328624840022,0.008807279828535712,0.00804634543010084,9.982049390881995,0.14955028083087543,2.240395884439052,2.67001539752887,0.06993068673529085,0.32679759946518844,0.10713560202966439,0.08801262805901763,1.0410817423725174,8.054683082151602,0.09302025546784427,1.2242786646234118,0.4355619767821162,0.0376403956928665,1.9357504215958725,5.547713289430583e-06,279.718475730678,,4545.638823181856,0.06108508302831641,79.86192372791467,0.14811474757145351,0.37345158573520165,
2026-05-27,,,,,,,9.376687433174428,,,,,0.15685456996891506,0.9985770326153149,,4507.703082981792,90.2712207996675,,1.0000559976623764,,0.0017971393797410248,3.5074193730010393e-06,,,0.9991997649106312,1.1854681452912967,6.988502283962374,0.09171114879272192,0.03260167622810669,0.00030661466010835,0.10845136644751792,0.19767618857513747,107.16,2.2140036514268897,2.2895015759834654,11.090605,0.9982882615376656,0.9712450420085769,1.035989,1.3265991470275145,0.9994529954759068,83.66751400447032,0.37505487752025024,343.76256140940956,2.5506837206562967,3.251165454551141,,,1.0,85.74891717084883,1.0935723264107062,0.6360784197192955,2.019012430613663e-06,16.74994325115914,8.627840204827958,2.0299544237881237,1.1694760629199257,0.8325416316125863,1.0074021356697014,1.413308493084114,0.006305038757820496,5.672804296705046,43.52852874952265,569.7732071357525,1.027392329383042,59.489272401859616,0.10094055924200365,0.23986546473430084,0.9999073252699986,,,0.9998171861402656,0.9999911762042989,0.9964094199051242,0.9983682200616251,0.008164761571204682,0.008486775270376794,0.011568540825118484,10.002427362332195,0.14744050257132793,2.2356342248960397,2.6497718443344005,0.06919121331303513,0.37164569295365435,0.10752260809785064,0.08648348595763514,0.9998765328927627,7.954310942419395,0.09347764116848954,1.2243867075954937,0.43035003974212704,0.03693277983947277,1.9420597229754673,5.517822392150053e-06,278.1730213511391,,4515.5015735346215,0.05650636428443204,75.33261269322023,0.14324129737048583,0.38159755568515924,
2026-05-28,,,,,,,9.124279445098834,,,,,0.15580755422131287,0.9982586273882,,4434.533118207679,87.36704214844771,1.1238775808655643,1.0000489718240415,,0.001790050527078594,3.4653395167569873e-06,,,0.999340988100509,1.128875933189438,6.862191790191004,0.08992587931273212,0.03200542151745397,0.0003258565975941995,0.10627888471064613,0.18911618866979024,107.16,2.1280177459343417,2.129962391323123,11.094682,0.9983651872209481,0.9491676048331016,1.036083,1.3005645361540241,0.9992877715034162,82.33204554881856,0.3676562136736335,334.8907556090347,2.4855067477145387,3.093252574948963,,,1.0,83.22156312904774,1.0903401248032285,0.6262828268711375,1.924880807079153e-06,16.534690348628438,8.447985307750173,2.0089185991487346,1.167684386138568,0.8271389716744082,1.028847865594409,1.3811949892559916,0.006085019574410629,5.474199533621988,42.52304421948407,541.2592240295704,1.0340426689639513,57.822454587110514,0.10033534205295684,0.23689896073373767,0.9998340595779832,,,0.9995991676657684,0.9997676676022456,0.994319535549515,0.9980132346434464,0.007996516752159307,0.008134309814648116,0.014506291325963571,9.91723949354163,0.1636478532893745,2.129086146895738,2.830071239307604,0.06582361565593632,0.3376733945730016,0.10620851184194993,0.08552766495543218,0.9573918371692713,7.872810313209443,0.09566480506807608,1.222500662214725,0.4163926386006903,0.038441751841810395,1.837913535267451,5.4238740952640486e-06,266.599883552552,,4442.830359687482,0.05886686648972576,72.42560936189534,0.1449712960578136,0.3866708314226561,
2026-05-29,,,,,,,8.994821419929538,,,,,0.15475480719670925,0.9982330769687717,,4474.501522981117,88.55702105034891,1.1257062259628818,0.9999415708991553,,0.001703762078570322,3.380616608263649e-06,,,0.9987762169436705,1.1733024105399945,6.817053139990125,0.0873622473087494,0.031104309503780143,0.00034220438312816025,0.11556818701272595,0.1756390491979382,107.16,2.059547541713324,1.9967394757236654,11.09573,0.9987199387072245,0.9402242193807209,1.036124,1.3143541072350677,1.0000688601934185,82.0439463262634,0.3525365688178781,299.86173147347955,2.418086598306617,3.0496933581172323,,,1.0,80.74907030021203,1.1327862653514253,0.6295879908515907,1.8634267074635297e-06,16.172898407258486,8.242025417585285,1.9895058823438927,1.1712307138370972,0.8297891165499093,0.9593369474501349,1.3476016943191977,0.005971141179499755,5.465596338915206,40.04618283976268,547.2575843809614,1.0221432686926681,61.573356283283694,0.09947698775745545,0.23465844104515332,0.9996129584218044,,,0.9998710637278508,1.000070818210665,0.99517683338171,0.998357279737312,0.007800966756441678,0.007717474753042261,0.014262642496399103,10.042505397141614,0.2033376625660044,2.0495997251976856,2.728960148054817,0.06523704939362857,0.28093855236749077,0.10431001909765676,0.09089988495146885,0.9287667954685396,7.878316802202861,0.09312244339918728,1.226183387652894,0.4130662082650493,0.03728134150348242,1.771822262564386,5.366941030166797e-06,261.0348813352166,,4481.407621931815,0.05839990417100694,71.49291535191942,0.14533503419609528,0.39334795443407794,
2026-05-30,,,,,,,9.013663214513427,,,,,0.1548506733343293,0.9985292237298781,,4517.588668062791,87.09045099793322,1.1259234957828912,0.9999775980352932,,0.0017250833758891647,3.38346393470177e-06,,,0.9990068554061866,1.2613185351427354,6.813093924970253,0.08987936131098981,0.030970067819461447,0.0003347257877520409,0.12285579063892728,0.1867762377704775,107.16,2.0134332296455755,1.9624390225470267,11.096759,0.9986072110913528,0.936726963309655,1.036218,1.3289137152633566,1.0000382755917974,81.9770412126185,0.344005522370364,302.1597888710487,2.3778773918424463,3.017052443841905,,,1.0,82.39308322530252,1.1321658822166376,0.6428242922057567,1.8155113987572583e-06,15.838641803061797,8.200455030238738,1.984350546174312,1.1724580703925247,0.837744186483095,0.9558017111169441,1.3528691617456268,0.005854634845828459,6.427052065648074,39.36275265435972,529.3962430839224,1.0351138372136492,64.40994819136316,0.09962218737506427,0.23277971355109459,0.999680032395889,,,0.9997778222690286,0.999977598035293,0.9949832038786888,0.9984306312445059,0.007748710739317716,0.00790129575360203,0.014473233434830438,9.99173149061217,0.25983153126394143,2.0379390131211546,2.63480465987769,0.06577144188359672,0.28978542023200765,0.10310680524241876,0.09932462873577229,0.9044914513603797,7.922108011205584,0.09613974632732891,1.2274560935985697,0.41521739776781985,0.03877343000046444,1.7470390759801497,5.417809141736748e-06,250.06691790358343,,4529.950972670892,0.058668656683293824,71.37337810768584,0.14300388374122988,0.3871637231288365,
2026-05-31,,,,,,,9.189567233694111,,,,,0.15355420209345247,0.9986677907776481,,4503.821532218,90.63993502987759,1.1259894330698694,1.0001860998476257,,0.0017833610935475259,3.4109189630360634e-06,,,0.9990736207390478,1.368854803641054,7.000892516776417,0.08993795969757024,0.03083901232932863,0.00032736775847241824,0.12441874863696421,0.18512737969359755,107.16,2.0183440071661454,2.1122075349790848,11.096759,0.9985992274349481,0.9410523851087088,1.036218,1.33979269803168,0.9994771615827539,82.68649732797877,0.3477350084255553,303.37569032444185,2.2522417088678686,3.054861465927792,,,1.0,82.78232011642115,1.1321464550758868,0.6776713379114818,1.821159452634027e-06,16.86404558612359,8.205482114256771,2.1617639682095198,1.17254285404374,0.8394968493368586,0.9741729659313133,1.4982921473841828,0.006106801080637469,6.596280619599098,39.45232682808207,528.2022036147067,1.0183257249042987,68.25018083090886,0.1005669086728194,0.23581508951182872,1.0001547822692862,,,0.9998864335838143,1.0001860998476257,0.9947921070990218,0.9983124735409423,0.007735983691401522,0.007995234947758695,0.01434483496179639,10.068716207512926,0.22993585319136703,2.184375365193481,2.6566053071306275,0.06421996690363575,0.3441622878808009,0.10334032896931007,0.09513839757812957,0.9091924388413146,7.939356882392895,0.09676791124669136,1.2275448543073315,0.4190023967017035,0.03693973123786591,1.8179753337887543,5.494782954748704e-06,254.91503723045386,,4518.350323763339,0.05913953064805717,71.42947493340424,0.1442722467233805,0.37964184713109367,
2026-06-01,,,,,,,9.136118543478487,,,,,0.15602367485057686,0.9989955684692914,,4518.052606048237,92.79377573073734,1.1248387959076234,1.000298688406555,,0.001795897327257068,3.4207166733245775e-06,,,0.9994181526677762,1.3767355039125557,7.148472812497124,0.09285371202238625,0.03072664651092779,0.00032564793885396954,0.12748487049548496,0.1911254973719053,107.16,1.9556844494222985,2.0867105861512942,11.096759,0.9990781726740824,0.9452492257164675,1.036218,1.3315091082438855,1.0001655549580604,82.33762528669455,0.35105487143047276,302.5864023891765,2.3211279138754355,3.021205970959714,,,1.0,82.05125463592765,1.1341345724419465,0.6668924089470233,1.848677180767819e-06,18.44239372618311,8.176823188056053,2.09897311814362,1.171189149768517,0.8504023008713686,0.936268847198114,1.4829684401458927,0.0060845130933303015,6.543281635818428,40.19094959662203,569.4121120889725,1.018052661992451,72.03247602409266,0.1002889522380211,0.23548566147621924,1.000420602028149,,,1.0000988684528178,1.0003985983834232,0.9952827671645821,0.9985996694406424,0.007714305290872534,0.00790190791449429,0.01429100629783625,10.02181786165492,0.2599507105115038,2.1219239752154464,2.722694549026088,0.06800679834054164,0.34998623034039156,0.10348375958881542,0.09646015159993512,0.8945939328797726,7.836938585558346,0.09344581569124791,1.226127650056269,0.41241239472464536,0.03790521320420373,1.8932940616564315,5.515956021663788e-06,255.42992780753718,,4530.131846156418,0.059312680465568174,71.9906717162161,0.1486575615604318,0.37543910369246775,
2026-06-02,,,,,,,9.044415074705169,,,,,0.15400988666373577,0.9984402980355899,,4463.570257431178,89.29067856697446,1.125576879575857,0.9999430318643553,,0.0018323290180227029,3.412367349766831e-06,,,0.9986049082304727,1.3359735591102004,7.001094903764773,0.09399918617862515,0.030425098675852934,0.0003432167942530313,0.12001858818657976,0.20228752922235366,107.16,1.902563254603954,2.1206105109690334,11.097672,0.9988866650101031,0.9409694979776705,1.036599,1.295466044055384,1.0000065792130295,81.16096271852808,0.343290209972402,293.38631766371344,2.635684840552501,2.979920966273597,,,1.0,80.19032053193925,1.1324190793338682,0.63630433168614,1.8276752142319278e-06,18.47557771114939,8.082058639345265,2.026542340864266,1.1698185435780486,0.8404189024903318,0.9544558356156345,1.438703768718138,0.005956494469251607,6.979326328372114,39.53228948936696,543.6723869050899,1.0429269684414142,73.49822934903929,0.10094014713389943,0.23081640043525256,0.9999014090607622,,,0.999638905836353,1.0001383257533378,0.9958093222496924,0.9981847171606405,0.007537146068522775,0.007572946822628705,0.013514342301673315,10.017140028103395,0.24269110459780416,2.06842329449736,2.9506438887369386,0.06726580223758173,0.437456849382552,0.10220404043599438,0.09221438200699822,0.8783797499924955,7.8359164701267225,0.09527507370565161,1.2246638780128807,0.4030217912017035,0.039016317473720606,2.0931188140741104,5.521511403366482e-06,252.50606654894665,,4475.726203412908,0.0590595246409718,71.59460259230629,0.1451047352983341,0.3855372987657601,
2026-06-03,,,,,,,8.364582826128089,,,,,0.1499413040140511,0.9982648973845368,,4446.467459663225,83.53104225521317,1.1249204688527117,1.000052846440798,,0.0016354866854166787,3.110819511056383e-06,,,0.9987557349999207,1.6028608928078203,6.779946910443394,0.09010200613889716,0.028511742535726928,0.0003141117468268701,0.11224895363640089,0.19370117257698957,107.16,1.818243401069727,2.035759323573607,11.098784,0.9985023396531023,0.8246613274496352,1.036531,1.2102231710312374,1.0012345722071105,74.13901501343945,0.3323341852201307,268.7844345868179,2.6231349266747634,2.797365270340815,,,1.0,73.53517785086373,1.1338179630414071,0.6059792381428128,1.7617870730793234e-06,18.441538640955567,7.601044236703636,1.9394066980126987,1.1685762436076244,0.7971139948287203,0.8618724199761059,1.3226616595544618,0.005522915084596026,6.582698928895392,37.80245525155939,608.6416858212438,1.0363305053413028,69.73337652088593,0.0926145965235376,0.21265552014101416,1.0000455702270807,,,0.9995534193301101,1.0000528464407976,0.9948278187331896,0.9981379595023119,0.007161357716537646,0.006844883891136647,0.013809848702630512,10.067007624662676,0.2221251203108328,1.923307463537727,2.9970539452749323,0.06660953914671687,0.38148336922519394,0.09275657423585414,0.08681910804989221,0.8069343864995067,7.449366523193076,0.09306435912892098,1.2233403068340305,0.3724480025038162,0.035461860339240744,1.970239951662477,5.1759692644619256e-06,225.65187535935993,,4464.274509395675,0.059504443333465745,74.44760702341283,0.13826574961647342,0.33505043978808585,
2026-06-04,,,,,,,8.327863303674874,,,,,0.1530483883747193,0.998586905721138,,4429.247769928918,78.90500476136741,1.1251067041003469,1.0000852355786778,,0.0017636931454241445,3.123046243371405e-06,,,0.9987194257435656,1.7823375717652958,6.704765234680201,0.09346687050889582,0.03191478319083518,0.0003107119849517405,0.10645538173110403,0.1998173447794462,107.16,1.85433976463474,2.1493308398123263,11.102664,0.9985516598470335,0.8117720924434213,1.036561,1.1998719776763807,0.9998760686759733,71.5436851656655,0.33286777891048197,243.1708903775703,2.81868251817404,2.7983961402561244,,,1.0,74.32524823578397,1.1328905060744732,0.5960348891977745,1.7560277015592478e-06,20.806412238407436,7.722252747977427,1.8883968009250391,1.167294716947838,0.7924948118720669,0.9274329939390816,1.2876507316212593,0.005590279130426905,6.51646356734262,39.19695452278484,620.9293770289404,1.0019378860044872,74.50308422868015,0.09132027812779768,0.20021060481451536,0.9996596798644217,,,0.99978556960717,1.0000852355786778,0.9947911367487068,0.9983839083993383,0.007185520544944548,0.007093938372317971,0.014198209806815196,9.999304734579473,0.20886726988465731,1.8662164514164963,3.1036753289791443,0.06779814021955902,0.5419489205583978,0.09298777312376179,0.08515471974888093,0.8244809763445838,7.246922077630151,0.07388167498907064,1.2219617922535047,0.366492087840639,0.03788828473585355,1.9048766922178773,5.196644083211929e-06,226.3322575845131,,4447.514547683176,0.062494349940223855,71.01019366578835,0.13744435078469514,0.3576998853311924,
2026-06-05,,,,,,,8.006323258190282,,,,,0.1470683370160425,0.9991118331360401,,4435.338810088855,74.35447393752216,,1.000250980106391,,0.001648439298308439,2.950499781179221e-06,,,0.9990746852886543,1.4650499232030316,6.496566197663392,0.08689853168359253,0.029535494161819477,0.0002817251054153562,0.10042180619152079,0.18154906795485118,107.06,1.8065954061594913,1.883271601307373,11.103725,0.9988053257663917,0.7542894009919632,1.036579,1.1676610643848133,1.0024078253029371,68.81086787182636,0.3322241028188934,245.35367222049507,2.1984437231916405,2.6519810367121406,,,1.0,71.26414752046944,1.1338943280337592,0.5559991843750145,1.7820022322013788e-06,16.6907176819797,7.2624571199961405,1.8826911663707604,1.1677724292906124,0.7751191798402158,0.865040864419354,1.2460386304851037,0.0053314753425445964,5.394854218560321,34.22408650763465,459.1723454208874,1.0195488995087303,64.36551880854753,0.0884879640193528,0.17965580399762496,1.0001049126791537,,,1.0002509801063912,1.0001510549335533,0.9952547214645009,0.9986514900810548,0.007123403921030415,0.006811323862692327,0.014126360734372786,9.941680396114984,0.20144990422761175,1.8023033245753137,2.726449884443421,0.06406341874679276,0.5364162616073525,0.08915832735520277,0.08371713992826504,0.7663261504930983,6.7899154943286,0.07712616899585845,1.2224272561734704,0.3565009854084585,0.03795997203130146,1.658757869107503,4.948558212168851e-06,211.46828187167864,,4453.0815314749725,0.059962233231729375,69.55062903786244,0.12846554309960068,0.32111805278836647,
2026-06-06,,,,,,,7.361053837853775,,,,,0.14946193380708578,0.9993962382074025,,4299.716814133366,70.78897670687888,,0.9997911162105066,,0.0014192691965762205,2.6904416278615037e-06,,,0.9996402555418129,1.5038084225026123,6.194627453617238,0.07786706165587279,0.030924842770307222,0.0002685802554251976,0.09317613054349512,0.1573262673662885,107.06,1.6550931853634985,1.6815754134557064,11.104725,0.9988559587734509,0.6656220207041044,1.036772,1.0972843950512718,1.000644702316266,63.63313109112329,0.32014601258777226,209.8090650094212,1.965348986122215,2.4604063594841863,,,1.0,62.255582482098866,1.13587136534166,0.5186415374775689,1.7365727013403063e-06,17.70846211348919,6.798471681171265,1.8277828074020939,1.1589182213106253,0.738268476327945,0.733190468940219,1.161343259049587,0.0047648439466105455,5.153276455017987,31.46980987439911,389.9925359328825,1.028923886130435,59.71159539400467,0.08147531978174634,0.15664635393151696,1.0002962405229183,,,0.9997911162105065,0.9998910853252162,0.9958923207368333,0.9991489422067332,0.006698658656894514,0.006256404170504162,0.01302802232019045,9.556595377066266,0.20294504128399518,1.6506867394868967,2.3001554155033093,0.05858663119442425,0.529356544512487,0.08024732794240283,0.08024723504798979,0.702847473595504,6.172316122210093,0.08112573535655772,1.213152345505456,0.3198291696273873,0.031445331467308574,1.5165314701443253,4.553346399762197e-06,195.0767714094503,,4319.843331571749,0.05662831791601318,65.81620308568219,0.12408384807915958,0.28642416385968383,
2026-06-07,,,,,,,7.391559293757676,,,,,0.16212434351247032,0.9993818470145037,,4289.034285041947,69.00870480847863,,0.9999815960725238,,0.0014254991935244488,2.6826428437057534e-06,,,0.9995764470753654,1.4260111193030336,6.1526152759406,0.07761215644516402,0.029976779516771482,0.0002662546305662287,0.09204154111458293,0.1528763828379122,107.06,1.6287350666606644,1.596324262370372,11.104725,0.9991621899352242,0.6562502303383605,1.036772,1.0929747313661586,1.0006033149061166,62.17918349826299,0.32406470243784896,217.29707986209013,1.859483598523576,2.4642256870072803,,,1.0,60.93207129202708,1.1347641882400294,0.5145041876572931,1.7518917929642977e-06,15.744666596057787,6.788858574403091,1.833424074972735,1.159074486610204,0.7438875642400311,0.7316643406183386,1.2130159546776291,0.004751373641488292,5.171012504458273,32.61707177496441,362.16063746764553,1.033772361471567,56.596798424286106,0.08187040239136993,0.15718679819849915,1.0000491257300974,,,0.9999815960725237,0.9999815960725239,0.9962074734093314,0.9989820143091568,0.006746299317859225,0.0062923327964659,0.012900486925440897,9.45487561163866,0.21238028050236032,1.6504130338722358,2.3223343197626867,0.05524155926844364,0.414007394479407,0.07990084738142109,0.07971140991800696,0.7175997479212959,6.123393293616308,0.08287401673412387,1.2133159235830282,0.31809000379891184,0.033991735070212796,1.6463111642657398,4.5632851010930144e-06,193.64371203126393,,4297.293810987646,0.055837046559741255,69.74158203821577,0.1275723374635298,0.2877088625302806,
2026-06-08,,,,,,,7.9085060154893645,,,,,0.16392657652109882,0.9994088073040672,,4321.2611326926835,72.63664164786854,,1.000008572541497,,0.0015253515258016707,2.8148106685632374e-06,,,0.9996028839426478,1.4334630088326143,6.412767977168598,0.07953581755278402,0.031227048558487274,0.0002976863508031509,0.0943349474812055,0.15653213744646746,107.06,1.7132411486920402,1.6791548606009403,11.104725,0.9991132692430031,0.6703405411492164,1.036772,1.1548517514448144,1.0007285230784555,66.42475751544987,0.3266629837323283,230.15378526090615,2.055810872540087,2.5686651733806007,,,1.0,63.64395268465514,1.1343049766813933,0.5432659724061997,1.760984395997241e-06,16.388050973203985,7.1068272731095865,1.8492318772952674,1.158828755025078,0.7779312120848733,0.772773995189471,1.2664207066732538,0.004938448549110242,5.430611129214938,36.86609403872978,439.9814106649073,1.005617232368467,59.61331537221414,0.08621559810194002,0.16509315561300406,1.0002484288987914,,,1.0000085725414969,0.9999086116685921,0.9964099811169174,0.9995124564526963,0.007176323475644315,0.006980688113549168,0.013436982349667078,9.583394031274532,0.20569738647139146,1.7162170048302965,2.3773740862264106,0.05777133799249355,0.46657780230037277,0.0829539804958359,0.08188234653741643,0.7572036122552821,6.571733263021012,0.07896523442337056,1.213012570138145,0.3360478979260693,0.03391683596930534,1.6983352306557424,4.715580926280743e-06,213.87068777988722,,4334.587869606888,0.05716504560687112,69.4042588736596,0.1307513703002333,0.2998670655506113,
2026-06-09,,,,,,,7.993169530721201,,,,,0.16003686006288548,0.9990432538315366,,4296.559744102051,72.75723920584572,,1.0000428968711919,,0.0016236033861170072,2.8139538685593107e-06,,,0.9996358352088406,1.4680293926706556,6.390079834201194,0.07814077647664179,0.03208195627994772,0.0002889645175069165,0.09211302774980386,0.15909594624358872,106.96,1.765127462466391,1.6418691985433698,11.105747,0.9992789314309309,0.6719726644921724,1.037161,1.1677525780115696,0.9998265346831134,66.80256146212376,0.32661548296810106,209.34749076024508,2.1293233347880447,2.5146044103490235,,,1.0,63.43180570405525,1.1341764587410499,0.5475851414233222,1.7512885019998379e-06,16.504803745494897,7.104385438841168,1.834157140426554,1.1594723488040468,0.7888373732267466,0.7750649721434021,1.3111532937277308,0.004939113489152699,5.655433609858129,36.87327889712807,458.5823051174074,1.027418247571774,63.780899597621435,0.08630396645305738,0.17032636785599511,1.000216297887887,,,0.9998429682632608,1.0003427897830883,0.9963636380896556,0.9993416289167097,0.007291691244820645,0.006804104764732731,0.013274863606570927,9.417157431531834,0.20248720674724205,1.801773720326416,2.3334205108726613,0.0582232636788591,0.49727652621002444,0.08211428550126422,0.08128186922642111,0.7549304235477053,6.457942834287769,0.08034127499612506,1.2136957371289052,0.3416836517714073,0.03308126924946791,1.7243842434054453,4.71322409292349e-06,215.35876889522,,4308.831246863494,0.057781673516645864,66.8848468819196,0.1293749153191161,0.3068544009483248,
2026-06-10,,,,,,,7.833892151355486,,,,,0.16327613182377204,0.9990546402766697,,4206.020028024484,71.53115204543323,,1.0001640457836363,,0.0015189196926466517,2.772984247484437e-06,,,0.9992066513315038,1.5832115022048754,6.33830305232377,0.07568738244758458,0.03018154796694682,0.00026042826726731613,0.09105705347823166,0.15499656804311743,106.96,1.7767235496758746,1.6116047422226694,11.108733,0.9990243924388857,0.6642683344692488,1.037228,1.1368684224292722,1.000591876164245,64.9237603504689,0.3227196485775606,203.41550429901667,2.1507565940855526,2.477761576451565,,,1.0,62.06274647838877,1.136080640454448,0.5362858584749604,1.716677779590925e-06,15.341251316267423,7.002783472951872,1.7737440394911042,1.1602637823023163,0.7667898469742231,0.762122316341726,1.307886091950643,0.004821150488710909,5.5437067616771705,35.11792329532954,429.0662872652168,1.0331460316396286,57.7597615857335,0.08474433190516373,0.16517926288834595,0.9999279428457042,,,0.9999641528994989,1.0003639386677743,0.9956057905990211,0.9984649562684651,0.006999305775574712,0.006704701632991579,0.012657648704141272,9.464620674475194,0.1922707129483617,1.900714421173306,2.2828008407592826,0.05532484329419109,0.5085756511765829,0.08030101904544366,0.07942178757097308,0.7489986368644519,6.264702865314561,0.08199742846912209,1.214535366585152,0.33090981138262954,0.0344594883767127,1.700088979592252,4.665236937180416e-06,205.9994630396404,,4214.948421181195,0.05469396352288957,65.73009797394593,0.12740194688794546,0.3043761534336712,
2026-06-11,,,,,,,7.559228709098085,,,,,0.1625328662148586,0.9993003567730075,,4043.8828685349104,70.34185296397227,,1.000292888796133,,0.00137162300609708,2.689524021609349e-06,,,0.9992597584695688,1.3925108579174095,6.28554509812128,0.07222116668663425,0.030361381695710017,0.00026826288403684087,0.08665143097734003,0.14727203874752798,106.96,1.7609255524671754,1.5145968182568903,11.109708,0.9988936915902447,0.6207850289933322,1.037436,1.096886405735991,0.999950310405371,63.18212175433404,0.32089740638158765,194.41103392411733,1.9701038619384292,2.3949652546160225,,,1.0,61.246573924617344,1.1307861907364356,0.5286335422700674,1.7138918719439914e-06,12.951320078556579,6.953995441531312,1.7661205773610875,1.1603637773040614,0.7879237637768159,0.7344193206084001,1.2928554366054374,0.004692320190255048,4.947448409285631,33.695630260605874,408.77273045825166,1.0251816614058384,53.25959115882178,0.0829283560358409,0.1605906971354993,1.000074923304973,,,0.99999986702275,1.0002996571297815,0.9964903362612971,0.9989933911770861,0.006840836173618246,0.0063683379961783785,0.013107256431663165,9.619807269508977,0.1826727861808854,1.999985225167216,2.2132270755968237,0.05486121251192,0.45029379627980615,0.07748862637724105,0.07764869167249011,0.7265912894096546,6.476870866830696,0.07938921316868594,1.2146062309090742,0.3310616541590387,0.03341344279149745,1.5950832294810762,4.609978998991255e-06,200.8741630063077,,4051.273237370292,0.058809510464460105,65.5800763817416,0.12454783281653146,0.29199567374757657,
2026-06-12,,,,,,,7.877118759969324,,,,,0.16255774680240498,0.9988812400661354,,4199.658001762836,72.32726766833974,,1.000062839302577,,0.0014544528827377325,2.784356588823005e-06,,,0.9991032300967319,1.5594209560209527,6.465541248245277,0.07491429340784181,0.03111761899242283,0.0002717981286119666,0.08857817225644922,0.16254753289336665,106.96,2.027922441386831,1.6303878786056372,11.110711,0.9986491568836708,0.645848512354905,1.037573,1.1411231049622073,0.9997454648599381,66.81660398292856,0.3165843124611876,205.15066604475345,2.0626228882694524,2.495411550300696,,,1.0,64.25160026808855,1.1338213375565052,0.5408875443572371,1.6738736616079435e-06,14.627198106121737,7.2440947995723475,1.7739092477331293,1.1644910248262788,0.8074598534987031,0.7575668884968115,1.3268614135085892,0.004974733836276161,5.396247021955104,35.64490581228342,427.99313849712047,1.0311539269601304,58.90718809920728,0.08598330757065775,0.17033097775593783,1.00016177152315,,,0.9996705851558636,1.0001701706556911,0.9960498986965342,0.9986148269818712,0.007520411648810591,0.006747590280498981,0.01328152447036339,9.514011511165709,0.19154058536376317,1.9578980878069832,2.2761775188929634,0.05690827333485318,0.49636073838515193,0.08341518902815735,0.07917859125671076,0.7540072142031958,6.704265587041595,0.07424507976943806,1.2188953828238314,0.36033982921511104,0.03370059578223547,1.699589870414917,4.809201849654435e-06,213.58817502873444,,4211.554048532056,0.05848043095926942,68.62665523489086,0.127195352849265,0.30447040314993684,
2026-06-13,,,,,,,7.860391513372228,,,,,0.16260064410337566,1.0002054554577304,,4201.08352516726,73.55969501083699,,0.9999056037173125,,0.0015097766813967413,2.805693359317996e-06,,,0.9994738557509185,1.5363975471477584,6.540721468441504,0.07387181380241095,0.03096623389149,0.00026993344076556937,0.0871708816846469,0.16682650221676196,106.96,1.9787283608471433,1.6518703692296433,11.111716,0.9989976911400187,0.641930568410271,1.03757,1.131721918290297,1.0003530269257854,66.77674858898844,0.31520836023398074,202.06163853811617,2.008933388113652,2.4987951361589253,,,1.0,64.18445065736434,1.1343194768412315,0.5367292303976268,1.6984919411331743e-06,14.263049396472342,7.148047051543732,1.7807920831799053,1.1644837120374794,0.7966183026614422,0.7484027075206574,1.3139302462056306,0.005001465510192692,5.081967718709624,34.36299747519897,411.69693298594785,1.0356342089795523,59.28742245725128,0.08595947004685323,0.16961275512324536,1.0000173303602504,,,1.0000055542974517,1.0002054554577309,0.9963928784595729,0.9989195121831596,0.007940480766323144,0.006729507114326222,0.013030982325781,9.602290598343773,0.18794653673806225,1.9565008973299618,2.2915585884114815,0.05630693642217933,0.4580276347310301,0.08385482637943878,0.07781837278443451,0.7507288074291026,6.6584857423382,0.07542312946932135,1.2188918838530027,0.35817824911740753,0.03541241474338433,1.6791697463465458,4.844175718283999e-06,212.06376955213167,,4210.168691417108,0.057966655905243254,66.37129136920466,0.12667322677146367,0.3114269592418599,
2026-06-14,,,,,,,7.979434363646255,,,,,0.16288412177667017,1.0002967943939556,,4211.6577634169535,74.90492736560108,,0.9999869223968121,,0.0015389395306040403,2.8542418386552567e-06,,,0.9995942286734133,1.6306612022373776,6.709466616049754,0.07595295160573326,0.031368541978610213,0.0002675737267512701,0.08964494744638447,0.17368868287038208,106.96,1.9497569348262003,1.7719510113761794,11.111716,0.9989386064207347,0.6710852220782173,1.03757,1.1501945676088534,0.9998183071626325,68.87994920794057,0.31705347205881534,208.6045133694081,2.1270554014750207,2.5562552908193603,,,1.0,67.06858780570695,1.1341835276813157,0.5570715268272458,1.6882981402101868e-06,16.599517109125816,7.185922410201158,1.7929715135056947,1.164080884649826,0.8051599440672076,0.783808194657801,1.349221579605967,0.005109518081956312,5.272450026582715,35.4829704110312,420.38552643613826,,60.68950820946495,0.08783470249875856,0.17166890192319859,1.0000518852084048,,,1.000086881105568,0.999986922396812,0.9963091631166683,0.9989870829381183,0.007884137350795305,0.006773869468977754,0.01298811355097351,9.776945342293152,0.18698563513872973,1.9592499017765652,2.50555406343328,0.0559396665299796,0.5016344211485119,0.08516060009576497,0.07828854691568679,0.7676828832474524,6.950246948490927,0.07417949474290476,1.2184702351615448,0.3609200308077404,0.03640927870185516,1.7252873131316495,5.01275971050214e-06,262.81837698088407,,4220.968745344066,0.05887754112146596,68.74768575651589,0.13389111342137475,0.31754649487308695,
2026-06-15,,,,,,,8.171975411222267,,,,,0.16155574537544667,1.0000994976521496,,4278.325387358004,75.20945432571793,,0.9998287317399654,,0.0015746455280502415,2.9160242875120516e-06,,,0.9993656467986491,1.6838397832001653,6.784347614001268,0.07693161998184654,0.03223984689687976,0.0002947588119806002,0.09251274698980286,0.17948105954457988,106.96,2.005836428596627,1.8050371756137271,11.111716,0.9986039504543738,0.6801409532490965,1.03757,1.1857724963931864,1.0001990635812623,71.21816957667109,0.32151012565117854,210.56220202598155,2.2167183923442937,2.590450503393332,,,1.0,68.30307486502944,1.1349470382578561,0.5685590557533627,1.6996301420498503e-06,16.788891482483635,7.215238566540066,1.7983274372360916,1.167826177791706,0.8157111446551089,0.7936061752139804,1.3860215266448455,0.005088128233180782,5.234426283792917,38.29755132492163,472.50127982981894,1.0147682775776383,63.88728245471221,0.0888610260257763,0.18287838335776857,1.000016131839618,,,0.999869642561905,0.9998696425619057,0.9960774838889807,0.9988698981260791,0.008044224527288152,0.006947574783384263,0.013069324503402664,9.79554961588933,0.1908821460001261,1.9614333306312575,2.5214071013806483,0.05755601576744852,0.5228909047065298,0.08574658594576665,0.081124391375733,0.8026939499307577,7.000832583789371,0.07814849177147,1.2220146547773065,0.37759263718003416,0.035492089108533166,1.7528949056007792,5.03753028868635e-06,270.4886944369825,,4287.03984248913,0.05978066890074318,68.39896845156828,0.13408532345405966,0.33060510003859883,
2026-06-16,,,,,,,8.294379695689905,,,,,0.16546060591243208,1.0000312061136363,,4296.45385708064,75.42787913749434,,0.9999257819324617,,0.0015569063641592863,2.9452140239652694e-06,,,0.9994099986313271,1.6888574126547464,6.847377982007643,0.07792126406242432,0.0330003122629393,0.0003102474179068264,0.09501065749321913,0.19137966580112042,106.96,1.9638352849166798,1.7916851021425595,11.112749,0.9984707799515167,0.6785993071592021,1.03787,1.2376600592814702,1.0010576435873462,73.9490661555558,0.3182180659790366,224.45758068237276,2.3904581564028313,2.843882875845494,,,1.0,73.72706985393312,1.1275980161958465,0.5770810571904622,1.7015947914417664e-06,15.097259682737498,7.410265209749916,1.8203710427145536,1.1664010200828818,0.8226134167431676,0.7949332805454854,1.4004899480024944,0.005265060402920016,5.576412967546579,38.240822446223646,518.4990268961559,1.0277245128920633,66.88552181985622,0.08809166296070428,0.17848004985556704,0.9999594685825651,,,0.9996814050721212,0.9999312629589181,0.9957945648141091,0.9989318314117328,0.007984464740898076,0.0071137873007984746,0.013754341269630517,9.753168218665657,0.21340720550404996,1.959450582138778,2.420802335257779,0.05732663969088012,0.5873355992499789,0.08623017773812593,0.08254060522927571,0.7929489895368363,7.158457578733612,0.07859329285831695,1.2207012371091006,0.4268639952022073,0.035832746587756245,1.7180228296115723,5.053690160735992e-06,266.2235509161319,,4305.793762249178,0.05981818083931071,70.65882592992209,0.13551347125281868,0.338098035461234,
2026-06-17,,,,,,,8.2695328960501,,,,,0.16130289549198287,0.999799540757672,,4308.035983422281,76.25602133354998,,0.9999893678931506,,0.001507673686022051,2.9463108759504267e-06,,,0.999077862940407,1.7336005774240315,6.863104413247446,0.07622057685901405,0.03248105893844612,0.00036831673350351535,0.09445629022278015,0.19351202177741092,107.07,1.9895602011657025,1.7287660823857858,11.115783,0.9984875862931389,0.668828177755445,1.037974,1.2164421139531405,1.0010226908974318,73.4631155495267,0.31670147948215566,213.93332096748782,2.307692870691371,3.2894261783359364,,,1.0,75.84652935865482,1.1276502196987208,0.5575923315952278,1.6853773665619782e-06,15.71408256867315,7.375106338616151,1.8287310346318129,1.1682771399480578,0.8194504485773516,0.8076155124756302,1.411746592105565,0.005203473039383743,5.53688581213844,37.44590389026833,504.7610596825436,1.0357539426865885,73.55663254647828,0.08709556123976687,0.17226060389017048,0.999809222397057,,,0.9995397773091239,1.000089276911823,0.9962902459681576,0.9989603242552687,0.0077392372445716255,0.007133920014498937,0.01412397275138935,9.687825074686947,0.21647497472920402,1.9455553494002997,2.355022717420701,0.05727544411592713,0.6740269167921071,0.08552587701207072,0.0806161142386081,0.795880409535037,7.224746581679877,0.08263561010313634,1.22279445655089,0.4702290728814548,0.03557757509611031,1.6524951688433127,4.976047553143141e-06,257.2185103815133,,4319.47601391716,0.06002521728487919,70.74649206998127,0.1354921973030375,0.33908485135388633,
2026-06-18,,,,,,,8.084479104837147,,,,,0.1625233919528679,1.0000689347538647,,4260.096078871699,73.7197888402541,,1.0000489497628626,,0.0014747005888514845,2.945896272416473e-06,,,0.9992447174785105,1.725201558876561,6.738010070684063,0.07682803225566845,0.031903605571866826,0.0003314709034970147,0.09905927453997238,0.18960858781715845,107.07,1.8989356937215465,1.6933845643301042,11.116825,0.998512522742406,0.6710827124601004,1.037925,1.1858247656054528,0.9994593147791342,71.98435089991071,0.3215018870633772,212.33719430187062,2.1792092834018457,3.223939319779286,,,1.0,73.82996560800957,1.1358880786115237,0.5422358066725149,1.7236034192337789e-06,15.752659008366384,7.3181531376433755,1.808625514976427,1.1580361560856607,0.8188242987635156,0.7979922078829701,1.3755295906922391,0.0050450439962924755,5.443482534656297,36.23965311833266,476.86044375662607,1.0223432173419467,71.11146534110179,0.08585348135685288,0.16671947922860045,0.9999722080794244,,,0.999849099852839,1.0000489497628628,0.995453283320289,0.9989079958454208,0.007541156247147326,0.0068697851085984295,0.014589743256505956,9.67727601285957,0.2252006263447569,1.980889590933256,2.3414585261196215,0.05687764435290123,0.6581855617117214,0.08556418819140058,0.08117633300846717,0.7667801952846582,7.2485641052947285,0.08366324701513117,1.212003314116063,0.43941167890365057,0.03407441733013298,1.6647497505045263,4.949786632371789e-06,246.1871162559733,,4269.438309130379,0.06263867357950532,70.5093980737864,0.13179391574775332,0.3824674819031299,
2026-06-19,,,,,,,8.004935138286445,,,,,0.16052873266445106,0.9999613886647067,,4173.480631224026,72.79214082214546,,1.0000912706479075,,0.0014528866679055477,2.8438842805354347e-06,,,0.9990895734805638,1.6144378375957225,6.5342069575883945,0.0776887438045191,0.03042367931537992,0.000321068965918686,0.09623825072458007,0.19523552562195806,107.07,1.8093980581114302,1.6768462548298173,11.117804,0.9983755683207095,0.641938756195927,1.038197,1.1457015254597007,0.9994725122498881,69.64875448394535,0.3204959763775471,199.50513864722814,2.235126993537953,3.2072023336818343,,,1.0,74.80965037865609,1.139198610488791,0.5308846546017563,1.7004523613734104e-06,14.433278761264251,7.2088100654659995,1.7919099834102614,1.153187383840444,0.7995431965338294,0.7985497435489048,1.328630381421321,0.004829991338820337,5.4012777804014735,35.41959839696542,455.5547837968822,1.0042932190072118,68.26459527181787,0.0834570341741196,0.1635268954601685,1.000139250565813,,,0.9997415883854435,0.9999913614300606,0.9950871309415338,0.9984548084755449,0.007377671544948293,0.006743194160296371,0.014510323188542961,9.609053923700628,0.23439116375633526,1.9449747435742515,2.2656725713924177,0.057814290537108036,0.642248257201613,0.08520861600487986,0.08018077167656502,0.7289376534113025,7.149570512332044,0.08159945563082799,1.2068869500649713,0.44333606597770725,0.03348751623343122,1.662489384973145,4.760003788965938e-06,235.91921147245546,,4180.939733533597,0.05947251228133525,69.9811045466122,0.13077589543759474,0.3629172619646141,
2026-06-20,,,,,,,7.9355479262250155,,,,,0.1537566798215114,1.000244325207845,,4146.834561705839,77.21866351257125,,1.0000444961547614,,0.0013793396367646352,2.8279228349232995e-06,,,0.9991353219181194,1.5447969240654325,6.626460789854015,0.08087614736957657,0.029910655942199195,0.00032618073015451543,0.09554188734963319,0.19094479769552872,107.07,1.8085110060323135,1.7587126994472402,11.117804,0.9985119317126688,0.633593535729377,1.038679,1.1352079033331168,0.9993805554404933,69.67510636134296,0.32358063639094947,198.29466429884545,2.1863638686337263,3.0815476144303395,,,1.0,73.56787618235208,1.1384566966712775,0.5295118828064284,1.7216119865863397e-06,14.342248978332531,7.599988870164749,1.772676764303254,1.1553399061140637,0.7962625399198924,0.791527985604665,1.3716854629231865,0.004914796696424479,5.131889965820247,37.41778840242729,476.7329322570709,1.0376865465788292,70.27891842974068,0.08344021653549535,0.16199056402014655,0.9997862644479982,,,1.0000444961547619,1.0000309803806249,0.9951720955267668,0.9986403342006603,0.007385089248379533,0.00664443487434951,0.014439157875462178,9.521335045196645,0.21801117621035446,1.9326229180724557,2.2660767924668033,0.058130857226337526,0.6232839081428652,0.08380650781605006,0.08044528876429834,0.7161603373005885,7.21105431915833,0.08134111108710437,1.2088594809875242,0.4800576106516112,0.03329026075967988,1.6056264415233323,4.750944296461843e-06,228.79280805615886,,4151.363177421368,0.059010453534475996,71.92932484118926,0.13561863730568136,0.3462103112532213,
2026-06-21,,,,,,,7.981914375220622,,,,,0.15262034815527978,1.0000414655225645,,4140.925643093787,75.32244004847016,1.1263529382097033,1.0000514550486361,,0.0014161776455711376,2.8319188522902262e-06,,,0.9989233018996843,1.5561238729256308,6.702193082878291,0.07960784109759149,0.029780041693132316,0.0004284858955859889,0.09366604532672097,0.2103845245894576,107.07,1.8005898290107387,1.7204738642878545,11.117804,0.9982031560385877,0.6454490319666428,1.038679,1.1491349570468194,0.9992795380601642,73.18000530963474,0.3264235162711804,199.88861303137338,2.191881287544513,3.0032254464385777,,,1.0,75.99412445214746,1.1378637751072058,0.5351481749487059,1.722239752488868e-06,14.528235708029754,7.456826933367898,1.771410063383931,1.1548362301382435,0.7957815342847031,0.7870999991627761,1.3712330040674114,0.005062926468966027,5.049716758909452,36.90573379652945,470.87630932971564,,70.7251175144634,0.08363857899419722,0.16312643556518697,0.9999406237444807,,,0.9999515597879185,0.9998259392236971,0.9949261888940781,0.9984459060124825,0.0074220022837382426,0.006788516699176349,0.014448520377860657,9.598298303853609,0.21603652592458228,1.8221993390572484,2.2998294999816915,0.05801597556223565,0.6104178546901924,0.08452121686367682,0.08055976357165744,0.7134255687391093,7.214773015788462,0.08354381352572082,1.2083324728962312,0.5504277330454034,0.03426434684743824,1.629291702311782,4.73938943473836e-06,231.45259578600994,,4150.000999176717,0.05796856588363618,70.2873451352286,0.13449436365830367,0.34581965042526547,
2026-06-22,,,,,,,7.776101516327973,,,,,0.14987407718755327,1.0000926179092797,,4127.504307250075,76.37562923843085,,1.0002224909854187,,0.0014638431782163558,2.7866164071624233e-06,,,0.9990168313532958,1.5699464646359962,6.6623604574664315,0.07916744552679343,0.029163752778091773,0.0004087325233048818,0.08942756629050244,0.21403572545223215,107.07,1.754213025676868,1.6523083716946783,11.117804,0.998319391737721,0.646883497629738,1.038679,1.1240573531728624,0.9993731225085577,72.42261496688492,0.3273694970376364,194.8099028976865,2.099677208717881,2.9827574037586757,,,1.0,73.98030505594501,1.137658987206165,0.5289620159091564,1.7243314926659433e-06,14.888369314287836,7.29356991990333,1.752361651350402,1.1538328396805166,0.7801716640365,0.7816347918507783,1.3642221264305816,0.004852396201746774,4.814077169551297,34.71307251919827,434.04127831796865,1.0209456851594645,66.95971349876216,0.08216402853795551,0.15655095252191434,1.0001002976124918,,,1.0000226862529,0.9999267249276155,0.9953604646527959,0.9983800228387981,0.007394525443196742,0.0066208659078949685,0.014342595227068098,9.597091212763996,0.2097428685826929,1.7991999029148669,2.2092668979825114,0.05897988804880771,0.6047007655710176,0.08182498476297162,0.07801070724525686,0.6929331649201093,7.206699894533691,0.08347403394804075,1.2072826017184621,0.5104157266561785,0.03396007982839117,1.641395877635879,4.6419700111205475e-06,228.53358173815846,,4133.746135715879,0.05958893395035189,70.23989153747407,0.13500217314643947,0.3338032156440324,
2026-06-23,,,,,,,7.859446728523044,,,,,0.15210824941950282,0.999312156042313,,4171.298212503771,80.21764693000641,,0.9999264964972027,,0.0014542503371760842,2.8047570084868925e-06,,,0.9988297948691787,1.6119523817211674,6.751716561031765,0.07881693383151055,0.029378937287182945,0.00036360769151343907,0.08941830687404156,0.21086938094958543,107.03,1.7969443243605254,1.6284209042256719,11.118848,0.9983661272054712,0.6605666328494734,1.038679,1.1278455886946306,0.9995340211135334,71.84825365060954,0.3336742605776403,197.2654176085896,2.0667976430499198,2.9791778166719625,,,1.0,74.94259165864939,1.1364276762772396,0.5324397297838581,1.7508624875426208e-06,15.304606046448797,7.157258473238034,1.7572997045912797,1.1502322902931679,0.7814319808586637,0.7874407795946717,1.354365338236294,0.004850141805562199,4.804362793248912,34.45643133461224,441.72659657914164,1.0361701210333893,66.19402594451479,0.0823543868160039,0.15834044554790508,0.9999431541501655,,,0.9999264964972031,0.9998552476842513,0.9962194746406795,0.998263141347722,0.007345734817804324,0.006562761081799051,0.016014560152682784,9.577054484348587,0.2024721911410784,1.7806899197377635,2.2353696146071313,0.05926398157270598,0.6186179226564263,0.08310296881609552,0.07864251290303409,0.7185937879377159,7.197861474141726,0.08393414412683727,1.2034848445028972,0.5440984775061882,0.03582976392135771,1.6891865190577129,4.6375451435312294e-06,227.83735514505378,,4179.226671219262,0.058760240638820654,70.52768118555822,0.13454096637512705,0.34142948624187486,
2026-06-24,,,,,,,7.625715857125374,,,,,0.15167028331981597,0.9993392556057639,,4086.638244783154,77.08965873474592,1.1269067479924775,0.999938619413604,,0.001445345160519136,2.6931694262491134e-06,,,0.9988556277076868,1.503889302592474,6.667439058128668,0.07754498352427,0.028858905631837833,0.00034186441610337077,0.09442849103470127,0.20438655688116444,107.03,1.7172789145480443,1.5836021831606397,11.122976,0.9978898912727219,0.6461463619825961,1.038703,1.1090597219669764,0.9994040117312657,69.6086375465547,0.3289315398232175,194.4452410336163,1.9798925738346256,2.9210448151081363,,,1.0,72.36172349709702,1.136580770881399,0.5151563728750888,1.7248818411387225e-06,13.764132383663489,7.0635201728264425,1.7215008052580718,1.1456014820276834,0.7792270417446524,0.7873752926236907,1.3296391867886213,0.004697285917181926,4.538949182438168,36.24012221304772,415.69959091849927,1.0345140161769475,62.11662730780454,0.0788037034615052,0.15129247277819421,0.9999865526909648,,,1.0000385133815777,1.0000327803102558,0.9954144957753609,0.9979463168755547,0.007063674250080014,0.006266037598423568,0.015660542742530828,9.53822357394736,0.19496024396397083,1.6445181888927147,2.2115064483140117,0.0559207317470074,0.5433436144840508,0.07903327517174817,0.0774856263933464,0.7035532164365659,7.034141675781086,0.08280146150895605,1.1985068206955882,0.5079943850024875,0.03422124529607483,1.5743289352605812,4.563833498664603e-06,220.37160364345328,,4091.817106104124,0.05950669096240375,70.68337122432766,0.1292924872114814,0.3497698753078192,
2026-06-25,,,,,,,7.415107503753354,,,,,0.15100433918908926,0.9991014294361172,,4006.2881252913317,75.27572150524921,1.1269497986391708,1.0000901344821898,,0.0012822436581982589,2.5287179453179785e-06,,,0.9985160817352857,1.6932832413991339,6.553825507549417,0.07367241043273867,0.027946110902669668,0.0003724917562095816,0.08971343007503892,0.21795399164902915,107.03,1.6494086916220339,1.5816420331168453,11.124015,0.9976647955307173,0.6297428954528544,1.038632,1.072805994012306,0.9991841463747843,67.94878023470052,0.3269378503364282,190.3472565046307,1.961966502462085,2.9187802479466516,,,1.0,79.94157285992512,1.1361436148274682,0.5038151658384727,1.7050872636169088e-06,13.196839574265386,7.050021743438241,1.6837201232019905,1.1431578660526334,0.7531893839835351,0.7470784634407265,1.3109738410199017,0.004583504073675673,4.245643003438682,33.33065361041032,415.8493820231059,1.028118714512038,63.82659638228414,0.07610947455670407,0.14861753516923645,1.0000086221354716,,,0.9998903960890441,1.0000242388840117,0.9954136202348676,0.9979248123492971,0.006967568732288488,0.0060515242186533836,0.0158683805303404,9.439107617928157,0.18518744519062882,1.7339530271809538,2.2100158139432704,0.05348394311934086,0.5272674026360443,0.07600208104610066,0.07559199867102379,0.6847861717119289,6.937206386386601,0.0813081585940846,1.195869581508151,0.5119549457157533,0.035029227586735226,1.5779333058536649,4.377065377576916e-06,219.2984525280507,,4006.7804059152654,0.057489225897649834,68.57074369150078,0.12594904260563128,0.3407444520505745,
2026-06-26,59726.73653480851,1566.0081297519519,0.9988088492468622,560.0088056886373,307.5892904552514,48.35313103104478,7.239585951322604,0.9999755147596298,40.86994843524531,6.227892989993185,0.9998715593266435,0.14979433292383218,0.9993729493346432,0.9994556733919867,4004.4179521663555,75.78254528076097,1.1269685077005234,1.0000720909142296,0.08229526756304177,0.0011993640458748827,2.35319785937609e-06,0.8428751530380085,0.6221495720463412,0.9984413042718862,1.6100786303164394,6.4935183208324725,0.07204688878429366,0.027580471164450664,0.0003731136685764003,0.08489518652607202,0.22165982743326546,107.03,1.6094545651140808,1.5209757577031033,11.125013,0.9974940395953764,0.5932243427291608,1.038887,1.0424278885912308,0.9992666288022827,67.63197484567073,0.3235205829389456,192.8499255982692,1.8335718372468157,2.882906245326549,0.9985309223732372,0.09624960197318344,1.0,82.33192443962999,1.1368089124143064,0.4421374166342103,1.6819097006195146e-06,13.668362633161925,7.02687820911006,1.6361209656947704,1.144135166276155,0.7280260748269922,0.7362349714283304,1.3153135070760587,0.004453593919775828,4.2828152351713795,33.97505555955495,416.37237434522683,1.0342449099189068,64.07300018778383,0.07483421187572689,0.1436515834758227,0.999978423381288,0.05469242637151475,1.002638734191881,1.0001220295984854,1.0001137399117255,0.9943558246135827,0.9979152076030634,0.006816634339500963,0.005860331471750484,0.01575557276506737,9.339237816397723,0.178865446862626,1.6965185587345755,2.1665549351661295,0.05149787554457505,0.4957313441397293,0.0731980077610746,0.07338536232887098,0.6832257771499617,6.757546311564106,0.08128502553042617,1.196809924980853,0.4754548072104002,0.0364703487727476,1.5650783645886317,4.240574077683865e-06,212.2524372740356,0.31378165572273337,4008.6220828165556,0.05825621048001673,64.73690524390432,0.12564622008407667,0.3790384454185865,0.08904511208915146
2026-06-27,60022.32566638378,1576.9176481850786,0.9988387887149991,566.9395585365139,320.6855828902122,48.43771752918935,7.343073032116793,0.9996616509738708,41.864556565205234,6.61544117663795,0.9996187745670637,0.15094785886345932,0.9994208057024723,0.9993249991810601,4070.9998950270915,75.1993242063154,1.1266960326344995,1.0001055428350558,0.07932779435231878,0.00134417554850239,2.3843004505139202e-06,0.8514517027356951,0.629530068057587,0.9883071702732181,1.8222132096082564,6.551589160176629,0.07185012125396271,0.028138170058835073,0.0003627062105974705,0.08299333002091366,0.23253521892725773,107.03,1.5946981152035373,1.5691581281515656,11.125883,0.9978391259142495,0.5973449863974567,1.038693,1.0466477618660692,0.9993900447355414,71.81424446301368,0.32021167590692945,197.0689627065682,1.8003460956633577,2.9594873103648935,0.9982675308197382,0.09619699759707184,1.0,94.9620203647956,1.1369253982572274,0.4380361054571035,1.6777935847126404e-06,13.700205052863197,7.248313680201785,1.64189685250823,1.1472909546593757,0.7297455074316236,0.7435681213968451,1.3380225834678576,0.004489729699521775,4.8645905944906875,34.2101801762518,418.7437072205981,1.020434015726947,64.3037911466749,0.07567761807137018,0.14822854710008135,1.00007331380289,0.05484300450602037,0.7694513746639248,1.000098571327912,1.0001793712680873,0.9937333683248952,0.9982057437710601,0.006805401395082245,0.006198818715909606,0.015699949650035735,9.27065796266021,0.17748350532411808,1.7994047501881503,2.202719939783995,0.049915813834134966,0.46296863558261375,0.07360444527489932,0.0707854279745021,0.69722134669102,6.775307526418904,0.08176257172637447,1.1998667122351332,0.4721177651542736,0.037265649908712555,1.5563586372855474,4.235810224492345e-06,214.15644592027186,0.31611091864219115,4077.150653084898,0.057828787297565215,67.70601735784706,0.1287219915787549,0.3609710335454001,0.08147411378606823
2026-06-28,59953.443344011124,1571.9371269098212,0.9987484803537419,556.5879485175612,313.02790514812193,47.840782014234044,7.287243697540514,0.9998944591028176,42.13063164142367,6.4242841644465845,0.9995623941037078,0.15291569728281307,0.9994104412689163,0.9993624481210669,4065.5651347579005,78.03271245855389,,1.0001204260300627,0.07677633764958137,0.0013506647295793127,2.3731192283243404e-06,0.8160566006080047,0.6206827266909732,0.9976323349341292,1.7208278459972717,6.591985428169805,0.07105274160190689,0.02778770303281949,0.00034287209392829904,0.08602986821551427,0.21828178670917103,107.03,1.5791923613717778,1.5565123612357845,11.125883,0.997636788309652,0.5803419950571453,1.038693,1.0451606232986514,0.9992759196211628,70.40481823828176,0.3209694091478663,195.27010070630504,1.8670307078108992,2.920372923027227,0.9983274382331181,0.06449036548465797,1.0,93.88898743543866,1.1362996266278953,0.4361787476986963,1.6608611508184085e-06,13.52016124516872,7.109881205807548,1.637234946356096,1.1470269999384968,0.7182002976569455,0.726793347949717,1.320487167240566,0.004512796302560375,4.631465704780892,32.95433168359632,395.02964907171787,1.0449933814906953,61.621780302785965,0.07440981051925101,0.14510524059337515,1.00019911748281,0.054646591184361666,0.7421098376348434,0.9998476760081817,1.0000371782200597,0.9949444485476192,0.9981445808085916,0.00667079748400091,0.006172809232375971,0.015584822108807636,9.417809876446286,0.17361090532039022,1.7479575806593732,2.1429682450939924,0.04921501711781717,0.4444514684781735,0.07282126088369241,0.07185284892783814,0.6835787041976812,6.740144938580884,0.08565140550120885,1.1995906615246892,0.4607013408536962,0.0376832324294224,1.5676268893342087,4.208548851574599e-06,208.88823576790386,0.3102693389096099,4070.510236836317,0.05753991809334875,65.55375441858929,0.12918722270351568,0.34708903630129284,0.08376218821363415
2026-06-29,59494.606386317784,1570.0805519413402,0.9987192601909981,550.4111830116456,310.1916232683486,47.505383946317224,7.256022189424434,0.99969875681639,42.45963457984555,6.43956639907937,0.9997860506037809,0.14932744886035598,0.999314882520231,0.999451976486042,4050.487135075431,78.07124563529776,1.126954284326905,1.0000444756447677,0.07671252719596078,0.0014375858895428523,2.35240203110723e-06,0.8100984421639795,0.6214697725103362,0.9985078807420011,1.7299895732999913,6.5182419193359955,0.07112969072194315,0.027669458799552956,0.00037644659184442385,0.08750077865764792,0.21033772981238516,107.03,1.5724371325467525,1.542035684303606,11.125883,0.9976111800610186,0.5744242790112271,1.038693,1.0463154690273346,0.999107598160456,71.2724585453322,0.3218498247211545,190.65549949515707,1.831108150008356,2.9209226180505605,0.9983367399822951,0.05699485324591123,1.0,91.40130452980374,1.1362846872307049,0.4266839148435822,1.6787491109818408e-06,13.370934413888723,7.048152847590944,1.6334566199272635,1.1465072859744991,0.7154327426070884,0.7155501532021629,1.345193954710965,0.0045128787625924845,4.54199191157599,32.15161285183961,375.9632425119813,1.0198695201936225,61.420422037835884,0.07307923972531762,0.14363713363146188,1.000069468459377,0.05416737426817068,0.6643359565241418,0.9998184454355715,0.9999639525712221,0.9952435055898909,0.9980919126917746,0.006603369602527966,0.006083264429409808,0.015566138574407693,9.424242753404169,0.17259129909830082,1.751776214205511,2.1409930038889344,0.04962760981632459,0.43714887222569715,0.07328929360612098,0.0709365136863366,0.6802899741176829,6.727598299261077,0.08854271745167555,1.1993434170326684,0.4802773122293119,0.03537740329793963,1.5863738669733527,4.167439277718401e-06,204.924275267642,0.30894983818881283,4053.8369119189874,0.057952619453797025,64.56774711606954,0.12371036125180536,0.33596104509555347,0.08503552967395495
2026-06-30,60152.35872063589,1609.751185572177,0.9987471059346845,558.6227835458758,315.1931236425721,47.856243570284924,7.366470797652136,0.9997588586061987,43.11530458627564,6.664752881353619,0.9997351907893989,0.1450205486014333,0.9990804192982454,0.9996271362608445,4006.356993026605,80.43299803224956,1.1273745417979815,0.9999544097030038,0.0786024911103189,0.0015014405164032166,2.3501606472319727e-06,0.8245319104844523,0.6256955116886811,0.9985899484408574,1.8579830644193809,6.659544963192096,0.07075734258332395,0.03030643655138328,0.0003694447929481858,0.08561800039425245,0.21739919483025089,106.97,1.531647625056701,1.5593619043260714,11.126813,0.9979240780055301,0.5793314049866228,1.039122,1.0547737677266684,0.9993868377445284,75.01499688974292,0.3210027320081194,200.813096026922,1.860751399933291,2.887899596782225,0.9983719882653745,0.05040046717418537,1.0,91.32893211650911,1.1367078257012384,0.4282294419096245,1.6777591260129073e-06,13.258281153246038,7.1362692645568355,1.622049961102015,1.1501474855512122,0.722729694660638,0.7312859920852522,1.3339174201204704,0.004475216354817224,4.715358070008857,33.21085137277245,406.6092320887038,1.0463811121247155,66.79666170750824,0.07330451742918821,0.1455758417282594,1.0000021402666313,0.05456288071186917,0.5890891377775069,0.9996676192590651,0.9998834648636848,0.9950682530953706,0.9982326081896193,0.006576330558716196,0.006197768011669169,0.015956314440409767,9.553767137298223,0.17452524769861316,1.8879922023332962,2.1953003067303647,0.05281356355368809,0.41891492827877086,0.07602018699920941,0.07156176254226206,0.7010358253451238,6.9144008477677685,0.0874756623855962,1.2034486183720046,0.45736476629813283,0.038167371208492964,1.599983645720336,4.2546662225204575e-06,208.21822816989115,0.31585429003895943,4007.787134216014,0.05928679913208359,65.64078946137141,0.1178002084112177,0.33502353257661244,0.08942328321146976
2026-07-01,58566.091991843154,1569.8271747749748,0.9987016288620424,545.864131071901,303.51167589386074,53.91984664954487,7.191212210158271,0.9996489062108109,41.89955751673805,6.5291596051910314,0.9997892618443887,0.1409954449601434,0.9992109686419388,0.9994440783360563,3996.623397556353,78.74745596169599,1.1271656110248556,1.0000667156234262,0.07204901380950131,0.0014136972779921389,2.323491620096724e-06,0.821376871413413,0.6223290270049461,0.9984913084629632,1.847733421491916,6.490974127325254,0.06852399454758754,0.02925732102734897,0.00038116354313324656,0.08286920817788394,0.2114241532185301,106.97,1.5110871333241782,1.5080029702574334,11.129982,0.997755610108161,0.570526789988444,1.039311,1.0381027722508576,0.9993737638477656,73.56481907476494,0.3150467400904058,199.69430919070453,1.7794833170512157,2.7763592096214866,0.9981725528692038,0.052743492265118826,1.0,85.0750652436657,1.1366360641672846,0.4122374954923233,1.621864240609841e-06,12.21255015737787,6.888031348720775,1.592780618627656,1.1496210651265781,0.7077453909203492,0.71592229699222,1.310545549665872,0.004357618187851071,4.543383160711793,32.48793722361468,399.31995613529796,1.0157042563025989,64.96786670964342,0.07198783556896614,0.14419858286067488,1.0000400667415013,0.05376114534971758,0.7106226796828221,0.9996910255503434,1.000001094175574,0.9951703438784161,0.9981053457537751,0.006410376407878738,0.006001065527926127,0.015739732116761433,9.27997067532957,0.18848089208245064,1.8979386780405731,2.0972815936913967,0.05226358351117951,0.40520121415897403,0.07537707790148966,0.0694109139056342,0.6897090308544225,6.628757040416699,0.08738460880653953,1.2031695847695572,0.47671721851025983,0.03863384900248681,1.510635116090278,4.192598760348418e-06,201.93045018377472,0.3075624255707062,3999.215378393715,0.05771943116390814,64.80929757430928,0.11513333868535093,0.32112453476368713,0.08492085245566812
2026-07-02,59967.685041718134,1608.254387223296,0.9990740518727276,549.9510649904576,309.21857921240024,54.61428488079825,7.349934161251468,0.9996995683429406,42.669475419535054,6.659871613094062,0.9996683191525175,0.1405679493489274,0.9991722973550943,0.999651704370449,4027.21934387197,79.8967048995678,1.1293810697273574,0.9999886599644741,0.07122086933927135,0.0013833526341044994,2.322911536530992e-06,0.8279341670788004,0.628888661324041,0.9986536275253837,2.073040841568368,6.550994754428271,0.07124290206991933,0.030810535643900298,0.0003748694916942935,0.08433605353971006,0.23406010143364012,106.97,1.5383273247465392,1.4999851225838665,11.13103,0.9978942934900246,0.5859140083875962,1.03953,1.0508621926009323,0.9995811652403485,77.36147682738353,0.3157441039368279,209.93871396176385,1.8037331837062922,2.7863797411352826,0.9986133469960968,0.0670327992145646,1.0,83.14396909079291,1.1377024797833388,0.4226672199854105,1.6523217613018039e-06,13.267519353927161,7.002955958932502,1.6026585981389394,1.1463674168019065,0.7488630286507642,0.7353317470522687,1.3362798838821668,0.004471645539949038,4.491370574539856,33.09083431828539,416.6989697942226,1.028677375499358,62.35288728748463,0.07212794810361624,0.15378727176723853,1.0000578547059948,0.05573293824882147,1.2359420198133846,0.9995604827471617,1.0001471592200684,0.9958304159695273,0.9986800472639902,0.006430967359355228,0.006124956438808973,0.015533154082769632,9.234397823546926,0.19692694126551125,2.0697786742222415,2.1475592198305633,0.052764790799811036,0.3597462258559847,0.07606718942652146,0.0717971357096746,0.7147227325217175,6.828031774793758,0.08797885363096339,1.1994324879056664,0.4689968727274353,0.03466958355620164,1.5589737475749412,4.275972591242092e-06,202.51839792476548,0.3232418599158304,4029.5251139531892,0.0573720520448779,66.84840203273582,0.11485916024664032,0.31977426464131203,0.08696553841086524
2026-07-03,61490.21448471664,1698.5610521616197,0.9990157804390076,558.1196504363588,317.3560852628253,55.299408848452714,7.7380598357576975,0.9997590304571313,43.48560774015906,6.793516689913972,0.9998803903865192,0.13968370208441083,0.9987389151963367,0.9995964309788049,4115.707781206342,80.62834440780227,1.1290185994340094,1.0000855957978163,0.07654788099547996,0.0015216353711442255,2.442284207165702e-06,0.8406058274565698,0.6371099676962073,0.9989298125139039,2.067454436362905,6.645472647068122,0.0727968009444633,0.030993110963503625,0.0004016548544858819,0.0865335082779687,0.24348889153833683,106.97,1.558035122160565,1.5895343649520541,11.132077,0.9981409057040596,0.6083467130436951,1.039704,1.0869488576659663,0.9994839558367664,80.61965067731505,0.3172706099160161,220.0728069913841,1.9409858077431315,3.175829689297798,0.9984604079994395,0.06208163301318833,1.0,86.14407760437977,1.137234042778474,0.4365244138056354,1.66758585046031e-06,13.38343506513174,7.065610464752089,1.7059687054533184,1.1506783908691947,0.7704561524476746,0.7722983365016323,1.35767742546869,0.004643502912953671,4.619455366101742,34.510437635382786,434.1916932294615,1.0396554720604152,66.86763693393337,0.07410451833494136,0.16131184658392023,0.9998344828712706,0.05622548798040035,1.6029136072975945,0.9997858997846913,0.9999128903308102,0.9958131517121112,0.9984850230810283,0.006684588787218111,0.006325381998998356,0.015530106925292152,9.116837493196911,0.198994969633687,2.0737513480665895,2.1918164576439554,0.05921883641679467,0.40375763055706304,0.0771834240869658,0.07080797868382971,0.7344270608468689,7.150015484545658,0.08781233178496169,1.20424031416842,0.5163910926800352,0.034954550792973084,1.6670590730072974,4.2897040690797185e-06,209.1033062305814,0.3282382745163323,4119.461592721878,0.05817065997766348,67.58321143185182,0.11792047251786682,0.33226956501071697,0.0878259477164326
2026-07-04,62553.61289177051,1756.9804642496356,0.9991833221409386,573.3641876486147,324.09911624884234,56.55187829680792,7.968098603042038,0.9998855477723196,44.79256502917572,6.94417338151488,0.9999879753713202,0.1403689524633734,0.9991451327198138,0.9997079199922241,4160.439504383813,80.97115300247663,1.1293326316840142,0.9999844482039176,0.07936579940061932,0.0016287279248246803,2.771246814921117e-06,0.8807122897473041,0.649971172895941,0.9987568050380655,2.1164516550783685,6.685898180727639,0.07360020400708603,0.03135401573346235,0.00043340130507831226,0.0892618710727462,0.2429451890005923,106.97,1.594823609509809,1.6095047356944794,11.132077,0.9979067130427501,0.6369165660246253,1.04022,1.1341333307169985,0.999661747231089,82.29123076434712,0.3231213476444479,229.26181434545728,2.0427399144939793,3.207595290624952,0.9987208220055789,0.0621234650725361,1.0,87.50518896666648,1.1369465096801972,0.44969524663688143,1.6885695616233038e-06,13.091872088085513,7.228827005475644,1.7463278703666751,1.152812722036679,0.7740809262122036,0.8062449191490226,1.3969195340695517,0.004758667428668947,4.855898975337505,35.8260906312485,460.6515261647326,1.009395155987632,70.64913960149897,0.07749643610399425,0.1797777779499342,0.9998301530728149,0.060759610599966776,1.5341681759466044,0.9999344889489116,1.000000182436167,0.9965481346392018,0.9982815018749526,0.006994503639974034,0.006786343068044709,0.015471929377311488,9.163910614266925,0.20394530693865265,1.9721363573151043,2.239178262248334,0.058928217481213525,0.43373398201825736,0.08094177873404007,0.07331017653249636,0.769172690075316,7.1744170716853795,0.09038769103491652,1.2064550674991503,0.558657362689381,0.03527645881327765,1.6886228192092552,4.442485597140089e-06,215.23812998832508,0.3337629168690533,4166.264048350678,0.056784256379147226,68.39149617086204,0.11831603809997715,0.37439381893264057,0.08803006042749464
2026-07-05,63088.406753852214,1779.908385139636,0.9991822418187543,574.7757156537721,328.2565770190047,56.91593758340789,8.000415968211163,0.9997739588349941,44.812554884535174,6.959236847447145,0.999910828473992,0.13999558274341384,0.9988329622710174,0.9996490369623809,4161.716945590367,80.64103288911747,,1.0000170351993856,0.07880605544699255,0.001552191165064322,2.730831330929959e-06,0.8837077408545213,0.6416273438283773,0.9987789018724291,2.2012451610405748,6.76486868829013,0.07367449264391804,0.03184561109440203,0.0003115974339635613,0.09057057475594366,0.23490922558098523,106.97,1.5925675569546625,1.6083629785139786,11.132077,0.9982046104080471,0.6273903906939609,1.04022,1.15642721313132,0.9994905500836321,81.70349684813986,0.3250639392226808,236.0590447007861,1.9968924137242186,3.215171772707212,0.9986502262287255,0.06429600936550973,1.0,88.56515465632599,1.1344826452546592,0.4531422818665061,1.7006060297917308e-06,12.171477931489612,7.259400853647472,1.7185080400711181,1.152309087561314,0.7824038732356721,0.7968831371878359,1.3888569241023168,0.0047962743930309755,4.80840764523628,35.661029325006425,463.0408649957748,,69.8153495798741,0.07759782506422871,0.19203069110849494,0.9998170990247094,0.060602464217355566,1.3956711992801705,1.0002168787316,0.9999154126553511,0.9964182870944792,0.9985162975873149,0.00705533761271948,0.006663295675587292,0.015409053787463527,9.141460032135088,0.20657832215459399,1.9548390341745632,2.244440131169956,0.056475434854449724,0.4250468445481611,0.08028618746396782,0.07725174550174789,0.7612173035049319,7.153534745136038,0.09064232403196038,1.2059279980512194,0.5842923746416683,0.03396628399790537,1.7656176071116252,4.452111778313984e-06,216.62683701503065,0.3356730233483644,4164.471995228042,0.05770222895062288,68.21048167886994,0.11645234493746297,0.41122283733057724,0.08832463325956616
2026-07-06,63586.102141021256,1784.2622991817525,0.9992823268493486,589.1826542355047,327.3341648802729,57.13981421310396,8.053986233764267,0.9998787110346323,45.761400756356785,6.9176077045014255,0.999979560645277,0.14142544329838175,0.9989291081246198,0.9995053201079901,4170.133047560278,80.3105921995674,1.129247738746805,1.00012824275149,0.08056376406854175,0.0016283556479164364,2.7489810830028278e-06,0.8802652385968855,0.6448880375868706,0.9989350437559052,2.4574394669494546,6.72541884977049,0.07407581322652507,0.03095256941822014,0.00029966501112876383,0.09094614130363782,0.24358323703005,106.97,1.5948814939958678,1.6169834461824266,11.132077,0.9983142348938238,0.6329483116940965,1.04022,1.1564208702117225,0.9995415403661668,81.51563065259701,0.32902309356062304,244.0183639487052,2.0151971764487366,3.1724246153252964,0.9987202900853567,0.07546348477118386,1.0,89.01179990418505,1.1337946141300024,0.44099823146450084,1.7876261471436739e-06,11.972374816587728,7.225383578559447,1.7220155254079408,1.1521904942691854,0.7762195899503337,0.7991874020332373,1.4684940354440021,0.004774364822938474,4.804357516621754,35.70371260144556,461.9180061840394,1.0358819819251717,71.27473254956593,0.07779877015780257,0.18940058414959918,1.0000482931753063,0.06042617733570554,1.4017682872860646,1.000278134579849,0.9999277702751804,0.9965520479150647,0.9986764548279289,0.00702274845486402,0.006789367934284495,0.015118110657970597,9.26756979485312,0.2032241672899238,1.9366035466839389,2.205947398718294,0.0567321766691918,0.4182683877049204,0.08038281918139625,0.07622805631226667,0.756154310126445,7.242314572005671,0.09163049249150741,1.2059417898106437,0.5662773347337793,0.03458726844370752,1.777717084333219,4.413607367458447e-06,215.02197972331325,0.3325389560908827,4176.594962073164,0.058922399610428576,67.59295145844682,0.11372608656681792,0.4271524816416442,0.09038423455211621
2026-07-07,64001.23542391328,1798.557105022033,0.9993923252753397,585.5377551735166,323.30057616085276,57.380336461955046,8.015057887651674,0.9998449756391452,44.8030411995105,6.923245930947344,0.9999451297515352,0.1382047402971772,0.9988530725601781,0.9997619607882594,4146.750505164463,79.99625200870584,1.12970486364342,1.0000522958589002,0.07829443402703826,0.0016284795840803231,2.7298706856754742e-06,0.8845586632437283,0.6374792379967528,0.9989042899816263,2.576401166677134,6.772455736480925,0.0747301309625295,0.030227023557681774,0.0003020172570466279,0.08841356237296705,0.23726374437798511,106.63,1.5998885367264757,1.6148212055579956,11.133111,0.9984083083995123,0.6309201113556435,1.04022,1.1441118072110117,0.999779724711884,81.88843062284806,0.3294660715810809,241.81259178563846,2.0512943676514195,3.178862996374961,0.9988086296493586,0.060437565516363215,1.0,94.14200666111914,1.1338060626921014,0.4413030494390049,1.7757871125087486e-06,11.513572985522595,7.108392758692529,1.6992410719364202,1.1528905242611365,0.7609696305980133,0.7935318364561547,1.4376668121199327,0.004972585428191326,4.814406380863651,35.0919660326393,452.3946409756593,1.0356001933284127,70.56729168542682,0.07659421697853885,0.1839794936755643,0.9998538037192506,0.05912280345476495,1.2024520523480864,0.9999523605840068,1.0000371457296737,0.9961548201380555,0.9985498484204337,0.00688745305755675,0.006767157968215317,0.015088519195429063,9.411230012093847,0.19994461460006258,2.0063881264786994,2.221756277607831,0.05635732129057113,0.4096197867826041,0.08021640641942157,0.07327338398365112,0.7493146911511985,7.104664578682919,0.09325813276259548,1.2065094396829374,0.581954789177035,0.03417656559470393,1.7788478931036682,4.3932244790981534e-06,214.50616820696348,0.33290310572242426,4149.73543552846,0.05815852301546677,66.17358956547439,0.11309633059149381,0.43473239974282635,0.09212268724373274
2026-07-08,63335.30929080668,1771.2223954004269,0.9994140535160283,576.6079677024561,335.1119074594048,56.246772321770024,7.861918260292056,0.9998894956945865,43.90328033907691,6.68685095034404,0.9999877293090772,0.13105473435939036,0.9988930345989034,0.9998278178339292,4090.329425486683,79.39299826705677,1.1300133609014307,0.9999923666029639,0.07587895571193883,0.0015653008056460758,2.6674242857105844e-06,0.8509730352713482,0.6266022397817593,0.9992551799396742,2.462943398515009,6.782881931837005,0.07696866602506854,0.02924769408244765,0.00019642611181435365,0.08608304073041939,0.23749182810693448,106.63,1.5740059736696215,1.56342777069692,11.13724,0.9984450234228598,0.6283928937587518,1.040239,1.1120051240230528,0.9998454388412789,80.58601402999597,0.33145365400189114,239.4348823456482,1.977568705106829,3.192928669949656,0.9988589882405686,0.06185910954152062,1.0,90.02136739547826,1.1373788231834043,0.42232138929610213,1.864077040973685e-06,10.49759614013692,6.972480861436563,1.6647934815125163,1.1489337928880001,0.7458149370922481,0.7738733334633374,1.3881347084320221,0.0047374095407480875,4.7227521055870785,35.3232547720227,483.7923833587213,1.0260050611039924,69.1959187463834,0.07418885156046139,0.1746031825074184,0.9997338023033264,0.0570311220369565,1.3159057572281785,0.9998924273298675,1.0001522764785005,0.9968452326212739,0.9984881114871633,0.006743832333679966,0.006468609183966662,0.014862644130852615,9.3585144226941,0.1887107746045969,2.0162774819936904,2.209382218107307,0.05373266749294344,0.3810350794298364,0.07702594296474899,0.07091396778969226,0.7280022385813356,6.94519748774256,0.093592804103936,1.2027483688046798,0.5637159180825508,0.035083459306636686,1.6210150096242328,4.377024501867392e-06,211.329032388553,0.3278749916942764,4093.839699423669,0.058294704291039424,65.96722709236798,0.10933122934139657,0.41615563962175905,0.08890039814622475
2026-07-09,62247.1304822092,1742.2494536901065,0.9992740897896317,568.1933961660617,319.6132675499369,55.0610074520986,7.634880418843451,0.9998394737106744,43.626104295223705,6.468295789482833,0.9997397895296259,0.127833589502294,0.9990258096540634,0.9997234126824397,4066.5645086731115,78.71775055265513,1.1281229624959594,1.0000400389101523,0.0746805114617863,0.0014894043118387837,2.6024311273092333e-06,0.8263608464233846,0.6220512142302,0.9990405326609904,2.3303501797740775,6.603035084943841,0.07640466362426397,0.0292125874203763,0.00019200474261979935,0.08470335920738276,0.21329548562032258,106.63,1.563656685204624,1.5374375186321894,11.138281,0.9981666166125829,0.6163923393302176,1.040487,1.0901740623941096,0.9996456249681155,77.78886312209272,0.32824097208793257,235.2030997229835,1.890953635770612,3.276429479813723,0.9986606013161418,0.06605616540893133,1.0,88.22401283149152,1.1359501603619493,0.42088388110882785,1.8563942138081302e-06,11.434089960840348,6.895237375210169,1.6437778354065993,1.1510546826814572,0.7415641897548289,0.7639956987989432,1.3812821535599684,0.004684094032007349,4.737171003628018,34.359064900190816,465.8795530648771,1.0348754363953834,67.59710320128553,0.0723677524824064,0.1669559578899136,0.9999346827547249,0.05647925203599069,1.32395525734165,0.9999900768778333,1.0001985224989927,0.9967205730240639,0.9983331160656987,0.006569774402322007,0.006157574279449005,0.014586075723155036,9.481396899799321,0.18112539616926127,2.043735912004181,2.2317045183818953,0.055760762545082436,0.3882544815395239,0.076800882489704,0.06931500932879439,0.7105600236500882,6.914347102767161,0.09482325184168265,1.2045677788387297,0.5241885676959861,0.035225088084316555,1.5847956651793567,4.2867066907776655e-06,204.65720878022515,0.31540791966700527,4070.146900835903,0.058511075994307604,65.79345879703475,0.1029559205643703,0.3863146660560098,0.09127080140339713
2026-07-10,63192.8789720319,1744.6953884606253,0.9993733502907278,568.336903396185,314.2214676370066,55.71064438601978,7.729156725834038,0.99988012789944,43.770122540221486,6.676908685574493,0.9998426756665023,0.13279880704034022,0.9990480419162291,0.9996405685753801,4108.900431635841,79.44732112270404,1.1302204269008016,1.000047389762498,0.0763864746947405,0.0014777964008240263,2.606113914859689e-06,0.8256609401255779,0.6223083733137466,0.9990019093362763,2.395620521406201,6.697896872278134,0.07656733477279315,0.029466476243014864,0.00019365576816541524,0.08470800863892726,0.21303491561890095,106.63,1.5504585740787282,1.552833650642051,11.139343,0.9982981479099793,0.6252672524478938,1.040543,1.0927141951064325,0.9996962389476812,77.99219264415099,0.3319716000638488,237.70364637897944,1.9186201220025028,3.391594020814262,0.9995394468960239,0.06419903394538765,1.0,91.27266706411243,1.1354196651287998,0.42889216591443985,1.8537197681887698e-06,11.498894761012126,7.030721628513042,1.6488480184155876,1.152294310129173,0.7512773495135923,0.7804270364507782,1.3739601339828766,0.0047246934833183145,4.829886791731548,34.15489974315991,481.1850455771398,1.0030348329074912,67.08394450884185,0.07285131176568999,0.166466925337032,0.9998919331908056,0.05616813244119023,1.2072386415611307,0.9999474549778721,0.9999914541213808,0.9968621355435048,0.99839715278594,0.006607210968933833,0.0061764784797867485,0.014339329662766557,9.55335875297558,0.18623867357365512,2.2483112834960752,2.3511927129833317,0.05616057765906428,0.38307754823286994,0.087493192801352,0.06987663735683808,0.7167334838873745,6.796426868628179,0.09941525295607578,1.2057867557194746,0.5200835817535725,0.03547181414918348,1.6024542714941203,4.2826790957824236e-06,214.30236626665598,0.31648182255970797,4114.712035252636,0.05819908440318237,68.10391033265074,0.09856007177790264,0.3901283495002572,0.09396251926749512
2026-07-11,64110.97482196822,1795.2394655119474,0.9994579479210237,575.091602394218,322.12292711219436,55.96041355909365,7.962346537088011,1.0000296587181807,44.74811811179212,6.7365697779224725,0.9998340968969507,0.13402104779413687,0.9993014873546076,0.9998239390167611,4106.977288428922,80.46408559100574,1.1302734164559665,1.0001310154277598,0.0810412742029684,0.0014581435998517718,2.7963960213855655e-06,0.8762933350812733,0.6292320928209844,0.9992011052512588,2.6854506369326443,6.754369133340371,0.07942975255625717,0.029456612625172997,0.00019350579745368456,0.08558249876393656,0.20332756127208662,106.63,1.5871992813843174,1.5674007220908572,11.140426,0.998544507675071,0.6292812422558467,1.040586,1.104005366846566,0.9998104754182159,78.06878587097549,0.3302389262053864,245.05256846078538,1.8913646424349004,3.520686362191038,0.999558279156793,0.06416251342981938,1.0,95.69107762521104,1.1382821435049373,0.42942956293452933,1.8418569665570176e-06,11.164638528274772,7.063587647150606,1.668486379954077,1.1510849693801464,0.7601351178702895,0.7872237986444354,1.398433091936543,0.004762141514797552,5.00818686308964,34.83274987465047,497.8566017422245,1.0335158432197034,67.44804895603389,0.07406742095160061,0.16663024798781856,1.0000310722864159,0.055719322385382214,1.3293284887919241,0.9998311860037291,1.00010330231371,0.9969707090577719,0.9984305733473865,0.006656136605485672,0.006268495618900618,0.014411009379124717,9.429655030306417,0.19050167241218627,2.187937948568804,2.299042389743955,0.05988833582396051,0.3810355774084634,0.092818244585528,0.0702956194081892,0.738379928248254,7.053024192529234,0.10232436679113589,1.2045461033481435,0.5168961920973479,0.03514744558389024,1.6440646751060928,4.39128834517506e-06,212.98039545715574,0.3279956215604535,4111.3258759283135,0.058125230167101784,67.95581606745246,0.09953730056299584,0.40645787049978305,0.08654672513196511
2026-07-12,63791.35305345348,1787.9485944322748,0.9995413430491851,574.540611804015,322.70040973242664,55.88702891026871,7.910834492864834,1.0000906765144355,44.61716376136922,6.54613520088115,0.9999960614749807,0.13472336773481158,0.9994961819016766,0.9998622905970533,4097.205287872001,79.63169086522885,,1.0000958796108188,0.07999095214056834,0.0013885972386701243,2.7080688170658558e-06,0.8536283963992464,0.6221737964292363,0.9994103497352145,2.5804242952307397,6.672161384058043,0.07951389834149233,0.029314882689428664,0.0002030737013686844,0.08424905597034327,0.20250418105133464,106.63,1.580309631457725,1.5435034135178183,11.140426,0.9987152874688974,0.624318466991735,1.040586,1.096197339470673,0.9998487314435272,76.71562325891836,0.3296584253132556,243.94028255081096,1.8666409100529862,3.656743658554843,0.9999731696082159,0.059121159430619644,1.0,98.08650576980592,1.1378804751462779,0.4226194584497684,1.8420054482629707e-06,10.47772174886069,6.968969539255843,1.6436844631791072,1.1507393818735574,0.74676483570494,0.7711822497999073,1.4254741761331868,0.0049335831841926005,4.924086717695951,33.94970488218227,508.5780850507025,,66.81422206278447,0.07317772507372639,0.16562641420985583,1.000125665146763,0.05579933924638367,1.2675247264491194,1.0000459048017234,1.0001807076734526,0.9965854264821554,0.9988941965626622,0.006647667804956336,0.006047310895043831,0.014522961499888623,9.566430686888534,0.1863264016838741,2.0738146095214236,2.251139114600534,0.05801229416657117,0.3969387158161789,0.09498046468447172,0.06846138800393721,0.728579164257862,7.0192887123444105,0.10143714913075573,1.2041844653322709,0.5210138375283971,0.035499992417784294,1.6411727306825576,4.3026449581068955e-06,207.7306094150522,0.32398405837178157,4100.122778489886,0.05820554223352598,65.80867963844558,0.09788539293980593,0.41423461402747563,0.08745891200058718
2026-07-13,63746.65595793199,1805.4862853704624,0.9994782149381712,573.7067971748755,323.78113305160286,55.86259004379676,7.991922487818149,0.999849541470682,43.97988183844549,6.402352038601964,0.9999562523356385,0.13297030134773113,0.9992105308163539,0.999546168787397,4075.650974246006,80.70690175154874,,1.000060072152883,0.07987786969823014,0.0014606241751575447,2.7641640107068704e-06,0.8438436475198493,0.6212903428232018,0.9993683613975094,2.6290070197875415,6.6813645752538475,0.08099424233310552,0.028422337241872583,0.00019238497074546503,0.08346196142723408,0.20112097179222424,106.63,1.5664499798245792,1.5268467376303456,11.140426,0.9983539946247487,0.6102197305429898,1.040586,1.0854933916295033,0.9996475015659946,76.86985248774823,0.331333508273943,240.13934869275553,1.8879426766590721,3.591588350158065,0.9995614732035439,0.059836635575552875,1.0,96.9060926202664,1.1346975064308926,0.41764523344354315,1.8540014653460103e-06,10.5768967224391,6.847149722169527,1.6721205451616834,1.149458709340485,0.7417635015255333,0.771280132752732,1.4029909612000337,0.004850168864769943,4.86988721527899,34.41398522851654,533.2997490230787,1.0138240452581573,67.30149101834385,0.07269192224016949,0.16198969653683382,1.0000600721528823,0.055844991281244837,1.2378125580664951,0.9999601261132911,0.9999382537552339,0.9969329160901015,0.9984601112177057,0.006470164923778197,0.005991656418027197,0.014459324652475085,9.548795903392275,0.18637334960194404,2.005079833972905,2.219954596285706,0.06042804571678771,0.41825954166347634,0.09314585574557226,0.06754596110453766,0.7357032610857066,6.989686820996903,0.101146735030959,1.203002065316931,0.5079078241473641,0.0367983333565194,1.6191258413828393,4.2310003362660354e-06,209.78883285054866,0.3227190381473598,4077.423231707391,0.057533003801417675,65.50371874945137,0.09098694673289806,0.4218773702377634,0.08363115050117063
2026-07-14,62278.96301585648,1774.0909253483635,0.999069586810149,566.8067374879349,321.42541140498406,54.586604249408,7.881328095065449,0.9998985285706715,43.52220714575467,6.446276196924894,1.00016279080332,0.13001478705395983,0.9990130444343575,0.9996647593913459,3995.7621517045104,80.21258915219241,1.130384609370378,1.000361779481096,0.07850390401946768,0.001479397532081882,2.726686120358528e-06,0.8359897024796956,0.6269325510672377,0.9984237470581466,2.305632331467625,6.615005527884711,0.08222677286768532,0.02838620969877595,0.00018807319524556678,0.08354398521844902,0.2069752140659587,106.19,1.5366164589943283,1.491041703287685,11.141483,0.9979394901995007,0.5912729743845276,1.040924,1.0664910722139291,0.9996369854929701,74.93128320593416,0.3241850193170108,236.26785163586507,1.920515406842951,3.5522669040198864,0.9994194320926166,0.06039149178556236,1.0,94.49931788404983,1.1359765869421203,0.42112098222363714,1.807202026494484e-06,10.645913167116763,6.875542425163059,1.6298424873324666,1.1476545745131341,0.7305388173530267,0.7488881403513641,1.3982040828401125,0.004758326659056913,4.669456943346843,32.88420504371044,495.4194760535825,1.0334836767017217,63.43935392536694,0.0719235931363791,0.15737758682859052,1.0000382347775956,0.05461243159556481,1.2075396436703223,0.9998622479823039,1.0000689822650293,0.9964247604372911,0.9980832000398323,0.00639060903281039,0.005801626281594289,0.014361932848338444,9.540245212762251,0.1806182621016152,1.9932906431190909,2.174938462718926,0.0599352703538045,0.39227297307239584,0.09026014752182224,0.06654066141035633,0.7213234842558185,6.790856959601049,0.0995905246139588,1.2009286537139319,0.4828833250451558,0.03715925845292715,1.5965026701396081,4.152545093081283e-06,199.834985380798,0.31069772939450174,3995.0524498217083,0.057631838234840006,64.83080235612952,0.07739458563039207,0.3802716984702732,0.09470882205855839
2026-07-15,64983.51907427709,1890.3093923843837,0.9994264369133764,581.3477700391322,330.8904155368965,56.63195422778912,8.338654694958581,1.0000174477004362,45.38634324199731,6.702168700298086,0.999823445025527,0.13841795028995557,0.9989932433619761,0.999805121814681,4047.120899391055,81.27844960297224,,0.9999227067475579,0.08399865153279873,0.0015122267019303992,2.8125637492387715e-06,0.8519378599412882,0.6303448049008042,0.9991199298605781,2.5949264365005176,6.73660262273998,0.08475173594817588,0.0285584489970394,0.00018914366233211904,0.08468950407958223,0.2114797417722158,106.19,1.5628520479117773,1.5245790485120596,11.144739,0.9981892590850798,0.6204630396594714,1.040903,1.111116761569743,0.9997473746877992,77.80864772344317,0.3257106930900173,236.60584629660568,2.0107203460774805,3.6629642356019936,0.9998907909425678,0.05825515808669463,1.0,98.87193303555618,1.1387642327793595,0.42268160260244686,1.8186416962044002e-06,11.09921505048927,7.091540610291111,1.6970907493375003,1.1518253845846256,0.7591357133722131,0.784136126544961,1.4355356762547662,0.004836170618436457,5.0512511299568965,34.10267173367756,564.1362653433462,1.0369467231848442,65.48336375276892,0.0744140593834015,0.16541385645430126,1.0000226490470838,0.05579044866251924,1.2308192053894995,0.9999227067475581,1.0001259009918013,0.9958388546600511,0.9987113650044753,0.00664032540460963,0.00593288931350263,0.014824087276491645,9.713015781024973,0.18440605894310708,2.0611283595912053,2.2211942766906154,0.06103188031650117,0.4142990021738795,0.09212858155315132,0.06733182404472861,0.7618969644676731,7.045271091149233,0.10016063243806396,1.2052806796267355,0.5061400536794138,0.03751715116951106,1.6186654831067897,4.221194289584989e-06,201.07703642911162,0.31477206535562535,4045.639102383267,0.05739422796280165,65.84295237106467,0.07911147319246314,0.3936181777936063,0.0844608012712626
2026-07-16,64717.168891130066,1916.7586464879018,0.9994413473924197,580.0914809504844,329.7921293601436,56.75623148755559,8.534679934473065,1.0000095845518564,45.13634125076721,6.6952965367219575,0.9998146399412594,0.13718458303596684,0.9989244655108198,0.9997555114802359,4050.4507329793,81.51921149821361,,1.0001137683831847,0.0834812408627921,0.001689073227976474,2.785150349818369e-06,0.8467511505848949,0.6284190106567031,0.9993788795099403,2.416630196381859,6.710695067809399,0.08298765139128217,0.028893756009455342,0.0006787004407960777,0.08502720137153608,0.2067282249614561,106.19,1.5551065777331425,1.525879695196028,11.145804,0.9984636629290595,0.6231557359801864,1.040911,1.1127284157422908,0.9997415379184242,77.23864761387213,0.3243314121284,223.05977208301127,2.066248837544972,3.6166617434633346,0.9995962850280469,0.059839078243871975,1.0,95.74009491889744,1.1356311701906838,0.4253521013625019,1.8027191535153622e-06,10.773802767805101,7.077995272476521,1.6785771309722473,1.156445200938685,0.7590815674946401,0.7887798603654672,1.4117411533533135,0.004861884085757667,5.092353719583315,34.50789858932591,570.1795583672051,1.0374695720241875,66.82952106810772,0.07403961001624809,0.16501555735602033,0.9999779374025415,0.05567295647428062,1.2388430418830079,0.9998139441296467,1.0000810757536422,0.9962455068724215,0.998489802983798,0.006612941569398801,0.006221378891528385,0.014589891442711967,9.818510627666159,0.18834226246864486,2.0215009770207564,2.178352315363033,0.06281800957011394,0.40613836416532184,0.0883840564703271,0.06791393169380215,0.7547575875716812,6.935631790157609,0.09837103827235869,1.2101167850727985,0.5046893827026604,0.0370543723192663,1.5751322285490523,4.234047254793733e-06,199.21333631715171,0.3653528184497429,4048.779561945905,0.0573890331346695,65.26146596623707,0.07878371957731686,0.43805804399839066,0.08250663355201754
2026-07-17,63792.28742743447,1863.0065007127855,0.9994096078268669,572.113964769213,334.5208920939052,55.75445891539222,8.334568734180476,0.9999924710434732,44.91106220471686,6.508104279616282,1.0000976003478703,0.13070051624756268,0.9989890225001234,0.9998114579327637,3985.546271186289,80.21647194852639,1.1308852692810127,1.000203292012962,0.08225077302704197,0.0016953230998151695,2.7229861217102066e-06,0.8579545935500389,0.6174231934802225,0.9993731420326142,2.2822275545885917,6.656709749648851,0.08152961644206333,0.028191830320503555,0.0010183870521887246,0.08223700583774621,0.19661583959457402,106.19,1.510500602382068,1.4747378897256265,11.146875,0.9981363661204661,0.6102370928608635,1.04114,1.0863798740753594,0.9998177865410546,75.26924720120745,0.32304898579215596,221.78254200616047,1.9636423196710087,3.538167307980536,0.9995623502299076,0.059707066577521964,1.0,91.13383730937959,1.1384372722540423,0.4413174033812582,1.8008297881424189e-06,10.674080849704756,6.939627563342157,1.646647783561881,1.1539635105919086,0.7445333099167176,0.769556976213452,1.391021681582602,0.004728847674116747,4.858063985626539,33.32122408627036,523.5637782982166,1.0027213601487552,60.68663231136282,0.07234412521791075,0.1607095307055631,1.0000983551414824,0.06116604764605255,1.2197463645268578,0.9998984753862824,1.0001048558681407,0.9961724582548678,0.9984760260268901,0.006633793291064908,0.006030589941052965,0.014553427931515713,9.806683896460873,0.1849706064391984,2.0754282303378795,2.1213280773070164,0.061202250242751485,0.38780268438493576,0.0889376165711137,0.06650409119146153,0.7384556491190373,6.707333464866926,0.09743073637134529,1.2075931663334223,0.4748283609241392,0.03887236098778441,1.5180961418112444,4.114708380703435e-06,191.26935358894315,0.36349197361555763,3981.8624390338628,0.057535184333011774,63.71971230066102,0.07670596775655726,0.41912398942359463,0.08756276880128464
2026-07-18,63904.954014943025,1840.7681193183653,0.9994370992206554,567.758313883116,330.38666701071844,55.6828239413238,8.250502225683649,0.9999862698079707,45.13543138101556,6.583524394432181,1.000129793250688,0.12803825751795092,0.9993404828037779,0.9998408568860453,4005.354380415488,81.2990397111305,,1.0002399791879393,0.08193565190170203,0.0016364967168957052,2.741400860577623e-06,0.8489509941326506,0.6228087121236511,0.9994286821828311,2.2875669219408565,6.685465923704612,0.0829973082706387,0.027897733728855213,0.0014388741673761042,0.08270036076181278,0.1939993641572573,106.19,1.5096111784934523,1.4768950583591822,11.147936,0.9987674725170371,0.6227090944634851,1.041093,1.0885135568085882,0.9997968526844353,75.00200273777084,0.32256822275880787,219.78783596856704,1.9266207825502868,3.6394170772054655,0.9999286671656508,0.060135216128338505,1.0,89.95682270344092,1.1364827477595962,0.4262033344925945,1.8199211055696942e-06,11.207320242640764,7.039718760040825,1.6413552581822486,1.1537502345183563,0.7474195408196561,0.7641538465513414,1.410073448850681,0.004721979010822496,5.143611451330685,34.236039628264024,547.2815413317958,1.0279178952582275,59.73918313871447,0.07252401895653499,0.16674088360685174,1.0002164493119987,0.061378361006633374,1.25517071618373,1.0001400351452545,1.0000449623439447,0.9964395326064881,0.9986269570791318,0.006538422134824993,0.005930463409408754,0.014139260712755033,9.805080413301194,0.1854883222135024,1.9648634906794942,2.142723141867695,0.05955106405971686,0.3882922670276836,0.09054070229566077,0.0658916508220287,0.7396491862899345,6.6473857441931825,0.0978026973329163,1.2072467316149047,0.46931429295500526,0.03592186878766858,1.4977060883558988,4.144223779394562e-06,194.70708064866835,0.37253435905844,4004.0613380760133,0.057104204593267975,65.15905077644447,0.08120195777796009,0.4398180563208303,0.08403621766975189
2026-07-19,64795.70382303786,1862.32234801627,0.9994337449517521,570.3033872677163,335.743035155695,56.28632463964614,8.344843047570384,0.9999393191883695,46.98304320859264,6.567658107086493,0.9998587067863975,0.12504655952721785,0.9994653036009117,0.9998738487988845,4010.0009303841803,81.31562284235304,1.130453113638664,1.0001549277641548,0.08064576190501462,0.0016620716273371273,2.7536072538354787e-06,0.8378454325054489,0.6203673346773645,0.9994474102403663,2.2588240770741295,6.751990916714725,0.08101026804209742,0.027771121402553993,0.0019914855503666566,0.083127211090442,0.19471206418469436,106.19,1.4970012758607958,1.480631228570266,11.147936,0.9986477932570936,0.6080212998726252,1.041093,1.0922463620697758,0.9997163834472428,75.48105541148355,0.3256318700488089,220.07829081716076,1.9312396447776372,3.5673370944190177,0.9999239932402081,0.06321257320212025,1.0,89.9129364614221,1.1387250435865413,0.41981007360594375,1.8326328534333078e-06,11.82496356578379,7.011909126968524,1.6507635543300392,1.1534559761195395,0.759100169191797,0.7490170768673754,1.4097577991690442,0.004750395928217039,5.164090165394307,34.20608459320399,558.4092967953651,,60.19156704464236,0.07249010990297494,0.1666338307486647,1.0001549277641542,0.05945303016257333,1.231638873131008,1.0000549822332498,1.0000074905257907,0.9961607164605939,0.9985549880473958,0.006565888248830905,0.006148987660361712,0.014627141307486151,9.810513014815307,0.18769768573944412,2.010314900625829,2.1740143445461055,0.062217502234655254,0.37608698454390205,0.08827701188182015,0.06708479228618623,0.7428951312152448,6.63562266997543,0.09848533022985918,1.2069388291940917,0.45132196655473217,0.035644809545489556,1.475151771906683,4.143678935322457e-06,195.96500011802868,0.3467778751535215,4009.6500999535665,0.056950373484739324,63.83182833931975,0.08544807419555753,0.44830654315014923,0.08291282428584816
2026-07-20,64670.40117470696,1870.8170349782704,0.9992984903085976,570.5283706446356,336.2480614459213,56.26664753623865,8.378905469087426,0.9999313239855259,47.035026360855895,6.459114047764834,1.0000096489589192,0.12675688653862988,0.9992066793133507,0.9995236586617197,3992.70878086259,80.14864353890496,1.1301497531033722,1.0001360623449065,0.07979679969100974,0.001996324126627917,2.8323161467779924e-06,0.8187113845232996,0.6202807166874584,0.9993039448656874,2.208499484121083,6.71709140692095,0.08124422550546377,0.02830743815926479,0.001969366348911919,0.08278045715499924,0.19580811365924525,106.19,1.475821215483399,1.4820059537232022,11.147936,0.9982409269858046,0.5952344719844318,1.041093,1.0968034898967796,0.999589941122449,76.311803624947,0.32671095226218805,215.10311008791382,1.9156068698392918,3.5135068487863705,0.9998721690342193,0.0682518921227208,1.0,89.48708248478194,1.138786961650494,0.42427473229431845,1.8486048538961726e-06,11.659642447070516,6.952437108464922,1.6288374890127264,1.1526636768020335,0.7577963961472857,0.7191357372197347,1.4000340146899592,0.004652118496924239,5.106563530990302,34.35328627905068,547.8284843154929,1.0187662638908308,61.10952105053687,0.0723594411027145,0.1660457103945205,1.00006371688472,0.058396506715776945,1.2108292080749274,1.0000361286855994,1.0000397960705112,0.9963358641463362,0.9984253278742511,0.006513092917772636,0.0061156866569270435,0.01439231114231362,9.799128641823271,0.18800830598287585,2.0025732761335826,2.1360790593977192,0.061214350287437824,0.3609860663639334,0.08896030682620801,0.06650902876859233,0.74910271016561,6.622561720234939,0.09721264554354807,1.2059609354287228,0.4525827240737561,0.03576006899908178,1.4465336965455147,4.1445636706220185e-06,198.62851555647487,0.34532516693031945,3990.3435377974956,0.0575885162798649,64.14631862369583,0.09259984262428553,0.4448591335322159,0.08332375843297495
2026-07-21,65184.92144270268,1901.7735152870935,0.999361850289122,570.62038864161,337.2826543226522,56.692285123863975,8.5813178471838,1.0000325348141819,47.30176770207581,6.572773903993817,0.9998385180861424,0.1245308251706902,0.9992952129818277,0.9997130616091512,4007.6299054548017,81.75181845253196,1.129520319982683,1.000234588057033,0.08280187232677864,0.0020243119177099367,2.9166942520987783e-06,0.8257848761553838,0.6255035456999248,0.9992327547805946,2.179123865535204,6.700322185578408,0.08042567916400893,0.02836387759875717,0.0016874799530962657,0.08322010897562421,0.19602594485764555,106.19,1.4940539889458657,1.5160910524596254,11.148988,0.998336106337396,0.6043476126035657,1.041433,1.1112396193859457,0.9997013423303773,77.74886056354681,0.32666215382358943,219.8239553775225,1.9766045187613706,3.629449425139412,0.9998097807006543,0.06735513676181695,1.0,89.76685275168255,1.1361736400245905,0.4246215200687862,1.8475230648608143e-06,11.624165076024811,6.9157697443866555,1.651040288832908,1.151259640924433,0.7638297928137475,0.7342305409329859,1.3982603505132036,0.00471596094731494,5.342913632662035,34.13360956365717,542.4717730794962,1.0013869356644247,62.420928952626625,0.07210677455081545,0.16958177336436725,1.000072227968038,0.05730453245708955,1.1976642360509158,0.9999347875011156,1.0000904642765625,0.9963933090904591,0.9984231430496173,0.006450902216273366,0.006334878696649527,0.014091221146807881,9.737545184555378,0.1883739087758557,1.9956013914502753,2.2007423311072483,0.061609263908977745,0.3798900721149909,0.0902517809807089,0.06664691103758472,0.7640787303314444,6.679709142477939,0.10211252972867521,1.2046164575730838,0.4315896640783524,0.0361303239651868,1.434828122441836,4.241580344464021e-06,195.02412958882113,0.3575589927768883,4001.3680763077546,0.05690724200639983,64.72921413041685,0.0953853441537971,0.4562740997761177,0.08234796720593596
2026-07-22,66520.98164575922,1928.6558956703082,0.9994262188970253,573.5798653458507,357.2847708711701,57.694880643380436,8.650284794419546,0.9999165810760218,46.82353477239541,6.564159720492652,0.9999237895386377,0.12659276355705973,0.9991964180437996,0.9997899126284359,4073.569979029569,82.25000429777978,,1.00009590170128,0.08664737394798466,0.0020020824054925073,2.8736927226164144e-06,0.846357247459139,0.6273560915715419,0.9993235024263293,2.341100229528341,6.7436601377384795,0.08002408477949174,0.028559923578338232,0.001682966698382108,0.08454601396091332,0.19956193994859878,106.2,1.4846490135192087,1.5341884680669864,11.152184,0.998601478027763,0.6097660058306865,1.041654,1.1424327821391576,0.9995867403867915,78.08824475788602,0.32943744569339517,223.75094705074855,1.9350271306996851,3.716213410436255,0.9996754600617462,0.07111824082058672,1.0,95.56901273682537,1.1390551827880562,0.42927223130934433,1.8510449985444075e-06,12.684256132301812,6.991363082556204,1.703998839586615,1.1500875107606878,0.7647469304287271,0.7681863322593135,1.3981411362556775,0.004957426412020308,5.3021678101899035,34.86613694118146,532.218029987496,1.005957231657069,60.83236530675951,0.0733086983531013,0.17354322555782004,1.000025941861254,0.0585965016678715,1.1921305154147193,0.9998260566040361,1.000134796100311,0.9958605910527571,0.9986001245697015,0.0067833207410757275,0.006315016214132294,0.015205705008202041,9.716207045578875,0.19201551556454813,2.0717601126451766,2.2216962486771816,0.06302319860808363,0.3769049535379736,0.0888523593946864,0.06951332636846937,0.7712572649753445,6.706581215342719,0.10078186641905246,1.2034433059751017,0.4534668861876277,0.03654095813971696,1.5438925463086193,4.262958439770196e-06,200.66765489367924,0.40095214213736796,4071.2091560017197,0.05698010268044999,64.33680144397863,0.09245909312670966,0.45908515043127013,0.08292362095286099
2026-07-23,66077.05646514206,1933.4132583162384,0.9995387165809019,570.7268313014563,352.4183338161306,57.369156870373686,8.625619417665229,0.9999039680395372,47.10678484616303,6.620291321188178,1.0000063908732273,0.12249532665411901,0.9993199972957473,0.9997730877877042,4124.826598118523,82.21966046362354,,1.0002145631336647,0.09012073816818678,0.0019084715185119277,2.8854235922236963e-06,0.834874255581689,0.6221125572690637,0.9994361851127537,2.302139997886808,6.690679671228234,0.07917560696055004,0.028246194234375636,0.0017059175204511747,0.08444212279022079,0.19119878183614025,106.2,1.4676108276568467,1.5086512719515477,11.153244,0.9986869138193415,0.622072912900786,1.041714,1.141418837576549,0.999826834017744,77.93926390412061,0.3287571731287957,219.92450756942446,1.8677039104626492,3.780836548430851,0.9997985854313882,0.06657971778648934,1.0,97.37989153603958,1.1368842223416034,0.4206776798230109,1.8523300886263871e-06,12.23233552662085,6.937232354187561,1.6962977788569076,1.1510336910953545,0.7531937504136911,0.7617873195511369,1.400346201042288,0.004872510930102715,5.169067596545755,33.52841625201356,515.1242324154182,1.0085417408736463,59.358305699739134,0.07295928454916549,0.1743814837148952,1.0000146601531237,0.05778364268617114,1.1323362449453958,0.9998147571725834,1.000087610944109,0.9962649367666191,0.9986875197611201,0.006652107235292035,0.006286456336298703,0.014337962792991904,9.692396318124114,0.18741291578763097,1.9158399256596326,2.207868678525629,0.06347007419958665,0.3844113063591587,0.09000983230777333,0.07278107998468711,0.7643976534874457,6.706139530861908,0.10218498764323979,1.2044723950113487,0.43328187822845404,0.036443185729198045,1.4925063949655377,4.251203104522009e-06,197.30824838099474,0.41275345651163164,4124.692640022251,0.056128881724924216,63.68178130438041,0.09210945464189564,0.4615436922178801,0.08211347636307785
2026-07-24,65052.47667067735,1877.460607698635,0.9993556921605125,566.979485179163,355.3301893170886,56.57290732307503,8.465340798973486,1.0000211336201672,46.92863736643428,6.262487236515561,0.9999677404434671,0.12241263478841802,0.9990745153732505,0.9997537888548006,4045.0835417716276,81.98666990999152,,1.0002518541326035,0.08879535870342622,0.0018287349826731955,2.781409151084838e-06,0.814794419638655,0.6201152209887283,0.9992701506152903,2.161044690286303,6.669496525254136,0.07626112736511387,0.027979309258022517,0.002509503402475796,0.08315078036042395,0.18742336444835117,106.2,1.4192402033097036,1.4733690086261855,11.154292,0.9987766835265257,0.6179071949334266,1.041846,1.107222681879862,0.9997651618624797,75.85134810030104,0.32867848630262414,211.83529079121874,1.883351569103604,3.7527977656604197,0.9999560425710035,0.06614498888027354,1.0,94.92358860630384,1.137806401722915,0.4069402142328108,1.8347688053544734e-06,11.9202356570299,6.827505731108703,1.6710657259498782,1.1476188255155333,0.735071743696383,0.7274970995195064,1.387781891402981,0.004775691120217596,5.174697687920656,32.8833990775507,504.2248684560044,1.0399239330608652,57.50932232604686,0.06916782838228785,0.16841717941979198,1.000051182158351,0.057078412645724365,1.1433473841897523,0.9998621027881879,1.000075502863627,0.996205259100297,0.9983580672254941,0.006466704686710362,0.006075104202773032,0.013984705070265701,9.722867650254944,0.18223636062066378,1.943529527023833,2.155859810559263,0.06111108726600445,0.3813180873836487,0.08607951486689171,0.0711303557988192,0.7440253228643733,6.5842983844417065,0.10086886832828186,1.2008017737309893,0.4221146944047896,0.03825589690999598,1.4621749349939042,4.1355497009585464e-06,192.72467757956287,0.4011844555935161,4043.5769683934564,0.05746874046875408,63.71685630694788,0.08575803660763416,0.4522768977563563,0.0827222609540775
2026-07-25,64092.64739795451,1860.4425012275274,0.9992388875300753,564.4208974926823,363.6211237703395,55.87318198589775,8.334763458130993,1.0000414425241817,46.32329146594182,6.299250087586633,0.9999978900418249,0.118933255353981,0.9987820919811823,0.9998679157162553,4051.1680720866725,82.35578345655972,,1.0001932452324704,0.087168848812473,0.0018328463752285136,2.7146566037004004e-06,0.8080674914419935,0.629598039871902,0.9991601525154945,2.032759491060332,6.5894018881056775,0.07664970206027784,0.027702446846372034,0.002749350525071996,0.08609059890986698,0.18700318711834737,106.2,1.3925422233946494,1.456257925777849,11.155345,0.9984291422535104,0.6008616374630887,1.041987,1.0912834733115033,0.9997381600175821,73.90776692044658,0.330630202638421,210.7166795551781,1.805184325043529,3.780657694426769,0.9995525029687358,0.06676749778340303,1.0,93.05559003753581,1.136555712352305,0.41004297478082563,1.8366176893965885e-06,12.405155391329973,6.557571907036669,1.6490187130001752,1.1479720120598442,0.7411035386942684,0.7188879562561001,1.393125535608318,0.004699663419052739,5.1668901040154065,32.115643960240156,488.2649577764055,1.0172420522556807,57.4181410554771,0.06951337265461949,0.16381918738316842,0.9997916562817569,0.056731944445719655,1.2028615191421625,0.9997731573577394,1.0001492408489867,0.9957322228508171,0.9986721432650254,0.006406499843820583,0.006026654098679335,0.014087545411313162,9.663550096432951,0.1778165462199591,1.9318284919852928,2.1373582484528924,0.05843709061409776,0.3470668267370498,0.08298284575835388,0.07078449724048985,0.7103819316567506,6.468397280732782,0.10284626997789494,1.2011604755674383,0.41410810142744786,0.03837334782025108,1.4662442596447491,4.1818491172606165e-06,191.16328237644186,0.3837466363506232,4050.6093319719166,0.057337322978616816,63.409043313065325,0.08281351011378683,0.4194701624160762,0.08322163606651779
2026-07-26,64318.24520120312,1874.4572768280736,0.9992588690563055,568.4904389403061,364.1238274978883,56.115549164564165,8.378350563606428,1.000148633561788,46.50367729087013,6.7720596437513105,1.0002527952595837,0.1222928755966456,0.9989555654977212,0.9997135900728666,4052.7045888903076,83.21851098486698,,1.0003181895102864,0.08597992280188381,0.0017805191322278462,2.741055236121658e-06,0.8137191155396358,0.629647358786008,0.9992463467872799,2.0642670282644398,6.665330112390492,0.07676129012237029,0.028063311061756843,0.0030595973378557038,0.08411380101725659,0.18653415895523498,106.2,1.383732283128596,1.4638056033071671,11.155345,0.9987180713565699,0.6105842584249636,1.041987,1.0973556934181352,0.9997944452694056,74.47711500496659,0.331333445983987,209.66361130528298,1.7917302466816518,3.6669106709563004,1.0000634062026035,0.07769319969478747,1.0,91.94827938580329,1.1369857358088762,0.41143497218423325,1.830704310280304e-06,13.287699653832412,6.69569901131072,1.655590357564451,,0.7398703308341954,0.7353528773119831,1.4014809515593865,0.004678848253039359,5.074374721439231,32.43817179135633,485.19984092900324,,58.1230275460614,0.07168430264037445,0.1647003197135557,1.0001881931309218,0.05650353228419535,1.234407767107489,0.9997799061637593,1.0000358941272225,0.995455116044,0.9987485285616061,0.00641999101652006,0.006210111039947428,0.013824933359821594,9.710662790245717,0.17815727227906747,1.979221415005959,2.1475176043078017,0.0579948002950986,0.34537727488281483,0.0824288722159692,0.07090100455243155,0.7107370269255773,6.611404639374689,0.10350502948043638,,0.414571739730853,0.03961329538412859,1.5058870139044982,4.896671157459057e-06,191.50742774488404,0.37819324850246644,4052.1785570381016,0.05614460900233417,63.297768268297794,0.08279465438066269,0.4100822613610512,0.08227397110668311
2026-07-27,65343.824510845894,1952.9020070235085,0.9992604265910845,574.7685101524539,353.7562623791698,57.263714231154076,8.816973553839162,1.0001336989460834,47.796451358473306,6.735624859425923,1.0001535748924555,0.12467954274308804,0.9990222479256508,0.9996013308958965,4082.980439055529,84.74990144245513,,1.0002103000506415,0.09021335519622024,0.0020149645011542728,2.9746037623687297e-06,0.8270692168677695,0.6282284174293683,0.9992541061740774,2.144263235576889,6.686176358031977,0.07760256458793674,0.029307857556997725,0.003130644444300734,0.0848246359782348,0.1916322826581906,106.2,1.3977664845743198,1.486937884080726,11.155345,0.9988204542466987,0.6280476626733207,1.041987,1.1119804109391629,0.9997395536137409,76.69020217092319,0.3320912955312704,216.86517671730408,1.8367170356882416,3.8877501957813987,0.9995521693692211,0.07145334844589808,0.9999999999999999,101.39107310110445,1.1395715785459104,0.41601211251209086,1.8225424826588174e-06,13.785139092650063,7.090583403640923,1.6787540090369157,,0.7447092761938736,0.7442455517040512,1.4140806266097927,0.004737018970120029,5.0024374645566745,32.893758208785584,507.8146917443191,1.0149357941190245,59.60600008370249,0.07331531396455922,0.16586945069709486,1.0000630029585658,0.0570803387349749,1.232163660464261,1.0000035254090078,1.0001454615350573,0.9952576149983027,0.99861010810206,0.006434513077081227,0.006376721571874789,0.0140783309471416,9.719997248291326,0.1823608951585835,1.9586065268501374,2.194420484486047,0.05878251640934274,0.35588708957262966,0.08312111729142886,0.07019765460756433,0.7228707346372998,6.684442828499193,0.10484574320737057,,0.4290534403209127,0.038672146324628544,1.5164134840876853,5.311678260317983e-06,199.29578692912085,0.4044461410476814,4084.7896481530943,0.05527147693123352,63.66955858286947,0.08284138263500711,0.4277374197170496,0.08263896286634619
2026-07-28,63701.35288114535,1890.4523208978708,0.999191432250738,565.7349404125574,345.4880426903682,55.71975994455015,8.372250656520407,1.0000772369085729,46.00742794116941,6.4015598103793545,0.999872906783888,0.11972079558406702,0.9989084156264877,0.9997938545112304,4060.07916129805,85.78779799298204,,1.000201576293458,0.08212534950125666,0.0021156491946221516,2.824554195039713e-06,0.7581329374793163,0.6199204415613401,0.9991675243082805,2.1310396208061206,6.549064652634242,0.07361296558128691,0.028139701777186808,0.004023042046728941,0.07999502761598491,0.181360692542875,106.2,1.2988594794403536,1.4112834254197868,11.156412,0.9983174797271632,0.5920307702197162,1.04244,1.0651155264803904,0.9996258755418657,74.14305915534644,0.32486918197794373,211.65825465319938,1.687293520663673,3.703902681269491,0.999457370480443,0.0738765896531666,1.0,97.89647095782284,1.1370107513627665,0.40022804032324794,1.7816471789791452e-06,13.016262908170873,6.789780152260985,1.6594112087473374,,0.7252010879983977,0.6939926233270152,1.3787009771085672,0.004529391140083863,4.726642175403945,31.22257051634023,476.31573300108323,1.0318311681122425,56.04063871584801,0.07032309215808963,0.15544156720749003,0.9998743666086923,0.055568925146548764,1.1702024132674302,0.9997136861238523,0.9999853952443741,0.9954046402411592,0.9986151665573648,0.006280588799116568,0.005954444879960634,0.013726012085524248,9.753053880043137,0.17183421812604271,1.9412445535472893,2.0969217464252536,0.05576567600065327,0.32669310239356714,0.07698983270643855,0.06809238993916568,0.6803838937909304,6.691867234086859,0.10308115159730595,,0.43908311501355624,0.03693146534645087,1.4578393962884761,4.831554254455834e-06,187.45647431472668,0.3938765696515707,4062.7180805417747,0.05463507995866108,61.442296160456365,0.07710983486721545,0.4126590564373131,0.08193430441602541
2026-07-29,63881.94327943538,1920.4888660862466,0.9991906195640794,570.7450174787834,341.69930383240126,55.99644318965828,8.440619659190784,1.00008979692676,46.16767761206305,6.568806297647335,1.0001495738224437,0.11921572087487275,0.9988769738659837,0.9999216902251447,4015.0087033123627,86.22411870626878,1.131958307511509,1.0003144092583627,0.08338346235866588,0.0019661307781163816,2.8043697590404076e-06,0.7608308810464616,0.6211162389683178,0.9991515131113932,2.29575327479406,6.581325199551667,0.07269405311752715,0.02793783128573983,0.004086544356107599,0.07992356977964243,0.19155541073421103,106.22,1.3053540333717466,1.42119828124703,11.159622,0.9981533559465502,0.5867355227664163,1.042543,1.0680196954265415,0.9997674672402331,73.77225682424617,0.32449170660641097,214.1226308532982,1.652638517475382,3.8906307297561247,0.9994527728984576,0.08994015166977136,1.0,100.79219595328148,1.139363821662489,0.40170387866378476,1.7764863963870507e-06,13.010931793382271,6.747280446747858,1.6633025177063943,,0.7296208840415263,0.7057995594709907,1.3774822741932147,0.004564500152983767,4.626247102973786,31.37880091376445,465.44148386547903,1.0010720114163174,55.13403033582375,0.0708317479970683,0.16179908206699237,0.9994034638921488,0.05552792309035981,1.14027902865364,0.999923321616657,1.0002050558757438,0.9949920620164928,0.9985604670162695,0.006246510328785511,0.005962358360281404,0.013743867497632905,9.757347952822698,0.1740101437609012,2.0206783208697154,2.1181605290232084,0.0570172885258091,0.3181150627977549,0.07899082554733555,0.0683708037340389,0.6920508868333849,6.690290977301341,0.10061823248186233,,0.4387700444710236,0.036327184528331766,1.448838753617025,4.630934857031283e-06,194.76486837182523,0.40590124506182035,4018.6327524055173,0.05459445337727899,60.56435193913746,0.07810802048437762,0.41541831596693196,0.0817226754552978
2026-07-30,63916.59794922001,1908.7417326276595,0.9990496281303985,571.3881477127459,353.30914384944464,55.89642690461527,8.324433011710834,1.0000393479409189,45.40058934880616,6.422410079438582,0.9999945163176661,0.1220589853754644,0.9988811872452901,0.9997847361122912,4071.2123911137505,85.61151239235865,1.1316531744990774,1.0001780353152518,0.0780469515853426,0.0018629786850412205,2.7234933839760777e-06,0.7629270173254528,0.5982513690669262,0.9989674155780995,2.178920158949358,6.467073703797385,0.07165043791599789,0.02738106032728539,0.003802297903572813,0.07729922406601276,0.19758536728870066,106.22,1.2811837837555604,1.3985613611152767,11.160697,0.998270786748193,0.5640473720449961,1.042619,1.0726215890261952,0.9995468718764358,73.61124492942123,0.32542527258577386,211.17139041647937,1.6202997584312384,3.987062332520921,0.9993991626308343,0.08271070631540933,1.0,95.97174614738235,1.1398176664096547,0.3961701967441943,1.7893715574347725e-06,12.496420730494535,6.674377767891443,1.6344878076564795,1.1555133954895345,0.7363308325081727,0.6782951304175696,1.37839518070009,0.004486624106856927,4.602603323913431,29.641350796057615,467.183565359457,1.0073865236198767,53.875074883781444,0.07007364490120126,0.16199689974014272,0.9993141857472044,0.05464020493666219,1.1443945416608194,0.9997437601090309,1.0002711607873542,0.9951923240169435,0.9981103345129405,0.006302739444229393,0.005750538463267707,0.013767263149360371,9.77136488388684,0.171803665043043,1.9820703187850326,2.0603413646525603,0.0574303566370195,0.31030260882513233,0.0790548179677109,0.06785030851157862,0.6855496431937829,6.5987385012217725,0.09911709924688289,1.2090220760232244,0.41595452478010203,0.03551624979503518,1.4040075546511874,4.638791847714649e-06,190.45927814875668,0.4030735059238614,4077.9756489554,0.055666847535380634,60.64150933141213,0.08152661678173256,0.40082476460680405,0.08153019070758835
2026-07-31,64743.33714554026,1917.5713635462077,0.9993402690258781,591.696782304102,360.08481958441024,56.47606487843971,8.448103949823558,1.0003311445015333,45.53985599598579,6.430983047810448,0.9998506962058615,0.12102173702070936,0.99925370276782,1.0002067764825848,4093.541839242975,86.43631530896766,1.130650318733966,1.0002139025882901,0.08106264587239523,0.001984864378213491,2.7636271989720553e-06,0.7679599971348646,0.6077619419871596,0.999317808083155,2.2786412566922443,6.5104855972981985,0.07161078321600135,0.02768755310207287,0.004491202663764839,0.07886487642142612,0.1947625869831401,106.22,1.2801173894951088,1.4147198620134893,11.161771,0.9987233884681422,0.5685002753703862,1.04277,1.0821017378210545,0.9996930314925583,74.46304923578987,0.3284589969898396,216.78732611373883,1.6766368871636637,4.429368981371177,0.999837001102033,0.0846668040689833,1.0,99.43447724028134,1.140521278136334,0.39685829532574723,1.807881756186088e-06,12.357776332506488,6.762930687328378,1.6319267169849843,1.1631742841403347,0.7322839728979224,0.7128673737519339,1.452518314897393,0.004703025858823044,5.008697583683594,30.263577719573107,469.9643276957899,1.0386446202703583,55.842186998534295,0.07056192147492509,0.16966733058539551,1.000500933617947,0.05520550695671417,0.9808769834438776,0.999997884610901,1.000194292667837,0.9953427323356384,0.9984814192041741,0.006291661412881085,0.006047659647228027,0.013332803160173524,9.783407381955104,0.17192494424310306,2.0185060439328173,2.067028080374355,0.057444278660792734,0.3064081477942439,0.077403736113531,0.06834173703731912,0.6917914099174752,6.685626848418506,0.10290125375103401,1.2169350582302518,0.4319960864130048,0.034145805373473996,1.4287489698952949,4.716881279265134e-06,192.38958502936316,0.4155973351765416,4098.599258636149,0.05495095354446912,60.70283015291192,0.08271539515715064,0.3999424566766161,0.08227791832390988
2026-08-01,62820.08613814001,1860.5923268286904,0.9991161681748117,586.460926871725,358.06581458515626,54.81835965471614,8.163687259142616,1.0000454156762768,44.25759891113634,6.3783894194487605,0.9998909367340564,0.1177303478682917,0.9991335335640019,0.999737643003047,4038.107891411404,85.84388315548658,1.132077889666184,1.000022122090912,0.08029738546835226,0.002069765300946754,2.750910681701538e-06,0.7582435081413741,0.5993725889503276,0.9990851799941595,2.068503442849349,6.5099301852430305,0.07122648504650138,0.027210459481848342,0.004363186262190751,0.0787294226309628,0.1929912499688402,106.22,1.2251727142237592,1.3721508086458936,11.162843,0.9983248976799574,0.5561224994772493,1.042924,1.060602597938289,0.999636433946722,72.79498313468054,0.32572923649952346,209.80226882713478,1.6625493732142973,4.3471788790730255,0.9995440943621503,0.10123611871015606,1.0,93.6548582567059,1.1400476613070385,0.39219887468500014,1.7753690524935345e-06,11.786753606423389,6.599221140068124,1.6181030966972638,1.1646062477071206,0.7209635285658672,0.7145630381819924,1.4567741474661575,0.0047459956921836535,4.863483807636809,30.813811883158333,457.2306328508523,1.0161080780309146,52.52383102179503,0.06953265012939037,0.16804792446428854,0.9999728756650503,0.05429026265298471,1.0994934915590695,0.9996048180214768,1.0000513424794266,0.9952436004582634,0.9983964041227332,0.006256911973651942,0.005974830320836163,0.012718419255398412,9.762690399759384,0.17203658050580242,1.9989222054935918,2.070365970483495,0.056572276894402355,0.29949503410290834,0.07821984526177467,0.06868778055637129,0.6812706484774024,6.515885585518582,0.10292821915655427,1.2184793969640546,0.4155335902331664,0.03389328016234711,1.4046454898506147,4.707740076030021e-06,193.10158949209736,0.3896302814987189,4043.9895961400557,0.05477087021436495,60.10648846166353,0.08265930765148306,0.41279972306606433,0.08239006215693191
2026-08-02,62772.57726413174,1843.443563411847,0.9992601141452601,574.7197907128979,363.81402979019686,54.706107350224734,8.061001591420974,1.0000324519200057,44.19505674520219,6.186861556497119,0.9999287441897222,0.11640581707672806,0.9990691198376273,0.9996853395767625,4040.6789778707143,86.34514133456764,,1.0002304714676191,0.07917494620394785,0.0021134909624097474,2.7720062262915155e-06,0.7806614811598963,0.599446911052398,0.9978258596382844,2.0193730387430757,6.477805318170021,0.07164913253149428,0.02679062044645897,0.00595086800085279,0.07896842772156971,0.19283829539844913,106.22,1.2228211090165522,1.3493287296701297,11.162843,0.9983715131332618,0.5516988307922999,1.042924,1.059904049057053,0.9995668840528622,71.89412540165443,0.3276615417698063,207.92968210645654,1.6735917466081855,4.082264577312691,0.9997073343876482,0.09088599301906755,1.0,90.56920676767379,1.1400124204929611,0.39455109836509417,1.7866396480939654e-06,11.579499731762738,6.509584182512922,1.6266781611697096,1.1646062477071206,0.7136648134381988,0.7002508214088584,1.4039319432774242,0.004648218478328432,4.868853269196522,31.134373003739224,461.46514974693923,,52.15632485410943,0.06908986410078095,0.17429825682930677,1.0000725841884832,0.05420072661897141,1.0856042805195703,0.9997125145219699,0.9999662001308189,0.9962243696152976,0.998344683432075,0.006241392081039413,0.005917423237130303,0.01229013774092356,9.769188187343019,0.17085612570623882,1.940235020147118,2.0214924101009055,0.05595111368073568,0.3000842537537799,0.0788696774105914,0.06901671805146592,0.6754944637345237,6.541161715014563,0.10430047266641458,1.2184793969640546,0.4017464419232016,0.03327386112858777,1.3917404618048368,4.814322580073083e-06,192.2893234473667,0.37981758393076637,4045.4559060694824,0.055108086724766456,61.18306775433026,0.08659097465664288,0.3958221824100909,0.08331405349328255
2026-08-03,63504.41559755184,1882.9305589557664,0.9991060702917592,587.8165386223066,364.13127302605653,55.282494979586346,8.374211961339652,0.9999218028285528,44.64425066778274,6.544190369119499,0.999951715447222,0.11669633478883429,0.9990521870072142,0.9997134002595871,4058.063385172026,86.72667997487268,,1.0000089005280137,0.08925806411628377,0.002083220020057682,2.9058848327771515e-06,0.7978828885413435,0.6037515630900415,0.9978209365155598,2.033450493288704,6.457783260010234,0.07289693930084962,0.026803722169574745,0.004790696559230113,0.08586448563103055,0.19478729976070477,106.22,1.2645409217844468,1.3832248832900704,11.162843,0.9982601415729002,0.5624666428948643,1.042924,1.0855820463617203,0.9994711164253085,73.5466467652331,0.326482826227484,212.49063822724227,1.715742818703043,4.16571445667818,0.9994632999841929,0.08014613119704155,1.0,92.05702552089579,1.1406228250747625,0.39808160744210885,1.7952844252124949e-06,11.854482161519657,6.618468706260556,1.6340729731400605,1.1653631568679288,0.7334688632036186,0.7178908522982163,1.4418073850186572,0.0047010860529907795,5.067463110279944,31.44476162283159,489.1385377716922,1.0228559722417274,52.550690257877115,0.07072675577814826,0.18937028461004396,0.9997033591441277,0.05481160195068413,1.1919133317124708,0.999858142826866,1.0000394150985843,0.9959794445065463,0.998025336258935,0.006322986362376433,0.006144381976325117,0.012903980543259608,9.784703173040917,0.17405253097388507,1.9411119938383619,2.074131885532741,0.056273285477147245,0.3159756555432735,0.0815053791611492,0.06999555918758685,0.6890317345469436,6.580428863521722,0.10596200364629053,1.2192713197445082,0.39892814455920006,0.03242975465954054,1.4264018395447196,4.902942541303284e-06,192.237540694038,0.3789862560785269,4068.035209247922,0.055570363472538485,60.45332350936029,0.08579738614233919,0.39954066160449475,0.08101275631639797
2026-08-04,63465.19968911304,1858.5376969949996,0.9991739029441313,588.7857285137491,361.98364332763555,55.010596423020296,8.179499617997278,0.9998557568409765,44.247588982552635,6.566187747569714,1.000037316770147,0.11464093332172634,0.9992223598956492,0.9996280080899858,4040.271654009323,86.27818688227929,1.130668303246673,1.0000789169301052,0.0928693249600061,0.002132412678654718,2.902684529485459e-06,0.8237834243588974,0.600537450960825,0.9979313103795115,2.005076166939587,6.45861921769994,0.07301100776699988,0.026089900786882014,0.004415544615480596,0.09024113815571494,0.19400137640183535,106.22,1.362810166140274,1.3608428346147343,11.163903,0.9982558489598826,0.5747858728501852,1.043331,1.0746193498375005,0.9995552974292757,73.48861779525183,0.3285572363835069,213.0800227595802,1.734272989556641,3.9047467640654263,0.9996318530063354,0.10530026174549727,0.9999999999999999,92.30655854923482,1.140787974646905,0.39667739023975906,1.8002780512379782e-06,12.405472392761688,6.591910196554677,1.5973956191487853,1.1617745720016526,0.7219951896234259,0.7233731179361673,1.4338140595566535,0.004734162370243527,4.950157544941143,31.1740998876087,483.01686550873796,1.0058166362769132,53.96196548107723,0.07015519492997856,0.19353789640592123,1.000056257716989,0.05517640489272083,1.1888198295874735,0.9996869518189926,0.9999896794223658,0.9956750022610732,0.9981818355639271,0.006290814634583255,0.006155814110175388,0.012704749704716115,9.726115736550073,0.1711975869491566,1.9375717674114852,2.114417988029382,0.05607576212535134,0.3239405894150946,0.08257440591637344,0.07045469960642743,0.6904908657936741,6.440026683855254,0.10532614870553543,1.2155199099641307,0.4014832289672605,0.03163287769226915,1.4122079231142854,4.980187865925467e-06,191.51792279734283,0.37146558147216285,4048.0991146410097,0.055227670027777724,59.62136381924395,0.08279922535306347,0.40326302804462005,0.08072401105687095
2026-08-05,64062.173729779366,1868.621381582403,0.999364844135701,592.7340551303326,351.07100922807496,55.42436859276971,8.14340732535387,0.9998961094677588,44.812660906810564,6.676991208613316,0.999983382568296,0.10875689982397645,0.9994046454834542,0.999726903237165,4058.0653336561163,86.80646870789322,1.1311404880326708,1.0001070952683635,0.09226203180175445,0.002421537022883715,2.8846927067535083e-06,0.856633385186603,0.6043044478094745,0.9980282939676841,2.058017130396898,6.46466641027365,0.0749162672092616,0.0263880640282539,0.00428811818940381,0.08941007550956369,0.18849895273391243,106.22,1.3737840937859713,1.3395914338406802,11.1671,0.9985029631388636,0.5771683818857485,1.043455,1.0729984465262679,0.9997332444119903,73.7132413282771,0.3270794706331013,213.21076923623204,1.729572964981501,3.851300122126295,0.9997675701620781,0.13447258308178833,0.9999999999999999,90.41634479297744,1.1392694232430718,0.40121505359328413,1.7967933370490442e-06,11.635457403191745,6.581755007622957,1.6129585222896723,1.164253146340282,0.7223271437715064,0.7184143870110995,1.4115611555246907,0.004659212638458045,4.885100086820088,31.25732641230064,505.52424212063386,1.0029757456720945,55.03066958367837,0.07002346382588914,0.19284826771433167,1.000175224626022,0.05449313690935649,1.1663237490206186,0.9994515028921865,1.0001182437613914,0.9962616187437754,0.9986619031525343,0.006107288580542266,0.006035803287679354,0.012452326374071652,9.771990016558826,0.1685509719338237,1.8825867864838854,2.09043220562057,0.055692218837443526,0.3193612391441591,0.08184871449347511,0.06934440537365615,0.6926317348686977,6.507516467305533,0.10619072531620947,1.2180886026028659,0.41367613225351957,0.03174166491451876,1.3895978952264332,4.9773676231730556e-06,195.54335310912282,0.3736347093793997,4065.4708027696493,0.05484768511138281,61.231546653683445,0.08336200378579053,0.35597437730864445,0.08281621281945345
2026-08-06,64608.705388357404,1907.4360439632449,0.9991821540010423,593.3339657484953,366.12173303285016,55.99002905088535,8.153587762455743,0.9999316268620799,45.286068789607086,6.655790764128219,0.9998636864947339,0.1036532312997537,0.9993885843591852,0.9996284914109325,4255.001642462049,85.86883544710611,,0.999967035574839,0.09229237998382742,0.0024069697933865783,2.8743014192223206e-06,0.841995438578789,0.6043820845120063,0.9980642246143377,2.184981396560631,6.541901758982219,0.07486145336402766,0.026072160584788524,0.004039793877429164,0.08823183581546921,0.18854817701973178,106.22,1.353615065845942,1.3250177765266569,11.168201,0.9978184602192154,0.5921478516854733,1.043671,1.0612634403442796,0.9995866875996001,73.98563070196333,0.3271396488609395,214.45326259892664,1.6978914247582741,4.042250065347702,0.999698431600119,0.16210808658610265,0.9999999999999999,89.78177362451143,1.1409497363273264,0.4069083191693496,1.7993648130704448e-06,11.56371444123145,6.517874726882319,1.6250130228823818,1.1669660048864943,0.72552376843973,0.7198163443940321,1.4081434643666986,0.004639266785500996,4.8571212104036166,30.840426766698414,511.8309817077122,1.0327563160579434,56.91930800156555,0.06998849010723722,0.19112962098383537,1.0004011894677873,0.05397691953889558,1.2231769650565179,0.9993206858415122,1.0000550781397672,0.9966701064553185,0.9983576242461534,0.005985356968674721,0.006244935536770981,0.01257294665411073,9.752220744025925,0.16484874373019068,1.8971621918374515,2.088992450455863,0.05637958316609272,0.317048349316401,0.08036198275943744,0.06904633292106561,0.6896619620424508,6.601386140399497,0.1055855120097269,1.2209139177247523,0.42312309412157495,0.03277415878216073,1.4022722089306514,4.9133103242354165e-06,197.35483169119277,0.37347476380256084,4266.99464546129,0.05343358373848851,59.71800651474197,0.09188428548310562,0.3715576642798461,0.08488655577237275
2026-08-07,64262.74830979173,1902.1622720657638,0.999244347066471,591.7111094655114,369.5125458020106,55.646805102112815,8.184246030930785,0.9999348256689754,45.403914948092236,6.43298799134348,0.9999392303156456,0.09155044680896222,0.9995586067094179,0.9996964256925651,4232.950142102185,85.29568594571903,,1.0001675245570016,0.09267816788503981,0.002389530688061691,2.805232887766008e-06,0.8205985612553154,0.5997068957984019,0.9991588696351638,2.3782178484088843,6.659828422646569,0.07511794130848991,0.025627395399894202,0.004129214992265874,0.08723480385454141,0.1804381637674332,106.17,1.3518130119097007,1.3375680625940116,11.169244,0.9976806075566381,0.5905537531044945,1.043906,1.0338663628577867,0.9996289235940911,72.63053979307217,0.32688870085502136,212.57560847169864,1.656305031618305,4.01275699646522,0.9994626038856427,0.19157288401523984,0.9999999999999999,89.6379175266904,1.1400506058776745,0.40907330899083316,1.7996989017467396e-06,11.406279101066952,6.48761987575523,1.6160948733110252,1.1636790446985124,0.7216520101711602,0.702733975075066,1.4020756079154357,0.004634467513222409,4.57344831238023,31.15116808393967,501.9432876462254,1.0183241527891476,56.15208024316271,0.06901954790818378,0.20101639901323548,0.9995735991437946,0.053363530325724835,1.1384569801500697,0.9993720392101707,1.0000822675086245,0.996750147334192,0.9984290288696518,0.005953121859592061,0.00598293332361261,0.012542200634745275,9.755482412819324,0.16123105576448285,1.9137764936163912,2.093439580330402,0.055317195749899774,0.3029636206131486,0.07828037723072964,0.06815961378505422,0.6717771944259464,6.565542176592208,0.1053624281353313,1.2173894003666967,0.4356718556937113,0.032934584272833994,1.3681919327472172,4.680556436962425e-06,191.90371544161732,0.3586523264269941,4245.0586940559815,0.05275580862314445,59.37254580476431,0.08883039271981878,0.361220945302177,0.08776472027933599
2026-08-08,64879.7560855934,1912.9851571036106,0.9994776147290675,592.184743678635,378.4759806983215,56.11810063085109,8.18149643835447,0.9998495059937135,45.51532278045249,6.430125744355595,0.9998463444395271,0.0909729600819274,0.9998540435891136,0.9998072952934985,4329.414550701748,89.96309808268104,,0.9999765508534074,0.09136128676130217,0.0022648933670123433,2.8115832716619324e-06,0.8179331026884398,0.6002390017736309,0.9994335034950276,2.2987601939934335,6.623228679581571,0.07495409961457979,0.026429646332958866,0.0039768230283775685,0.08892861188920785,0.18021670742031864,106.17,1.3623822226146092,1.3124032856112045,11.170313,0.9982690020466051,0.5792327255083055,1.044068,1.0205863784917084,0.999695704909313,73.61748637019244,0.32742716856295606,214.65390527760366,1.5906756764196346,3.978437944072868,0.9997419574133675,0.22320484280513372,0.9999999999999999,89.86933659259826,1.1393987984201603,0.4182862035076536,1.7935690391878131e-06,11.318522160036279,6.480131385040839,1.6201082686523327,1.1676574501833588,0.7327167444638332,0.6835292778752817,1.406239846225966,0.00468527819066166,4.506230877710509,30.796625980542057,510.99998943184806,1.0297060967722795,54.07923895271614,0.06960376238165819,0.2008036246515767,1.0000953892454876,0.050395646255444515,1.1580566913517947,0.9994845948167759,1.0002257822547174,0.9962421401606586,0.9985404412860694,0.00600037897052424,0.006006784815420073,0.01271179968686795,9.755640407805231,0.16131174366866424,1.8400586135640542,2.099773928381441,0.05458959733098535,0.30387647464266626,0.07907408967286492,0.06802427154030773,0.6717907666612895,6.575102625487788,0.1053476004908892,1.2215736463145628,0.4405880220672241,0.032212553994800885,1.353744514756708,4.624645599171925e-06,193.3510810948237,0.3477044183657027,4341.863113389262,0.051922933394665687,59.88934050321384,0.08848174847264428,0.380388007858191,0.09137384419591837
2026-08-09,64917.23929330571,1915.447810935271,0.9994009881000174,600.3274383374521,377.47595909840817,56.15639058845193,8.300855396756871,0.9999992317571099,45.97973969332817,6.476376888822229,1.0000675202681557,0.09448589828455523,0.9995367318665244,0.9997307101413476,4329.695950622492,93.7685862904641,1.1334453001522409,1.000144027215468,0.09021501861419184,0.0024063627817792555,2.853034193568736e-06,0.8145915241301374,0.6038843165713221,0.9993931475359265,2.2828784490895457,6.714117480979693,0.07627424460493036,0.02665152056837503,0.003924908935955627,0.08745834951838452,0.18412671677439607,106.17,1.3871448490608451,1.3223881110519025,11.170313,0.9982199734808879,0.6029022730674589,1.044068,1.0389339261257766,0.9996704361302109,75.95980019087798,0.32885380800488556,216.01286743614384,1.610897381778781,4.003785154402613,0.9996533757855819,0.20324404553892514,1.0,91.19198380519849,1.1385094949148087,0.4294735695259352,1.8009166332559133e-06,11.286631406210226,6.509398668259236,1.639354228175241,1.1674482474827397,0.7417339185066981,0.7099295167614832,1.4378830090240187,0.004737535567035643,4.408759401988683,31.94001401845499,507.8750654530177,,55.099757573596726,0.07037971703152887,0.19935822217128538,1.0001026639551116,0.048989901317802405,1.1414016866763157,0.9995122556156393,1.0002249588259282,0.9966575119449038,0.9987831617979586,0.0060945156082768594,0.006306409322325802,0.012662128448906145,9.707037411048942,0.16440669052555337,1.9330345675729943,2.1988148089254618,0.0542016882467239,0.30546719041711023,0.0782096550246004,0.06893366741060877,0.6917922045257809,6.669671529459829,0.10020016599587694,1.2213547837485133,0.43642752178602207,0.033126235316694744,1.3633121000438637,4.621520137537815e-06,203.8424520734979,0.35177310700965503,4344.130018259906,0.051301304477199876,59.185308822634354,0.09209163323885144,0.38275350488022347,0.0918783370369652
2026-08-10,64856.097825382276,1908.940734099038,0.9993470251268441,601.8372782085524,394.4624502353612,56.058032350369395,8.18136301108558,0.9999415189117438,45.41150057936053,6.418172710555761,0.9999508320169891,0.10058310942626371,0.9998858097406869,0.9995302675061715,4313.876028573939,93.8774603502972,1.133360625033983,1.0000401874932756,0.08649195247855629,0.0026746588002992703,2.88101678160654e-06,0.798662985102808,0.6121320246911957,0.9993469983169636,2.3056826048758703,6.745205734739772,0.07757378542224276,0.025998198153346478,0.004156572078487864,0.08253301989117301,0.18040311554702587,106.17,1.3740042567478907,1.2989616116342906,11.170313,0.9978614444650702,0.5890550370021134,1.044068,1.0290585227104907,0.999645566426004,76.2136945390063,0.32964857204043363,214.54856967845492,1.598025641896896,3.9863481998941017,0.9996528111636472,0.21392531099896897,0.9999999999999999,90.577292562825,1.1390554935834631,0.42318748176329435,1.803613355683181e-06,11.577548060753717,6.418277494451659,1.612955058583726,1.1673160160651854,0.7353331696859422,0.7004403424498851,1.4420253221936263,0.004706757351200324,4.296621730356114,31.034162872038,509.43911919162076,1.0018600094264822,53.854096460729586,0.06932686760776675,0.19443176854790098,1.000540197360473,0.04792001797294691,1.095633995282393,0.9995305984858538,1.0001093936103571,0.9968592095305641,0.9987408937964997,0.00609733402717406,0.006444688469817636,0.012574911542283514,9.71203644068681,0.16235929009577824,1.9112322441572176,2.1673017096792906,0.05329993667374865,0.3126022661711148,0.07773278704273437,0.06858387805111879,0.6860489882611247,6.59725726711782,0.10091886375809184,1.2212164465890374,0.4169681377874998,0.03252367984124083,1.316580434471296,4.613271588972055e-06,201.97810974091095,0.3479837104265316,4328.232996881714,0.05311679629324154,58.24057928365629,0.09033948046593569,0.38184194448463704,0.0914160095902382
2026-08-11,63915.71213556821,1871.3976551883159,0.9991784584441974,598.6196895758089,396.96074130769574,55.155499416365075,8.290285880741026,0.9998170798388203,45.09498040267955,6.431043391178593,1.000007409347926,0.09754375659666596,0.9993906761099092,0.9996695289920665,4374.742299855741,94.75654700670235,,0.9999553785251295,0.08789408183880279,0.0027760036095558064,2.87315860197503e-06,0.8048909019010408,0.5998630405981652,0.999120749154897,2.3825562954756614,6.7266969519833335,0.07634016336784621,0.025913063156303904,0.003952487074107838,0.08239536499233702,0.18081669029757627,106.16,1.3991935073488424,1.25893803703856,11.171399,0.9980353748980385,0.5878363833488022,1.04445,1.0112911348316656,0.9996511310136054,75.92477495236717,0.33056103001536236,213.09850634097285,1.5996778324833314,3.9417755762613433,0.9995315147818367,0.19617645794772356,1.0,89.21359135288522,1.1390287331866362,0.4452332555902037,1.8155529463073629e-06,11.873204812805511,6.388393474561026,1.6296557908206382,1.16606116019427,0.7236345999562414,0.7022819572371961,1.4424344131134805,0.004633961732675578,4.381356555707036,30.825603129845433,495.70314357236225,1.002708617064192,55.044008660772946,0.06964403794487867,0.19069831573457763,0.9999270315116041,0.04708165061545835,1.0962315324771332,0.999322427015042,0.999967601709856,0.9960431300956147,0.9987561940071278,0.006052843842257395,0.006522604559919411,0.012851763544599193,9.646627172419054,0.16132729916259084,1.9343684047565628,2.284962357157355,0.05279742465274208,0.34042623462086574,0.07993208688665455,0.0676162763590693,0.6838453880391431,6.6178197947932125,0.10145397051017718,1.219817897824679,0.4154020028771782,0.03244225634151919,1.3253606286116975,4.5094740321014165e-06,199.45913042960078,0.33955955852076086,4392.508852108297,0.05488465746646608,58.16579958442497,0.08679069485850344,0.38649832698126774,0.0917346842153641
2026-08-12,63537.55988964766,1880.4862005694617,0.9992195426699794,616.2792086001098,377.1738335746389,55.02925077556881,8.770230908898725,0.9998994285816106,45.45592261718864,6.3154643506229355,0.9998831184851087,0.1005980294686042,0.9993625796634356,0.9998097407559647,4349.584052547217,94.68582680773451,,1.0001738946776664,0.09006065046763016,0.0027222174473010064,2.8345617132046464e-06,0.7896204352150403,0.6048651882719048,0.9991928063938283,2.4167926341068284,6.743098709797813,0.07496411531802205,0.025961417744690338,0.0042549031326176955,0.08093137184781864,0.1755341657555953,106.16,1.4349902411431186,1.2633630785601107,11.174506,0.9983829580252184,0.5787905702657066,1.04464,1.0217976248782756,0.999623192295781,76.21620473970299,0.334886888395544,213.6587085023303,1.617847612633165,3.7474243771489553,0.9997072041550722,0.20490616383406327,0.9999999999999999,88.21430951242031,1.1395152964124997,0.4344515914362803,1.8243533860934122e-06,11.491241326615295,6.375925107036844,1.6372975273518793,1.1660112083941754,0.7207969371150871,0.7106890611383739,1.4565689788338079,0.004624763625304332,4.661221843495202,30.690935828821516,480.66499804092575,1.0380943857469442,54.442530206647206,0.07183680865046471,0.18694299914012918,0.9998807160928292,0.046908497130273015,1.1259000908101338,0.9992113952308814,1.000067737587459,0.9958954406688907,0.9986985604776775,0.006063030151167732,0.006440169477768071,0.012926842139430739,9.413753689262448,0.1619339640008156,1.9616345951465075,2.2393055837914386,0.05335639261069903,0.3357147665579817,0.08017353201108353,0.06639962773166355,0.6924280432866591,6.6654972954111225,0.10037648719924798,1.2197924602350119,0.41578096695103534,0.03189944538276288,1.3368045932435642,4.489063998519149e-06,201.4505521002845,0.3354116684277927,4365.2951009311555,0.05491021291540163,58.01587118673524,0.08845724580604883,0.38084188457006196,0.08801848207308169
2026-08-13,63408.625697113624,1877.743530062547,0.9991141368376175,609.7518356234225,392.7624679440011,54.94210838438519,8.663602355113161,0.999903767106507,44.846713230091645,6.313391080113916,1.000095378678435,0.09878582810604492,0.999230869585384,0.9997805832644634,4388.784497071296,98.66749450659174,,1.0001154806375678,0.08671056902116711,0.0027505264812419526,2.674672615751373e-06,0.7733977417398339,0.6017832895476507,0.9990963255279549,2.3384438877976526,6.718091601983556,0.07445980633296273,0.025553280744250728,0.004063415059777993,0.07906083097690825,0.17057889419540787,106.16,1.3984336017772225,1.2533657683809478,11.175588,0.9984481908962072,0.5592130094305872,1.044762,1.0045392098190313,0.9995460715282676,75.5587764536576,0.33591335154978585,212.48251844841428,1.6426774248679,3.571364395226792,0.9996101941057248,0.25890311771249414,1.0,87.90515087759738,1.1396064933518542,0.45810090386497654,1.8259977214551937e-06,11.611809379621628,6.23688585797148,1.6916895331285204,1.1645501474416171,0.7247133149253199,0.6693186017711262,1.4424837309486374,0.004412838222579169,4.6235893833456645,30.04045028922334,489.7540400805609,1.039913994134521,56.03290568706601,0.06961882758088063,0.1824396672420199,0.9999123787557704,0.04674395828763634,1.0922547635431057,0.999183046945666,1.0001025554138543,0.9955237717324208,0.9988005816934964,0.006016015047415122,0.006204581073837895,0.012789717184486113,9.076771797123227,0.15937119076006118,1.9856949417386236,2.1584475030049863,0.0529488546295989,0.33009858075481036,0.07404465082560109,0.06598568108756478,0.6809026446548164,6.574893011265063,0.1017426186364482,1.2183012051248354,0.41065354319382047,0.03339611415492986,1.3482785232152181,4.390093758351827e-06,199.83943819170932,0.33017330370961523,4403.752610715405,0.05500097226705926,58.257675003419415,0.08896388133026037,0.3771678593270241,0.08642584530674086
2026-08-14,63429.17906286841,1884.3941576877892,0.9991344768356838,610.1020086104093,393.1050548864613,54.92271359544358,8.879252170934992,1.000039183022885,44.78305804207899,6.449251846450131,0.999813294525385,0.0978495491458292,0.9991078943658765,0.9998925795897715,4336.53693798182,103.75067632043599,,1.0000807890327137,0.08592052812728422,0.0029057119345504987,2.6843296669054317e-06,0.7720451437219517,0.6026102370658307,0.9991412181123678,2.2703071145881912,6.772784243310133,0.07382135255393793,0.025258977496893695,0.006766334374080589,0.07873588892771598,0.17008391946146534,106.16,1.5013103331355322,1.258221387916067,11.176664,0.9982890505954536,0.5595744015134633,1.044931,1.0084078498627047,0.9995678855081391,76.20210719138348,0.3342586861928875,206.46828442056514,1.6390118166266001,3.4750023394873977,0.9995201130169334,0.27307997876483947,1.0,87.84782822475037,1.1395340258348308,0.44814929297819805,1.8192254966838282e-06,12.154012115838416,6.2320728188103045,1.6578022138418451,1.1652149642226086,0.7277772748853543,0.6768485279958256,1.4339455190551529,0.004532801397409439,4.607816591018635,30.410803101668883,490.64567557689236,1.0099094140175433,57.44689030791704,0.07011387889659047,0.18224977784910346,0.9997699305445805,0.04700693184912093,1.1120971512320477,0.999291096677206,1.0000477616410974,0.9954915147508399,0.998639292908326,0.0060046616052576605,0.006264949938365561,0.012552829520986089,9.494901911609844,0.15939672203388205,1.9623464085340319,2.1748510244961383,0.05322552645211526,0.3406356242252325,0.07517725633881885,0.0654535015453493,0.6888354330943383,6.640739000018396,0.10505109418017276,1.218973320354129,0.4087930983998053,0.03217791791417044,1.3326519257718532,4.449434017279598e-06,203.24368684497318,0.3345125389177763,4352.9306594629725,0.0550005589116084,59.06879049500498,0.08879404091188028,0.4418745220139552,0.0881258416709899
2026-08-15,62984.28959582886,1880.3285280890423,0.9991599565146845,607.3786579534091,399.75959326714917,54.56517368002105,8.964644606125617,0.9999301928893499,43.806923130603906,6.4720147840853155,1.0001193047768726,0.0973157051765853,0.9990854711269069,0.9998058304893793,4360.614330146336,107.67874981317209,,1.0002229446515691,0.08458250661701265,0.0028400616247244003,2.664320682730988e-06,0.7642977195088125,0.6034998602006656,0.9991202759668444,2.2358662099746955,6.7075757784458565,0.07483777997172761,0.025419548732320482,0.010597996767407261,0.07949844663844109,0.16945004223410715,106.16,1.5100806164814433,1.2613981966636825,11.177748,0.9985479724807869,0.5414405202746664,1.045109,0.9986457958160457,0.9996340855748789,75.3354966028721,0.3323894631120405,204.65393896423868,1.6395488858428195,3.1971416665971573,0.9997719082279823,0.31066700964402905,1.0,86.37995999337942,1.1403275758660045,0.4429266651162131,1.8055571287712883e-06,12.162165957303756,6.211439104525257,1.6552226534351133,1.1688687102371311,0.7138043149629119,0.6801635437290753,1.4263762287141624,0.004493717311457167,4.269991230003102,30.140351402537444,492.8350442862803,1.0018012965988283,56.463034999474225,0.07000287107653141,0.17998570809268677,0.9998258763622753,0.048397333177650534,1.1036845419935082,0.9994810225942757,1.0001117266815702,0.9953269145296356,0.9985225819399446,0.005975521656118889,0.006104759451898901,0.012749741275185241,9.175940832790689,0.15806502438436026,1.9486067634864404,2.2443471918470586,0.05115530682661695,0.341516240614245,0.07445197962809157,0.06581508102299718,0.6821136615567389,6.593233018677379,0.10457317712053067,1.2227576633892423,0.40253940961329,0.031133245995014217,1.334724710199201,4.619657574875817e-06,199.33991766173776,0.3271727255953029,4376.138506120319,0.05552776774395559,58.14055109488577,0.08974135879872579,0.4493164827341938,0.08252885170894358
2026-08-16,63031.04825975698,1880.9591561894488,0.9991931311937366,607.2084998624916,410.5639037272684,54.65232088309999,9.461856212482699,1.0000740450001453,44.06842690614625,6.32440625071797,1.0000496816789837,0.09911424874581126,0.9991143762224342,0.9997288155539553,4357.479882044981,104.96441794023785,,1.0001838543887311,0.0838974377459994,0.0027507797490920723,2.624251309192135e-06,0.7607028411450777,0.5999695061677216,0.9991841948106575,2.2652470267288507,6.700964467984264,0.07529529491172939,0.025827429127751534,0.010107861402417912,0.07946439726102189,0.16643295582889994,106.16,1.4740403354567462,1.2637999879118655,11.177748,0.9985154892995756,0.5371345844191321,1.045109,1.001843753853044,0.9996426935914908,75.27983398665542,0.3309531432097145,203.51962888515328,1.6179697958273198,3.2366861257715636,0.9997721608735295,0.30285245757334456,1.0,86.1325782078518,1.1400563097125247,0.43288425840850575,1.7941245244644948e-06,12.05980333519522,6.209808071598108,1.6513182976017,1.169032334195995,0.7105289431205144,0.6757125548398348,1.428869876539297,0.004492483764022999,4.171244256926615,29.734917104971814,487.5979949926168,,56.865841481714526,0.06955804052737494,0.1762674264601313,0.999943346122574,0.04771274977794645,1.1034924225746778,0.9995876719983483,0.9999793654611777,0.995815099450711,0.9990739495089199,0.005966316434234803,0.005991681755634607,0.012672537640838212,8.948412455130585,0.15796173946704656,1.953381765274214,2.2301767001588764,0.05081051579814886,0.3489108112422584,0.07272258489044682,0.06540562574610795,0.6768918309292614,6.557584579424637,0.1068718650450305,1.2229288309873332,0.40000038963508067,0.031180827851818353,1.3436568434441307,4.501595702042236e-06,196.6230359412623,0.32338181384146436,4375.207590339947,0.0569953366512574,57.72657414486438,0.08743724570054834,0.4780001462696552,0.08023054409864436
2026-08-17,62843.70368466329,1874.401898191962,0.9992046149606036,602.4629221231862,409.8815731954537,54.452558710928955,9.38323578770609,1.000125887723913,44.10365333727941,6.323978670940332,0.9999690091183414,0.0960815915357449,0.9991987148986674,0.9998935402567575,4349.444620535209,104.00563784055576,,1.0001129034254546,0.08231050586125944,0.002666433318189806,2.5716563906374582e-06,0.7581579109273091,0.5986101196690307,0.9991827213391876,2.277611067280557,6.682765250167093,0.07481366852260064,0.025534159980596858,0.00978308910920723,0.0783482623661845,0.16704711426745664,106.16,1.45362705674264,1.2557615341605441,11.177748,0.9986232005397407,0.5182219494865666,1.045109,0.9927072784932938,0.9995459961565331,74.5477464048606,0.33099359630543856,203.80653089439465,1.6015467982291594,3.271747843939598,0.9995710726234105,0.3984555968940056,0.9999999999999999,85.94219943917633,1.141958021160825,0.4479509027388761,1.786443368295885e-06,11.794592355917386,6.1007487631880695,1.6478040912714662,1.1697157224317434,0.7016300793001435,0.6663515303198186,1.4470106306925736,0.004407260940932258,4.078939544349228,29.94430742356046,486.1425018309512,1.0008548889936117,57.1155488189019,0.06952870548515376,0.17481176774879353,1.0000219179732912,0.04725005997502885,1.1424095798105003,0.9995221963839799,1.0005931654844364,0.9959511917831508,0.9986812025413818,0.005909189711544936,0.005919042523549977,0.01298701863028712,9.327239385183349,0.15625382548278732,1.994353941994143,2.2586873074787914,0.05267730579754281,0.35550117702203166,0.07348670709752918,0.06461260477975343,0.670605277389904,6.564417644765441,0.1082125131964855,1.2236437258211268,0.4055633170489859,0.029841295152242264,1.3320678599410258,4.431490768536756e-06,195.68412425881954,0.3303558110470325,4365.29943126247,0.059465786968118654,56.85391098665589,0.08559695435343688,0.501774093389814,0.07926913048382214
2026-08-18,64491.345282946255,1912.2734691708965,0.9992460643216048,605.2680900981287,415.34769564668096,55.64665684656647,9.535397063971663,1.0000449520883659,44.52839833730492,6.3447934981512155,1.0001036181131866,0.09051839499501885,0.9990107670206961,0.9998472402064627,4402.005910955786,98.99707739944992,1.1344518686452345,1.0001410153065493,0.0831442905728637,0.0027421730587153144,2.5848473595156315e-06,0.7612191016250667,0.6010286752462902,0.9992174699791058,2.3314708334391883,6.673649191532821,0.07996557644772107,0.025684012320920976,0.008873281651297712,0.07847364161601879,0.16826861653772318,106.16,1.41415804460979,1.273346830303479,11.178834,0.9986466327222258,0.5308979741617315,1.04552,1.0024131723623284,0.999668761453898,75.9729945474511,0.33102691158162484,205.17890086869483,1.63646787047346,3.2846390150092466,0.9997527924149394,0.3581011744091522,1.0,89.24808392965572,1.1419613864678329,0.4391919332440526,1.781401602727386e-06,13.26539533029362,6.187713209408766,1.6770993853996696,1.1705935228881275,0.7088775785178092,0.6721209733303501,1.4643797650100052,0.004438241346634078,4.078131535792442,30.460676179483908,513.9225163099208,1.0057826890329427,59.418878407478786,0.0703517272797121,0.1741249817054162,1.000063271844776,0.04703512973798575,1.1456936802835824,0.9994578070391524,1.0003811242668426,0.9958593380158006,0.9984458625849306,0.005948404300132081,0.0060110170625619,0.01310522979350094,9.400897030659783,0.15804510839004066,2.119382344004827,2.255578370659663,0.05395967347909224,0.3417804661275598,0.07509613080433862,0.06595442711491843,0.6746255838144202,6.514591596607885,0.10725229876304233,1.2245327736115261,0.4097312898115673,0.030480016717503954,1.3275044048446523,4.470111474061187e-06,196.11918413275703,0.33607955110174786,4415.761478497267,0.06059920579129035,56.91911252663273,0.08664476257170661,0.49508077113978727,0.08224895152062496
2026-08-19,64686.25782561655,1916.3998901478055,0.9994119392179321,603.5021332341098,412.4171935215203,55.78703512979283,9.529138725304293,1.0000322782698055,44.34767980799559,6.3285463532665585,1.0000008801676175,0.09126315930872346,0.9993830098725901,0.999894413220612,4323.814436247514,101.2037388311556,1.1345541574579072,1.0001570134076616,0.08269090736599788,0.0030921422249916937,2.582769748064196e-06,0.7510040523927409,0.6018722187083829,0.9993948568528711,2.3603362210728394,6.740499546922291,0.08188457327995027,0.025275049210175406,0.00899755445525363,0.07793708137631736,0.1672181604221057,105.87,1.4128187654560649,1.2618141596460424,11.182083,0.9987526395868871,0.5280423038291551,1.045637,1.0011429230744608,0.9997577482549376,77.00190398395006,0.3326562685492577,203.50169440615565,1.5879597131538,3.2920217665657034,0.999819272596622,0.43294569235007196,1.0,87.49183970362333,1.1381475492243445,0.42660592418086046,1.718675522309109e-06,14.047888779973915,6.079473341192034,1.6739981877355687,1.1697489496163063,0.7083542019286937,0.6315320380014607,1.5271541608721257,0.0044277032572559525,4.080203243016394,29.809202225817007,508.5419923409376,1.0045661499454437,58.515277414221124,0.07021051231066483,0.1744023593314451,1.0000653501505772,0.04621382085807831,1.146695320842115,0.9995044191051656,1.0002662601215908,0.9954108609036102,0.9989019935982151,0.0058770226845124614,0.006062086937972688,0.01308236474491796,9.446198338868294,0.15472912151335613,2.087582004697308,2.194804279500122,0.05605452008934767,0.319812298466522,0.07521997454971432,0.06730523598165915,0.6514311908607086,6.601552051904499,0.10729787031334415,1.223644339502529,0.4034508894832527,0.03092637135798399,1.3197325681232894,4.41190416053175e-06,190.67093053611111,0.32601458799099026,4333.461123702061,0.06055079939440159,55.905981995619285,0.08700590402767469,0.4849493536538389,0.08181675264758329
2026-08-20,69291.0104297816,2251.7346140069594,0.9995166270736895,627.053410537708,422.14659692353797,59.556263717190774,10.547425632883014,0.9999474711847418,46.76069840950213,6.774492921991783,0.9999170806956137,0.09927532380188554,0.9992137364754268,0.9998407632608846,4485.665523414722,103.6481200821262,1.1346522338519875,1.000284326787734,0.09330779251035991,0.0030001765124458095,2.874000180425606e-06,0.7888223252407818,0.6250825996257033,0.9995270034252979,2.602317623727186,7.023244912121639,0.08167341954951116,0.026971668863001497,0.0086078387596803,0.08206211285028245,0.1812758118445554,105.87,1.492466554052145,1.3695533315841941,11.183161,0.9986062132612594,0.5619912426741915,1.04576,1.1051485598996633,0.9996762492811277,85.33310287519124,0.3343218747177388,213.27695312682718,1.7303834026337377,3.6331659866190087,0.9997789522378553,0.3884816128039819,1.0,95.27985956325321,1.1390127061438715,0.46737376334939396,1.7218418990910827e-06,14.388113191204708,6.533265334993583,1.7546557510755454,1.1798299885133685,0.7582822843060686,0.6734934511556533,1.6190173076683865,0.004838605812842612,4.577459556081106,31.767019804779288,564.5716107111141,1.0394311903343678,69.60371847729914,0.07499787463343413,0.18702164440997238,1.0001728713083826,0.04878157068377544,1.2453913363052769,0.9992931296946876,1.000287471830529,0.9955314395798577,0.9990044827262599,0.006385250200827684,0.006461976021786161,0.01396045448377745,9.302446776718373,0.17013923394613384,2.2077433278492307,2.309615242791064,0.06003170691911543,0.3625455493376729,0.08943512572409662,0.07058406362343132,0.705642218178484,7.258767720975757,0.1054843816639626,1.234160355245095,0.4391358793441407,0.029490269870022113,1.3651513442276046,4.735600499545677e-06,205.51703970205338,0.34703603323392274,4494.799862344939,0.06140386894197392,58.747927237753004,0.08929662137978239,0.5250972163987861,0.08238356203960824
2026-08-21,73020.94563440893,2326.5282334236576,0.9996912588227503,654.5882397830208,410.2195440730022,60.92766115051199,10.688653798526964,0.9998431017223347,47.80158133097468,7.29067653650431,0.9998052649206365,0.0996141490575293,0.9995672896662461,0.9999895661236109,4503.707244656238,107.0248136033662,1.1347511776525379,1.0002106076074122,0.11681764971753443,0.00383856973094636,3.204519388831639e-06,0.8482341429942463,0.6642034650994851,0.9996625882189897,2.671139842143621,7.153465634856482,0.08117354412588569,0.028009417484414764,0.00852338817411909,0.08837529389301042,0.1915548873382899,105.87,1.512713639086612,1.4030916600547292,11.184262,0.998735930784079,0.5748494519131542,1.046057,1.2681797698816397,0.9997937899887906,87.6519814449933,0.3374381467260124,222.9847237776278,1.7671618068180388,3.7613743428503605,0.9998966882628967,0.433757370020466,1.0,99.18495731628363,1.1384170785415406,0.5165522685617767,1.7399872055245348e-06,14.548859375849878,6.956276357612042,1.7974445737451972,1.1813318778568498,0.7822890597511993,0.7356774054759986,1.6431993808380958,0.005167534853620865,4.7710487466274945,32.69521613295347,568.9731111711939,1.0205452383159834,73.65504241313437,0.08045371837123262,0.1989699466755082,1.000023634969618,0.053278934459423395,1.1646147214064952,0.999593761496195,0.9999660794325141,0.9960079986109014,0.9995264974997583,0.006948025327953844,0.007179260587956043,0.013859954204342858,9.27860574614196,0.18155388643038542,2.314251670548781,2.3883281400157346,0.0620826395020252,0.37343197069767475,0.09087353740386243,0.07342505920628851,0.7334983902408345,7.431964266133786,0.10710775955280104,1.2357112219340618,0.48086245177062176,0.031206157106196623,1.3977025462419785,4.9340727446608154e-06,214.7462573982615,0.35566276690686405,4513.77350608807,0.059900039468990536,62.2430200494747,0.0911446129982267,0.5485617789662992,0.08169817411142088
2026-08-22,78317.77716345884,2514.967577695514,0.9998253602704854,686.7913034093192,412.60731006532353,72.598073213214,11.992351770358374,0.9999605977058363,53.12964707139583,7.836507914480645,0.9999729273600444,0.1127222656090311,0.999734940984887,0.9998410009910929,4586.126136114755,107.21387096536237,1.135067721982321,1.0002048058191952,0.1421804262585641,0.004061396954071646,4.122123035488615e-06,0.9394118398868826,0.7092953718487189,0.9998368764423411,3.1300395791831175,7.496619647438816,0.0950753554880633,0.029659333717067117,0.00824205893789256,0.09738149741448011,0.20681007319693165,105.87,1.6016302041961819,1.5246194151631614,11.185277,0.9987678594241265,0.647902400146265,1.046117,1.4542994943305336,0.9999159320927331,93.69380351149786,0.3433341337455647,288.10955405353275,1.9661216191688484,4.136905170974035,0.9999899343077884,0.48261706732469345,1.0,122.57691190866052,1.1429996770438449,0.5168886179561312,1.7873095460323824e-06,15.97030714949106,8.342731558283557,1.8845135533091242,1.1807790235926185,0.8628815107023533,0.8096227735611286,1.7622831144320759,0.005712837575744755,5.05945317519011,38.68397442689616,733.4660474038753,1.0381680613030726,75.5007190357601,0.09152072353673844,0.2291047455940254,1.0000431691414005,0.057851199191642874,1.1096195984354544,0.9994880187459262,1.0001494075837052,0.9960230660331867,0.9998560381540879,0.007584393893261009,0.008923348458008616,0.015052936772018976,9.321890592994842,0.20181319711037435,2.3712700291337074,2.525531974490298,0.06771984842681128,0.4009567051706123,0.09819130940078992,0.07978073525478761,0.843762950239338,7.8821382735057615,0.10659780282689478,1.2350969399672975,0.4848555872305351,0.03273677884770814,1.4926762805297678,5.903506876405612e-06,229.93599048305967,0.3969475338902824,4599.390429059029,0.06254770952093733,66.68821517512447,0.09762045155043195,0.6022757625485552,0.08255747511831615
2026-08-23,77081.02299000922,2423.4127407436827,0.9997848991914688,695.3707581774437,432.76430553934085,71.8728727545966,11.6487287426664,1.0000638699223379,52.4803403945817,7.493330820923078,0.9998680004252974,0.11821225873065755,0.9998459856454742,0.9999709952288234,4580.20907347219,110.30212610208095,1.135067721982321,1.0001854310056968,0.15822037630987432,0.004968582113101107,4.06845378692657e-06,0.9203743305889122,0.6487654591390889,0.9996379699295044,3.1955841229839157,7.8044728537489165,0.10718000421737707,0.029111972553239517,0.008671280766713727,0.09236321500153634,0.2031979077749564,105.87,1.5786116995035304,1.462134141610171,11.185277,0.9989640941044782,0.6320155617491071,1.046117,1.4637843769045962,0.9998812916357867,93.88470787526389,0.3442672138263946,276.73449779692936,1.8784572567196742,4.304580365289597,0.999858478908471,0.4478028399320676,0.9999999999999999,126.57098136158443,1.1373835565960588,0.4827910728759477,1.7763882276914987e-06,16.65370467078686,7.894048986463639,1.8900974708368483,1.1807790235926185,0.82276655472239,0.7621575214060523,1.706418300966903,0.005657215471324292,4.938258352250193,41.055363180430575,803.2275547221933,,79.48789117465992,0.09195483433967817,0.22608419659223078,0.9999723447198986,0.05741055289077383,1.112400194034287,0.99957007451066,1.0000399226012433,0.9960372974658097,0.9998659504712315,0.007136886446600708,0.00841692917612013,0.014065535619468472,9.38773412505067,0.19561598433592697,2.3075715035634827,2.338042027285452,0.06505333315933344,0.3880018017661746,0.09902970371021509,0.07748582432991563,0.8151322103934538,7.483740800784744,0.10477833699667884,1.2350969399672975,0.4639076786205156,0.031247120858129505,1.4434618930219114,5.451604594159381e-06,222.63336496497345,0.3639951454721649,4588.081314147434,0.058933514894921546,63.251871838323424,0.09046378541459571,0.5788374522380024,0.08231811838889849
2026-08-24,77712.3200924702,2462.403924751607,0.9998636509860196,702.2079977923269,421.5359291526638,72.59924498322734,11.539971413729232,0.9998168240725895,52.303800152014205,7.606611092652933,0.9998576967314828,0.12294674862840806,0.999881560777413,0.9998822030262059,4604.29100414638,111.80002065738289,1.135067721982321,1.000046880984045,0.1613523076063874,0.0052249885406471875,4.092195318983423e-06,0.928071391974611,0.674786740909282,0.999523780687516,3.568715131930391,7.823171543448963,0.10923818288906094,0.029263530975096708,0.008474400755956173,0.09397834073344923,0.2165769305401639,105.87,1.603094797795569,1.5139123481520078,11.185277,0.9989038343428158,0.6381103834786116,1.046117,1.52050482788377,0.9998970253481962,95.4075653871385,0.3440428718464945,274.11235829399726,2.0141495518834596,4.521476615539054,0.9998452610515112,0.42748053772590683,1.0,141.53047916466082,1.1424129970982955,0.5118142703922397,1.7704734823963487e-06,16.75757887086724,7.949320162042482,1.9355074779931403,1.1805735745589707,0.817215987249685,0.7737864031409218,1.7523330567263025,0.005771752137657678,5.3531537841906,42.35075645546967,852.824784874028,1.0198613725797356,82.24197935859156,0.09337940032634065,0.22682629178533498,0.9999223727456705,0.05974615568113972,1.116041440721533,0.9994520054761178,0.9999922121788994,0.996212202046548,0.9999121093864941,0.007196222299580522,0.009894529510171389,0.014018039815124795,9.495191511913921,0.19964080243134866,2.9026212482639075,2.428714457294196,0.06874035599128585,0.40773896505421636,0.10128298842931166,0.07985387850470703,0.8499161763231283,7.317588216944607,0.10309785020641832,1.2348820399159688,0.48137669289924845,0.030483192481247118,1.4925674340429,5.544940397878827e-06,237.12094652106663,0.3827190790161709,4615.088211727268,0.05898180071850382,64.92626002634255,0.0909536135538924,0.6146157006870674,0.08238573736079857
2026-08-25,78973.88693602335,2481.879430655568,0.999850092573951,704.0935851533615,442.3756562998309,73.34770771483034,11.622243243631315,1.0000517606882928,51.64145592639332,7.541445503601845,0.9999596711400711,0.12396615653575341,0.9998142079944188,0.9998414976951596,4662.510537821146,115.8310797114581,1.1351471976619165,1.000141838559617,0.1526906647709,0.0047429217687356045,4.0416561468202885e-06,0.8992703387352181,0.6991422766487759,0.9993341394152807,3.396808962245425,8.068476647805005,0.11619366126048687,0.029129025936032383,0.008578312828927095,0.0917086223742758,0.21097496751822176,106.25000000000001,1.5221501720208213,1.4854732520338665,11.186347000000001,0.9989229010112836,0.6077636438178105,1.04639,1.4804016400422346,0.9999189708841733,98.86721922605619,0.3447899585776834,270.80672671495677,1.9536374917234849,4.329036450713605,0.9996842137561952,0.4507195789709572,1.0,132.26792426346202,1.1405241491932336,0.5155963189392238,1.7573188288063853e-06,16.79159355165197,7.753919751931511,1.9094750544479073,1.1793894331884158,0.8372647078766652,0.7536294288329384,1.7623112486611634,0.005657914726459433,5.692211014901735,41.56455110792313,830.3224126264138,1.0443247364269224,78.88139071087618,0.09005276729230774,0.22142878711039282,1.0000511736488338,0.060064284527637235,1.1310565546528184,0.9992174008286161,1.0000396999891197,0.996130357167007,0.9999675946324841,0.006930802108277901,0.009815080040041729,0.01485270994344241,9.288390031128083,0.1936191317620547,2.6030300139238403,2.4178237108907834,0.06818125587418263,0.40275825229592976,0.09694045341627021,0.07926182437177624,0.7990201050290299,7.608009499969247,0.10083882695616649,1.2336314505715245,0.5450804931995114,0.029275983379147063,1.4623777441229557,5.467713995276089e-06,240.60397366917886,0.3816498968980179,4672.307573354755,0.057497714972640904,64.37637425572031,0.08921762363415402,0.6167216398523075,0.08309061116486019
2026-08-26,78511.2331116067,2442.0111121033965,0.9998784774660544,694.1699264358065,439.1633633738462,72.42027803944129,11.289692886366849,0.9997835614409075,49.929059383530074,7.325904702797946,0.9999293346807302,0.11971030960292318,0.9993918494024102,0.9999255511613027,4638.718079265434,112.77531366743916,1.135246135917193,1.0000573409061033,0.14290361191895998,0.00450155327410468,3.818105235158284e-06,0.8514735038785033,0.6984949889281906,0.9992742670333542,3.2832984735814543,7.880108178408889,0.12250456198546959,0.027658317154030783,0.008593182254774366,0.08918234237598799,0.21143407802900857,106.25,1.5235572689295753,1.5014163697089138,11.189607,0.9987314246616774,0.5617890020564387,1.04655,1.434049819401547,0.999866382353157,96.57633057135781,0.3362212292148693,265.88450702464564,1.8603402087618055,4.269455586382714,0.9997868188320429,0.40792743695386635,1.0,126.55865715988429,1.1405158401797533,0.5172778819747481,1.7087911828559967e-06,17.34755469757657,7.674077462239099,1.9118597270214943,1.1803343753866842,0.8382756653347426,0.7118561678872937,1.713796321998185,0.005691672673921461,5.568443930336088,37.88050696397859,768.0146456227335,1.0136812142299205,79.63682165166213,0.08567200547879818,0.20908509616060678,1.0000819055427579,0.058507433064353125,1.1741577881917953,0.9993830379024481,1.0000650202601855,0.9962062201841915,0.999691429221758,0.006585951179585801,0.009391934304905255,0.018158429442510105,9.333123559447609,0.18249403310700837,2.4976525871034467,2.380414798763948,0.06665861730408346,0.3835037038571912,0.0921375047217567,0.07772963857952904,0.7572263292820862,7.1909775592876475,0.09941941695039153,1.2346067552139632,0.5151423021794782,0.028801024897048406,1.4403481528362385,5.267605541600136e-06,229.24267245980235,0.36390551916824304,4646.495877606027,0.057863513587549285,63.378527178538775,0.08916149866746713,0.554763667389697,0.08240834938798856
2026-08-27,79018.03405750773,2506.3431057180687,0.9999973243772576,707.47963722231,437.6054634145757,73.14878398555936,11.620156171374404,0.999676975823789,50.50348285814233,7.44032536914454,1.0000634901787868,0.11756540510863105,0.9997941414416609,0.9999579772491614,4610.158511909315,113.16106235284097,1.1353462609602292,1.0002086230165799,0.14768379449900956,0.004888863742331499,3.8550158386151945e-06,0.875737078686963,0.7276231199504045,0.9995939831372007,3.4551615033991903,8.057419275752334,0.11100844706055125,0.028013261348860025,0.007635434307837864,0.09024051935794128,0.21989924621413817,106.24999999999999,1.512359257168777,1.5347031563402396,11.190692,0.9992729873617129,0.5709172675895348,1.046748,1.422486925574032,0.9999769903732657,102.04890414405412,0.3360548814670816,268.76010994374315,1.900101186151192,4.379796336852756,0.999843347263543,0.39979937786858194,1.0,127.03944104789713,1.1441977443062692,0.5051596710801808,1.7147914075792303e-06,17.781913300041346,7.888223878626561,1.92689839685109,1.1787000664420846,0.8734100764023305,0.7159700589448269,1.7351500003396931,0.006712996388769147,5.554409308616745,39.2650212713042,816.3759738728955,1.0037102583716524,82.29827261632104,0.08768022019127615,0.21237628643484097,1.0001058778031153,0.05945754845135814,1.1426945038555245,0.9994550237046578,1.0001316982299264,0.9963601257508076,0.9999615610291597,0.00649136452396179,0.009611366198269865,0.0175233707877694,9.233145055869315,0.18543398500870908,2.5374009207624675,2.4033278084917926,0.06893371384217392,0.4153748859818001,0.09281634153897798,0.07857812629964282,0.7673709975662557,7.294121820714281,0.10060483282826313,1.2328841692990942,0.5181971039650768,0.026620147376626904,1.4074003332403768,5.365790812471139e-06,234.71154822173352,0.3750132684737065,4615.090797200457,0.05899257856839648,63.17295448117145,0.09032027176406628,0.5785637017559759,0.08092076965432239
2026-08-28,80268.37474707834,2511.461241063819,1.000112482078496,712.0503878732537,454.8057382361866,73.98079079810731,11.922977316780116,0.9998040714909718,49.923503836310026,7.528985122036468,0.9998134011992739,0.11213415719918811,0.9998373866787799,1.000070168602804,4585.227431812942,113.67572152293386,1.135444144713604,1.0004957263843348,0.17000615068266245,0.004880692929925362,3.893440847508548e-06,0.8816038369554218,0.7030071113148318,0.9996971780131814,3.70987819420487,8.180325116616592,0.10787867828975646,0.02954395582092626,0.006845979956266348,0.09121809212195928,0.23915675293273875,106.25,1.563007009812289,1.5336500126095538,11.191782,0.9994904018797797,0.5737062411533415,1.046983,1.453606158145044,1.0000315936753224,109.17730597799657,0.33773164241548725,269.6187933508846,1.9277208295241706,4.684913503389672,1.000058851736128,0.39821683332776975,1.0,128.09827557228118,1.1445278597178417,0.5168188065900663,1.683029643665801e-06,18.059391310500832,7.843115299073744,1.984790388009312,1.1784792410305893,0.8559576804955603,0.7043945730177802,1.7611687622801864,0.007137678231474794,5.499142882943342,39.5961421103789,810.0741963521865,1.0185183490733478,84.67784032156108,0.08914357048638905,0.21379576468901376,1.000090186740393,0.06091104752771909,1.1184448595218957,0.9995918365844655,0.999892983915684,0.9963904827008667,1.0000003376376723,0.006695723584659025,0.009686237435218376,0.017314556353285056,9.362654454758106,0.18746768202265848,2.5561674544864257,2.4598019957036077,0.06874470126694367,0.4121126714167635,0.09196303074622947,0.07877411637650432,0.7798053213448664,7.198385368544526,0.09711508089855596,1.2326011487943953,0.5266869864056722,0.0274375861627143,1.4157895567176668,5.424917309781793e-06,254.06815196002663,0.3771729121540857,4587.965725172394,0.05934179648299823,63.26992728476838,0.09172822330960329,0.5781046810145417,0.08020258685869641
2026-08-29,77820.76428719184,2442.407614756763,0.9999384447041266,691.3170654968901,471.94105430060944,71.75292422977085,11.431709761370778,0.9997534279025944,49.31264092011042,7.306445627990587,1.0000948236660672,0.11176280650118979,0.99968585107285,0.9998010282970615,4458.882274461991,110.29897111985669,1.1357662385114227,1.0001841267372154,0.16257596115034192,0.004628513620708083,3.695995211345793e-06,0.8486932705112726,0.6961409707982896,0.999895289199327,3.4937651023812015,7.9187625449324734,0.10811458524311665,0.02804448172966674,0.011189021395764137,0.08718744714769323,0.2210082566807964,106.25000000000001,1.4826060967940324,1.4461917210413828,11.192867,0.9991534672982666,0.5387712912736413,1.047034,1.3834326975271105,0.9999551816697823,104.11408013203007,0.34146270035691906,247.98095732141994,1.8238265545687031,4.435315647257612,0.9998655820040084,0.4206478446062825,1.0,122.19076192506826,1.1403593372046295,0.5081262180657862,1.682783126144098e-06,16.078653254477967,7.511266344140202,1.8949725605917878,1.1717484030759178,0.8281525229074649,0.686060026034424,1.7149024860246944,0.00691561232759319,5.1495491795324115,38.47102241503742,801.3777148222368,1.0398706993640736,80.91518839472283,0.08522451370429333,0.20309694918024185,0.9999436534384811,0.05746997074760932,1.0428585856494421,0.9994478080215866,1.0000046436833585,0.9964236047870769,1.000109156461142,0.006341226329514245,0.009194599488814166,0.01771040576387953,9.42354368192434,0.17950824846036317,2.422759199022925,2.3915084372681017,0.06708929364982812,0.3798067204683499,0.08774643185675433,0.07606954117416444,0.7436632373720079,6.9132584451474655,0.09848073925214906,1.2255364205268169,0.4910464064748941,0.026519783292397504,1.3692632314588091,5.186164499247206e-06,236.55528516419045,0.35624206948331594,4461.752218285947,0.057861560778076096,61.11660898703771,0.09103526293601866,0.5349617928320058,0.07942902962920968
2026-08-30,78225.13950818499,2457.089335222437,0.9999805588046261,692.5269789000138,470.5135041645207,72.13384762225482,11.455810210166169,0.9999410892238396,49.008418352184435,7.331229082662345,1.000019708173885,0.11804653505810123,0.9997008966291384,0.9999839084993438,4457.7370538183495,113.01257322998971,1.1357662385114227,1.000619245256097,0.15947156146485272,0.005059645695030002,3.6570044715956477e-06,0.8454716996364715,0.6988848152592666,0.9994740453272326,3.5559723459365116,8.231414132069085,0.10705229995451473,0.027672300978555393,0.008097735102313765,0.08770340567316381,0.21951828862948683,106.25,1.502063538556222,1.4573619832010605,11.192867,0.9993618867440122,0.5428497353464238,1.047034,1.3962919749950886,0.9999576887533264,105.5938871300456,0.3407902174318556,247.20221798148572,1.8681154217385798,4.681964086027825,0.9999607937365966,0.45682637270935933,1.0,126.76906677228531,1.1441257773615574,0.5193163478664758,1.6857022857800095e-06,16.703494806782903,7.525887004317602,1.9303180855253959,1.1715963925896582,0.8406070137044552,0.6825187440754755,1.7193462645817352,0.007076003444209258,5.166230121344997,41.26562330803543,842.2444755470807,,83.39354722583167,0.08527944562451086,0.201848389377435,1.000128439426842,0.0577719916468069,1.0763389927490528,0.9995835507416636,1.0001221285321171,0.9963410257572651,0.9995410526373786,0.00630869407390014,0.009130615049207584,0.017621976719072733,9.681775974309534,0.17965661978147343,2.408606241906329,2.4836485782656808,0.06841516120669613,0.381290766691168,0.08764903701675572,0.07549979532134732,0.7450063440015169,6.857634118108556,0.09776572512415015,1.225377432140979,0.4886379770138878,0.026406255057140806,1.354554911155097,5.143075186208597e-06,235.70776837413882,0.35308385166361944,4464.590968574843,0.057591380314137644,61.48784780292152,0.09190625625687489,0.5451002110583381,0.07934796528202075
2026-08-31,77658.23133225394,2416.2418165172735,0.9998963999707251,684.4778619473124,486.8736878780351,71.4458289289707,11.141848097151453,0.9998617932699673,47.88468407932796,7.110247807837202,0.9997469952715903,0.11589759446473591,0.9994961612518932,0.9999133569819236,4443.787495995633,111.52997744066188,1.1357662385114227,1.0001580940789156,0.1481132697797233,0.00446873292745175,3.4043689457936663e-06,0.8194698348247896,0.6819773369573376,0.9991717267803337,3.5324707430349465,8.035140973121642,0.09714052225693792,0.027064601688398235,0.00793608236513943,0.08456932799173511,0.20519092609389256,106.25000000000001,1.4567858816442831,1.398024881268867,11.192867,0.9992573132599235,0.5178719656482772,1.047034,1.3579266931353293,0.9998871553673769,101.68286901296827,0.3359722775477035,243.38441240213731,1.818123276059755,5.132216930650087,0.9998703127890172,0.4004992529272555,1.0,122.39963778289504,1.1441090687611164,0.548083731863849,1.6588826725116413e-06,16.920469742707166,7.183531458168674,1.9301668811400774,1.1719819245698395,0.8557309088469219,0.6599395797606705,1.8060922764138505,0.00671172232714674,4.982690336709905,41.739265394625626,836.1985163177093,1.0153032925376622,80.04674481669237,0.0820544387837955,0.19267185961239683,1.0000573810439475,0.05711799252441793,1.0795122750015398,0.9994330448634579,1.0001681452120545,0.9960977603966161,0.9999630238190093,0.006311321020578716,0.008594309216855318,0.016679982259235292,9.609217048959252,0.17464723429819362,2.43202683856527,2.346086817177657,0.06901365589177483,0.3618733933989612,0.08420633013432346,0.07340619330294981,0.7109485238695851,6.904663843914138,0.0946830738697126,1.225780661607091,0.47961119045774164,0.026189463538343487,1.335212217075253,4.955709050602412e-06,227.44002099308076,0.34436481657098905,4453.408770694456,0.055797344381137794,60.01906559094017,0.09036599257390952,0.5225962162457025,0.07911946058516196
2026-09-01,78552.77932895812,2466.565659094493,0.9997679686406538,691.1406186921491,520.61378590197,72.39235909722484,11.31926701206514,0.9998305848380002,48.52601430846274,7.228102615370432,1.0000268890020159,0.12065111186785203,0.9994523447895471,0.9999065264809903,4442.416882967172,112.06902876030593,1.1358440046439664,1.000156553160542,0.14948383560620904,0.0044518119797226,3.5539414219205395e-06,0.839708073786757,0.7012628299614339,0.9994916837937692,3.567553680745157,7.986159213211101,0.09057922094021918,0.027871990291035213,0.008057598869683647,0.085637196287319,0.22368882039185745,106.24999999999999,1.4694464186668714,1.4243982798184645,11.193954,0.9990404717544336,0.5355237056283201,1.047497,1.3792804733945896,0.9998760696911931,103.01068194219994,0.3324104021683489,247.01261196758546,1.91972951071275,5.229010681436265,0.9996924057106978,0.4065858713962307,1.0,124.060150646295,1.1423250287677014,0.5463597578472995,1.6535305090693396e-06,16.736888411061905,7.28249776560833,1.9390748465726853,1.1750745493640506,0.8423305577540627,0.6820772143831698,1.8667568561774033,0.006709646604430671,4.926429668871222,44.814473068023005,847.7149475077889,1.0017097943231843,84.15758977730303,0.0828167928086005,0.19776462075916668,1.000053910960461,0.056703704525745864,1.0950408938489589,0.9994161170979916,1.0000506455951457,0.9959647933644893,0.9996375208440786,0.0070563254258029125,0.008720013259458665,0.016708720407483568,9.563876961644695,0.17723986858963287,2.5124049655776495,2.400407707872876,0.06777042044522417,0.36465753227200065,0.10931488580738655,0.07360828319262593,0.7264899352865174,7.098584030976895,0.09972180406432736,1.2290033327950987,0.4726864159768326,0.0280352006868428,1.3869450984441847,5.064123720831967e-06,230.28184918065605,0.34588801742787245,4450.439448125702,0.057461663395381404,61.12611328683961,0.0911408852912753,0.5653235876841373,0.0794115129704764
2026-09-02,77416.44110979848,2417.6758884733536,0.9996164409411091,682.6728558958649,504.85685272019606,71.26503314106478,11.229814037883376,0.999781101440504,49.539966843004926,7.2163657050821834,1.0000673357489254,0.11349423650279973,0.9993657984965093,0.9996543287576194,4328.760975693109,110.4707198446392,1.1359469097689927,0.9999731257009203,0.15931795974490448,0.004378050820960381,3.4742479886569208e-06,0.8716644433458661,0.6935903425676514,0.9991156574986549,3.5204736391111857,7.908221630095745,0.09015417958035592,0.027472143510685252,0.008714280591015353,0.08809604660277012,0.21277059340266027,106.22,1.4615645492463867,1.4231849309009044,11.197244,0.998533462827787,0.5461873640157153,1.047512,1.3514651765110592,0.9997885532340468,99.96528544069069,0.32221537516581966,245.96389939920226,1.8864857785414904,5.843678770140224,0.9994259572997454,0.4193389940971251,1.0,127.83643026325107,1.1412047584780767,0.5363986892425897,1.6023985995039954e-06,16.30587463271043,7.242594720845211,1.9328603837386726,1.1727509430725036,0.8417917817250596,0.7789171714323735,1.811003252162173,0.006629054372381336,4.804571586710534,43.87450856135764,829.8594890088349,1.0455978355177025,82.7587329499327,0.08164256961884185,0.1965993377944218,0.9998742076215317,0.05489181561480918,1.0622718472440282,0.9991607322521815,1.0001399022647468,0.9958204431435544,0.9995735738008016,0.006667620259626108,0.00845843365011127,0.01689233305008289,9.388654199468228,0.17571705014001854,2.61008328556325,2.479951316164081,0.07314868186988309,0.3646639478311951,0.11026086072906979,0.07404616147478513,0.7215565451896321,6.985180610661536,0.10260416560173967,1.2265530265265951,0.4706867234059669,0.028420646961033556,1.3170990455791696,5.142657160600082e-06,220.09752057198875,0.34043427943469434,4336.461084182155,0.05703840434655974,63.646130383423305,0.09178102164524501,0.5628701255073879,0.07864997224882292
2026-09-03,77297.13347191992,2390.783044679688,0.999685870685665,688.2301302750734,494.0331939245661,70.79558999670438,11.109744202352955,0.9998079685139287,49.658758294159206,7.189285084891333,0.999729506712068,0.10947136325610629,0.9992984062235014,0.999872974454838,4383.537205877035,105.13584970431612,1.136044962704255,1.0000162651660833,0.14910636592243262,0.0040886904552840265,3.4311009725720206e-06,0.8671502850133361,0.7246219323630253,0.9992421306191004,3.7889080730049596,8.04212617070309,0.09246615932165235,0.027923376965178628,0.01657955764058321,0.09317773465087184,0.22369419581261715,106.22,1.4543168227507075,1.4099834128883508,11.198339,0.9986642336002446,0.5855093785126678,1.047726,1.350370850400152,0.9997948349531954,100.39064957766638,0.32503005585690836,244.52331162419534,1.8860409592252032,5.8496825641210926,0.9994658458105143,0.48788437226017506,1.0,127.13435878564,1.140142386427948,0.5631133705389986,1.6095724918810136e-06,16.22709499275319,7.274956453024511,1.9572951263263179,1.172080694286916,0.8353412583595684,0.7987465619027964,1.8237469420306802,0.006515527554294875,4.761122975930913,42.64909529118169,815.2622506716469,1.0129089403929512,81.91625318946932,0.08171038457755984,0.20099065670859845,1.000218365315583,0.054406178499636866,1.0618181043756678,0.999252937690978,1.000123523925758,0.99646823586537,0.9996089081879388,0.006740173489394016,0.008369446972564582,0.01675202915153629,9.24413411515281,0.17548159483107895,2.5134882386180015,2.464813851708248,0.06775939139044784,0.36642632296232047,0.12402938203609604,0.07455139829360063,0.7459193700717149,6.969664689400962,0.10760173648850004,1.2258159439833543,0.4641339893521384,0.02853442291100107,1.3316813889040462,5.175612649773919e-06,217.19552935494886,0.34822006065512945,4392.822990165681,0.05601640156559301,64.4826166570556,0.09390582849951175,0.5614200352712981,0.07864206505832974
2026-09-04,81264.70153038795,2507.6482840896088,0.99997949460755,725.0807755091299,520.419089447241,74.07423223861623,11.832704231146355,0.9998574726682277,51.47841744219547,7.518011737174653,0.9997576684504282,0.11299977782495767,0.9996275568364491,1.0001084844206445,4471.8292141679,109.86438453139765,1.1361445429566726,0.9999741638973471,0.16841290154093247,0.004321774557822009,3.713223484697834e-06,0.8884313807320097,0.7221429625348998,0.9981873207205185,4.442408647669985,8.491828038614003,0.09436362744255453,0.029790268478070155,0.014848006178802579,0.09337730387147777,0.22910864181313192,106.21999999999998,1.5070037665189158,1.4717388349831377,11.19943,0.9991178221469232,0.6026805747563589,1.047925,1.4512912373932785,0.9999207953527021,103.96051784332946,0.3307708035763806,256.59785410195576,1.9542831243197905,6.327780516733257,0.9998797760516976,0.4529884082932523,1.0,132.746696804198,1.1445690170131118,0.5687377622965745,1.652242290352044e-06,17.12080358991947,7.592490732369242,2.002531926886498,1.1764015771194432,0.8492728193535184,0.7922879565662795,2.0220728375830617,0.006769689719703919,4.971193703434953,47.43479040152132,952.6662866911287,1.0310370345132633,87.4499182124614,0.08781223959546798,0.22115511187960019,1.000230837197885,0.057734252757844134,1.0402044506518406,0.9992537775072208,1.0000028355981707,0.9963838557260773,0.9999576678970096,0.00695288843146037,0.008716706786430379,0.017147900924309543,9.353407694723103,0.18453942912808005,2.4847449369776795,2.514168857357134,0.06854751447747297,0.3955138326178733,0.14105858962141438,0.07927390003905868,0.7833044026160485,7.171381846876824,0.1071292192676452,1.2303205980124388,0.5081744706699756,0.02871164875998015,1.3703622589814288,5.4042249789431285e-06,225.7535136527718,0.3629064957420542,4481.696047344231,0.05739436155085057,65.3363226631717,0.0956857551848465,0.5898767927532823,0.07909222355767803
2026-09-05,79671.25767420157,2456.085066364875,1.0002182059066203,721.4302698070193,520.5977490183706,73.22947885993358,11.631341842390773,0.999836815647911,50.75737057648126,7.385540136414686,0.9997578600926963,0.10726477525705348,0.9997457482025457,1.000069028722748,4427.540663476712,107.8966475282486,1.1365759665908977,0.9999563153616207,0.1627970751076345,0.004241503963593625,3.52616799744252e-06,0.89972554469329,0.7414799489408518,0.9987168330566101,4.815937283873233,8.392391974884802,0.09274806951156273,0.029409193210785087,0.013228009396487607,0.09046750377422486,0.21688348795395676,106.22,1.4935784677148722,1.4274953308916136,11.200497,0.9992982541661375,0.5798803021319674,1.048159,1.3986937238549557,1.0000032307651312,101.92907583272797,0.3314700643795388,248.1215442881509,2.1718932806854885,6.182292466229112,0.9999960634982767,0.45616211861757827,1.0,130.3739032765341,1.1417464957702825,0.5742782214310945,1.6479979753216376e-06,18.123964787642258,7.44868777989097,1.9821065271937166,1.1754096608885936,0.8393386797339449,0.7594906846394415,1.976352052849581,0.006835512729647638,4.810595499783793,62.79522660555935,1023.0377877508347,1.0349164675246236,84.42714870960482,0.0847903881947543,0.2112164477124468,1.0002239560902124,0.05586004723193099,1.1198548071620444,0.9995003784306241,1.0000038851575577,0.9967550455572135,1.0001468580837065,0.0067220568243393525,0.008288880284505714,0.016585130710131017,9.185944492165756,0.17950855301110644,2.548294971175386,2.468504960694696,0.06773800032440518,0.38339658344989186,0.1317731013289464,0.07835477779325434,0.7554269855054555,7.073208426026663,0.10903935847159649,1.2292498106755745,0.49938146661768823,0.02883912293862738,1.39436860827816,5.230870091300583e-06,224.83331200372237,0.3575150740778122,4432.427143671578,0.05622846510094412,63.644099884007,0.09416507408678768,0.5591364834024136,0.07904707209402752
2026-09-06,79821.69873179746,2480.0031686031184,1.0000643181538638,766.4092879330625,555.6684591165193,73.44553791208986,12.047500928730749,0.9997791858729262,54.68767041943571,7.591598287876626,0.9999292512328681,0.10901157087439357,0.9995720191413628,1.0000177369504324,4426.516277980868,113.38757052232367,1.1365759665908977,0.9999374062527467,0.17193292376015662,0.0038412997719206267,3.6093556251917255e-06,0.9153334527770048,0.7765327830687513,0.997561877054167,4.75239954051495,9.251357349416063,0.09794883197644949,0.030564414766400483,0.018630845265088146,0.09448863506837941,0.2201136854419474,106.22,1.556186890910274,1.465297054618326,11.200497000000002,0.9991661784228187,0.6141087375624473,1.048159,1.4122708256630054,1.0000064839685663,103.16637621681609,0.3338045766063266,256.28649043800124,2.19166557571438,7.048641772873636,0.9999618919009299,0.451757735789206,1.0,134.42213792855452,1.1450314143256985,0.5878428856683184,1.6866882744520163e-06,17.274414391885944,7.732291262420417,2.0284940947674617,1.1753086419753087,0.8408762207387565,0.7871455965065066,2.2467942063316975,0.00693834729582853,4.942445213102859,65.44644646118752,1025.9269694755635,,85.41048085336173,0.08969060918380505,0.2182747960633686,1.0001506431266571,0.05667219530476935,1.1302248734264642,0.9993936110394543,0.9999486074261807,0.9967626668769994,1.0000311019901196,0.006719370542754211,0.008612329058155819,0.01694488512031566,9.277080074809115,0.1839572356067302,2.490332391022089,2.6692048976856895,0.0705667982570662,0.39720364871430097,0.17764357253493449,0.08021421031222137,0.794942181507136,7.229392779129006,0.11030723103163548,1.2291441645471122,0.5502005606296644,0.028534838005478347,1.431150538304562,5.4634188775431275e-06,236.17539872412607,0.3703100911476005,4432.166968360948,0.05715297262724528,64.89283326083385,0.09553276375544816,0.5736939633518493,0.07890255352338857
2026-09-07,80329.3478460037,2514.0092688310365,0.9999573819501033,752.7225340647433,539.3816820360576,73.94355558878469,13.237155745219605,0.9998295840786585,54.95056554836963,7.9019838410484935,0.9998214632001658,0.11065412616828846,0.9997050520225684,0.9999489362332818,4417.896684728273,114.0834757374012,1.1365759665908977,1.000007574385659,0.17616469272611565,0.004022986325195652,3.6535074807953536e-06,0.9791951924771212,0.7868111056215635,0.9996882080502423,4.5181718111259155,9.14204855948623,0.09840567215567189,0.032265836592476685,0.013948195599449261,0.09662143508801654,0.2753530834474122,106.22,1.5972394381904662,1.5626918178936355,11.200497,0.9991519839015346,0.6238759896374344,1.048159,1.4226486567524865,0.9999487656142674,106.49007263898544,0.3351557444279676,260.7348265101648,2.436852334393612,7.291165865788254,0.9998608202847945,0.4471922771085494,1.0,136.82613673531023,1.1450156137401817,0.6083635667809113,1.6835569673410446e-06,16.9908914999355,7.859026348232046,2.0174473041027396,1.1753263872838746,0.8335887738406166,0.8069757997961663,2.240401552255423,0.007078893732726475,5.304992278365071,71.33597730885,1227.1109403568853,,87.951916819731,0.09085579473273796,0.22332470639643617,1.0000658162396405,0.0577162229998879,1.128509311872169,0.999422542513502,0.9999513208489347,0.9966450981120244,0.9994282622600327,0.006710391228482518,0.008795058921405762,0.016726875199007937,9.353498310416976,0.1874181557187333,2.610899930133873,2.7326193810358292,0.07009054732061379,0.41998055183131827,0.18933387703114857,0.0815248500735893,0.8115759896709213,7.133516467324044,0.11074855268841714,1.2291627226872408,0.5540312812152857,0.028257509884785592,1.4333742776838894,5.526457029248187e-06,265.7337487161633,0.38720751565866973,4420.508432787907,0.05684087108695774,67.0383571823565,0.09483113747109286,0.5781395275860663,0.07865114012538832
2026-09-08,79093.4641898418,2489.3967543757462,0.9998494087849482,739.6790807862191,518.8243329591086,76.50750157680606,12.742965020959987,0.9997924074248334,55.20228907963863,8.074275746115342,0.9997979655846746,0.10551239371724369,0.9996792042886021,0.999797827266842,4419.933018335651,115.78662394946929,1.1365759665908977,1.0000184190788861,0.16403690003492655,0.00435856084118672,3.6232046767907043e-06,1.0619412356645181,0.7716645609598684,0.9993327547433625,4.720057081949306,9.38216924975626,0.09499452867254164,0.036503009730849086,0.016465075866713093,0.09734973666461982,0.2536026110487983,106.22000000000001,1.628921482839681,1.5442243725733664,11.200497000000002,0.9988302632935586,0.640204644010452,1.048159,1.3960935547617492,0.9998865493926562,103.77243552193976,0.3345362114701829,258.8765455692126,2.305430039336974,6.853478920682117,0.9997554795410081,0.450817884564553,1.0,132.00900941159358,1.1410422350881744,0.6209493363591403,1.6716837135304486e-06,18.435629203297243,7.896595569948463,2.0007694048916522,1.1770696444395858,0.8353650225268994,0.8359518009450363,2.218469270060071,0.007175776028045217,6.175273542451995,62.79644219862028,1139.136135932952,1.0002702435361892,85.14226404986216,0.09048297033663322,0.220404566425868,1.0000701648238908,0.057017009551850927,1.1552670857527128,0.9992887387299269,1.0001352605163052,0.9965413668956283,0.9996907695564209,0.006565335077657138,0.008459945279185291,0.01629143290513159,9.21242927600144,0.1935461379172221,2.4729433757843355,2.9869340549074623,0.0688626821910848,0.4772935995106048,0.1693543914153281,0.08182180696524229,0.8182124691457182,7.0075451845181815,0.10644287400412727,1.2308467906061529,0.617483815885178,0.02929152840309045,1.3905240831406558,5.436349401298991e-06,259.73655502578754,0.38336025348016983,4422.576814813834,0.056434855010399944,66.62139193898764,0.09426494407634063,0.59064593084296,0.07796136555351092
2026-09-09,78450.75303870205,2485.0697039871584,0.9998294771340218,752.1250045522248,500.07084299402715,81.2521953230761,12.510020760613248,1.0000029872881468,54.29394224661684,8.008609352586902,0.9998144638973507,0.10720957347428024,0.9996314655814547,1.000020759476928,4350.020637590218,113.80290592711523,1.136641807696384,1.0001049731987788,0.15929045419730029,0.004314762369804023,3.6559837849096976e-06,1.2475304252917225,0.7504706815187805,0.9996408392359727,4.827528632102638,9.18309471995325,0.09552669243691815,0.03543895488688329,0.01627857091862736,0.10076397875501594,0.24072137788981418,106.49,1.8581525047856993,1.5052208779988565,11.201558,0.9988128039253187,0.6480805193289125,1.048699,1.4172841566021832,0.9999967530654501,103.36010446946287,0.3388378601552687,258.320235151555,2.320387177080241,6.74787291968688,0.9998174880966484,0.4375591025957577,1.0,128.83269451451525,1.1455618101437275,0.6365218632454678,1.693842783050686e-06,25.88474946901688,8.609781284223262,1.9982757490318472,1.1769779370637097,0.837250766489795,0.8451469761967997,2.2650491694017307,0.008060481087574288,6.410983437634838,62.49636252527925,1177.694083249715,1.0351085161691433,85.13585872556894,0.0900438187758932,0.21941171791567463,1.0000319657723404,0.059078395480483326,1.2294017759787403,0.999302716668152,1.000044617926066,0.9972727933993714,0.9997977437936593,0.006543147272281929,0.008089509019667821,0.016190840008465893,9.199323760096332,0.18776367632628121,2.3690597586369395,2.9403072747092893,0.06737650687500978,0.45337016591009116,0.16494714950236716,0.07905660261782087,0.8112354526146774,7.031134312705265,0.10483571622352407,1.2308206649464097,0.615004730989432,0.02877742753805684,1.4015206525845698,5.408616143422787e-06,258.45362999880257,0.37486225517696703,4354.556793759444,0.05604599119801549,67.11879711473082,0.09798925329339339,0.6047757380183019,0.07665350342943562
2026-09-10,78283.06047169256,2467.529167979314,0.9997364098514807,722.659278470706,512.7353245043776,80.79351752173109,11.80498523618216,0.9998942638911466,53.18605113306241,7.7960849230633045,0.9998440494642491,0.10492789801566983,0.9994472913708362,0.9998548251382471,4391.309655877491,112.80238844884263,1.136740266469387,1.0000271530464218,0.1520837563306093,0.004093877714935695,3.4753009123307485e-06,1.1223693443563063,0.7341241020260405,0.9988960164734144,4.51678822676339,9.10683719721216,0.09793690729311817,0.03651282069323304,0.01606945716074952,0.09893428213908995,0.23320707843079663,106.48999999999998,1.8559901951895317,1.468139814974022,11.205962,0.9984087507458854,0.6276810805575507,1.048849,1.3947406589248457,0.9998802719188302,101.56828258356754,0.33880627147597436,251.87162103149257,2.4848168147865453,6.158707279106767,0.9996953203784718,0.4503610364083204,1.0,125.78963329921156,1.1453980555253203,0.6010383245082448,1.6835951922413197e-06,22.631529419690846,8.014796010998317,1.9654259540377104,1.177694263291699,0.8352887293250777,0.819984008151279,2.238392059175931,0.007470576511409522,6.130696882364072,58.60451865647128,1244.287571383468,1.025357403690343,83.56327349297841,0.08615898234149003,0.21189838633875757,0.9999866816946749,0.05900940599674312,1.2129965413046282,0.9991177809668881,1.000143320864101,0.9964756037913711,0.9996432790069956,0.006420563096080991,0.007681400762637537,0.01591937518696337,9.182716490826811,0.1811501450834902,2.30852040010999,2.7800938180641004,0.0625457018166178,0.41528590480981864,0.14944783150444216,0.0765394072819607,0.7722457260098831,6.93856887567646,0.10548766204153942,1.2315824379119569,0.5533934661960382,0.028953508933889573,1.3727657020750976,5.2529578786689996e-06,254.2628250420613,0.35953599638750827,4393.721298512461,0.056408298976694644,67.13669726469111,0.09513881626078184,0.6183532827616522,0.07646180796807038
2026-09-11,76554.98664973286,2437.514812545618,0.9997033891056128,708.4278492036368,508.23449234621546,79.24403670226616,11.466747314481822,0.9997844388560857,52.10780988571986,7.424925698916045,0.9998325647162832,0.09797361775757936,0.9993433272456081,0.9999073655225617,4314.5584711704705,109.40063364044715,1.136838468207545,0.9998985513974439,0.14289204926920415,0.003652454952669919,3.2338396695297777e-06,1.0959952874874024,0.6985004004080708,0.9976226127286034,4.297056604174088,9.097239327056107,0.09206696973830965,0.03536298283053047,0.015197113310880962,0.09130178587451937,0.22452955070755207,106.49,1.7898631243688623,1.3934265828441257,11.207063,0.9985228306223081,0.6418545655078682,1.048981,1.3340102087604153,0.9998950035252904,98.63125822911633,0.33992642379795607,223.8354835659367,2.4429785888589204,5.948949473944197,0.9995116182202041,0.4991709137814562,1.0,120.62792848738104,1.1444170593019254,0.5685254532178655,1.6853843128678067e-06,24.172116679043064,7.574239564657975,1.9275551602418266,1.175264889667039,0.8291238087086468,0.7798678480741364,2.106875597676918,0.007619120394881593,5.942142988867819,54.03456322279212,1079.8141464993569,1.0354561177183677,78.55683866615372,0.08287790542243915,0.20459484058526867,0.999952225974097,0.0559038718931889,1.15286552843849,0.9991383030917279,1.0000206760309807,0.9964656628789483,0.9995300966306961,0.006307511936344709,0.0073509978420752175,0.01568798749262657,9.182440991874008,0.1746832792038757,2.258637680793918,2.8108590670457185,0.059690728733033896,0.3956337692712724,0.1399010030357258,0.07477363024315793,0.7272958021165842,6.876980478806589,0.10385385360828173,1.2290091048203766,0.5419381511489028,0.02953007953569209,1.342805738054268,5.03485039552988e-06,235.32473148493608,0.3425407605326032,4318.141703998686,0.05612286443054796,64.5309524420428,0.0950295743644171,0.6644263467263204,0.07677363544653697
2026-09-12,77203.53444805603,2514.846819245876,0.9998130206767825,726.5133783587984,521.8294792256389,80.13504613258036,11.546360706163469,0.9998594878185023,53.27593823801227,7.4595901367185835,0.9998557449761764,0.09766248913185643,0.9997193255150132,0.9998408911092669,4350.340069643005,113.27491238704441,1.1371537095378919,0.9999424409220303,0.1403233235870782,0.0035859238171372402,3.301082187175982e-06,1.0404344053730286,0.6822004994013752,0.999228391686164,4.354694521448725,9.323025156989077,0.0973544359101249,0.03592867342785811,0.013863968971789596,0.0934967498782062,0.24519048842708868,106.49,1.6403525342370162,1.3903573777580565,11.20816,0.9987753411845581,0.5963261862352975,1.049139,1.3557713966363036,0.999846566720985,102.39440297526501,0.33853196224589654,228.11966120190613,2.3634977407657054,6.007699046237661,0.9997795066106674,0.5101508112010176,1.0,124.9936749048388,1.145602461504396,0.5809566627006559,1.6773706874839801e-06,23.48302326225049,7.6233004715288555,1.934271241991982,1.1748317475052217,0.827766882507623,0.7856718021473866,2.189341182748421,0.007301223418672382,5.733883865704451,56.86901623124161,1164.471999901658,1.032011661906252,79.43409442510534,0.08428306577024669,0.20624188311776986,0.999865411135827,0.056421100086202276,1.1856536883583797,0.9993544258181304,1.0000525949891217,0.996288588073583,0.9996524983861653,0.0063780050270914315,0.007265624138554655,0.015425283019980345,9.152466567711212,0.17826063713314166,2.3043252940247947,2.7230926368202146,0.061607936291954955,0.39987610647458516,0.13954158034148503,0.07438722540461726,0.7254574074701552,6.907733412953011,0.10702195832372939,1.228457878858204,0.5688682624842432,0.027293164418492062,1.3633186054012334,5.174430048046226e-06,235.51286434982674,0.35057480017802267,4355.021139119266,0.05526589948255966,63.329656875094095,0.09475048696734258,0.6745820049673039,0.07685414564436624
2026-09-13,77261.62722069985,2525.267261590238,0.9998612255253199,727.3861457483952,538.6831733297797,80.29444661999827,11.502007742833564,0.999822500182093,53.65584712276986,7.399125933471284,0.9998233522932326,0.09824079345228688,0.999721516596255,0.9998405280892757,4349.991330786685,114.36050310926002,1.1371537095378919,0.9999981983215435,0.14237436516719906,0.0037789946723708087,3.425435747501506e-06,1.0185189947162405,0.6877096130464792,0.996641764866525,4.212890194947311,9.363498649651296,0.09655032616162128,0.03520781689105426,0.016235279866234322,0.09255507326137968,0.24282479851983654,106.49,1.6047458243102342,1.381320238394709,11.20816,0.9988915932818502,0.6011800603741517,1.049139,1.3662323076269962,0.9999122294768529,101.75239313261922,0.33987351022083845,226.36229048185268,2.3702719349774926,6.370444231878948,0.9998050144065577,0.5497206927461289,1.0,125.54545068666184,1.1442055215886406,0.5569146749241989,1.707346139644821e-06,24.246273131913394,7.609788156323549,1.9387333013234944,1.174668182661964,0.827025830578964,0.8009573580018481,2.219889001015913,0.007523057066020765,5.988189049626576,54.686395749965556,1121.7252793355656,1.0001790754472548,79.64729159503673,0.08481002055747426,0.20733433395890186,0.9999729132201847,0.06045235941127947,1.1814714005974973,0.999515857920203,1.0000587004022983,0.9967156628913221,0.9997200845660577,0.006514232188800372,0.007247011626991047,0.0157323929401258,9.138604598784552,0.17995416316055146,2.2164332183308297,2.7344196650082995,0.06302073714165374,0.39919616950189735,0.14040666075194802,0.07468320975602163,0.7249162127752333,6.910376080026065,0.10991305490460775,1.2282868479673288,0.5662448632130609,0.027801297928941954,1.3848239283219612,5.294602924410382e-06,232.82080876949877,0.3487204185919781,4354.717293719146,0.057258007108280294,63.90527723415494,0.09736533773112656,0.7112837977734272,0.07642487427482662
2026-09-14,76819.04496746542,2476.682526163658,0.9996891689481365,716.2705332128485,518.0870687212042,79.6105929847602,11.208686939570802,0.9998181003322847,53.763873271867766,7.295614046828764,0.9998455935255909,0.0946443616766178,0.9995787864130262,0.999776279303132,4331.690979714924,112.13088111810994,1.1371537095378919,1.0000152794333315,0.13620072177140474,0.0034754143700465503,3.3645362663060315e-06,0.999808250523993,0.6860174290748876,0.9991572478028002,4.113586244360502,9.123873071016869,0.09592641432340425,0.03328094515984902,0.01508638356275274,0.0946614792946238,0.23067078404367572,106.49,1.5807279273345545,1.3666855093330859,11.20816,0.9986143010684472,0.5888502079810138,1.049139,1.341587719478689,0.9998411476206446,99.3260052236567,0.3383041491232267,220.9642866250926,2.2993835031069256,6.125305764473013,0.9995809974013998,0.7325241073378514,1.0,124.4183448129169,1.1449007053065912,0.5573040994149857,1.6972923015833814e-06,21.426493370206124,7.435438944579232,1.9235481371126188,1.1736401309879154,0.8236865978398822,0.9530831174193437,2.223221257817081,0.00768170114217781,5.901452675755281,53.0516708370408,1062.9597237554785,1.0213770752026476,77.35641421753034,0.08243348918435088,0.20364724749640367,0.999949557564246,0.057150145428540224,1.1336149253332637,0.9993004431762259,1.0001273165328217,0.9965295594535656,0.9994350357701614,0.006402211956734926,0.006991160637646196,0.015162344610737278,9.04034403187731,0.17723295859902144,2.164111935412515,2.7656064451033897,0.06223542968204633,0.3791700400570196,0.1332775027622873,0.07511022201322948,0.7023552079669011,6.826318221357037,0.11284744444905327,1.2272118700553512,0.5564356986231077,0.027739511638642262,1.3434262158250287,5.139220785167395e-06,231.57877080950817,0.3429488208283431,4335.501786690408,0.05694553680860523,63.08860037531578,0.09671068662798983,0.6239328233528416,0.07609269293149687
2026-09-15,78173.35158344489,2514.759550467769,0.9998657710389633,720.3078906850645,514.5424120955465,80.88619909824199,11.514639932652168,0.9998465504532257,53.13126064300498,7.5615222095247745,0.9999302788714859,0.09659631813374067,0.9996520572400425,0.9999272550401732,4289.718494392626,113.51863073859415,1.1372299635936436,1.0001514784341186,0.14318325499672668,0.00368129457616684,3.452984444621351e-06,1.003482573549288,0.7016503454915497,0.9991851913708658,4.388976547996215,9.286537486357261,0.09655051534792232,0.034840962482379216,0.015838195889327396,0.09600605277950304,0.2387450948146743,106.49,1.5832058946148055,1.3827066918872637,11.209249,0.9988123120804318,0.5891106874281282,1.049567,1.4231784835036279,0.9998812471892857,102.51365308067487,0.33810796893055944,223.3331653817937,2.468122510711336,6.52865320247868,0.9998445701945593,0.5817427410381228,1.0,128.20495737801633,1.1455866075354668,0.5724012523754503,1.7034405626022093e-06,23.08067814979828,7.564506883876118,1.942369600277484,1.1694051802891694,0.8212191007861227,0.9354748232722448,2.3460086639952005,0.007648996119819661,6.278283669328086,53.758511231771124,1163.6922751403897,1.0342663377730592,80.33762750791395,0.08363319655779215,0.20852855311662802,0.9999874120321675,0.05907254546419012,1.093985888801065,0.999984722691251,1.0000768228191328,0.9963246995647358,0.9997475449802405,0.006624003786984685,0.007109692531699648,0.014270240189569267,8.997515360368482,0.1916304369598896,2.178967760740999,2.74567399979888,0.06294233951677322,0.385452376623073,0.13369155367722543,0.07775727755924426,0.7207601495837642,6.909789516785944,0.11370630930736608,1.2227764566748165,0.5695485008887508,0.028204592759965827,1.3527155039634766,5.235833284073464e-06,232.38201475513927,0.35467774793136103,4294.300916164084,0.05776706052882073,64.48166280200824,0.09830733881512746,0.633869528669307,0.0755611009478328
2026-09-16,75590.24471973324,2397.4972601650115,0.9994318410764068,711.7407947281655,506.6959884092903,77.75048234731742,10.88182146485707,0.9995125932366259,51.234578026091576,7.267590558654447,0.9999187132895545,0.09077045047943234,0.9993363697499262,0.9995924222129242,4280.025009589792,110.22496626872632,1.1373279991932468,1.000013117857092,0.13956582809888024,0.0035135485293635825,3.383704622296261e-06,0.9441389981757788,0.6797016091379442,0.9986615442126998,4.020658703194089,9.034949776725032,0.09306627085732977,0.03292626119135152,0.026840360957339257,0.08879466742319883,0.21595554318582727,106.54,1.5160488889913921,1.3194868251764724,11.212488,0.9986810585699839,0.5471645541474893,1.049652,1.2832801680810546,0.9997087648731074,96.87348479401192,0.3328337437647562,216.74058261336023,2.3352355734561585,6.364785712694603,0.999179137044644,0.7042361951519488,1.0,122.15005575810984,1.1439928402179662,0.5440232181468441,1.6555683442951002e-06,21.323691733966378,7.191839222465893,1.8788056602315137,1.168279581057601,0.7986675192652847,0.815424729252464,2.2039650307982375,0.007070708961815138,5.430516755545913,50.41875690922717,1110.0588230124288,1.003034438429679,76.91913911509157,0.08005131873603101,0.19535417618237103,1.0000243822855663,0.05541978479494991,1.1363519258501407,0.9997114469626103,0.9999869608449181,0.9960935754773718,0.9993102948486196,0.0062960677512055195,0.006848825653788024,0.014042881385685952,8.831489578582278,0.17600427350310469,2.083646898087014,2.481807953264758,0.06106318527460475,0.36237371944631414,0.15181634168746,0.0742433210750706,0.686491801454995,6.792256319407273,0.11565736385880503,1.2215853633210807,0.525202259746435,0.027016394980831863,1.3226738237218472,4.944120998874964e-06,217.85042423140942,0.3283157645282996,4283.504412696663,0.05700321709051539,61.175493278931455,0.0911406485632134,0.594120933788606,0.07562984732662614
2026-09-17,76146.81236783884,2415.9596535242995,0.9993529811665348,725.3662125514248,498.6664189921579,78.16191596667954,11.048076054907668,0.9995616974456695,51.65523757667336,7.472855299911044,0.9999300509348736,0.10029893407330234,0.9992510134913649,0.9995830674333036,4273.477062736937,111.34840603994836,1.137429643780202,1.000039269650588,0.14860521130158866,0.0036215334443296756,3.4061337333808685e-06,1.0186017172989736,0.702119987588072,0.9983540208741937,4.605222170871242,9.383170476488772,0.0967247438764639,0.032937478243155134,0.020301207770179353,0.08890792511001253,0.21883430672523566,106.54,1.5199385662890115,1.3652894257707993,11.213565,0.9985281619100603,0.553782459199095,1.049687,1.298304364425906,0.9996778244639515,98.5424205832789,0.33546305524799064,220.9934593438427,2.616014637728269,6.694025980458844,0.9993793015255231,0.7491686401380382,1.0,119.44762227067375,1.1423619121173136,0.5518283877827975,1.6736448569360722e-06,23.626994094745733,7.369081876795067,1.9080402105392706,1.1615285621871603,0.7937866107694485,0.8061172378848886,2.313555335699271,0.007177849877589364,5.405045690925001,56.019832186024935,1335.505701236559,1.0273788802513655,78.23230150727812,0.08084889356596386,0.19616455499781751,1.0000154804164425,0.0563001282387431,1.125388785352506,0.9995757512044281,1.0003441749333173,0.9956106854251858,0.9992340076047945,0.006330944864764887,0.006984399378241138,0.01289999627106216,8.979793431670883,0.1837356247700725,2.1044776956936975,2.5679338203643574,0.057256438766750246,0.3721123322988596,0.16806899287829474,0.07388116777740585,0.7129661903837372,6.81192477279622,0.11679162455397056,1.2145375591270078,0.5477814686079302,0.024211208263040164,1.3154928840377231,4.9809585862756454e-06,221.93187176013225,0.3470510463643906,4273.728849040525,0.05800867641665296,61.08389654491178,0.08418346509106106,0.5856786599400842,0.07596908215755424
2026-09-18,76371.3617203135,2446.143252227872,0.999260614790282,737.8070248871743,517.1750098712733,78.70589965020872,11.379932771786882,0.9997338088376089,53.91391442431927,7.606190157317368,1.0000206774086928,0.10156705623424019,0.9991995054414723,0.9994207616460882,4344.087750147418,111.96418394946599,1.1375268350899075,0.9999748484953864,0.15461109017158026,0.004083270669939691,3.609962923918898e-06,1.0787995223714966,0.7433479353121814,0.9981926977036202,4.8105529263861895,9.342448459615484,0.09798699143721597,0.0337996838163759,0.021246189541721132,0.09036443880522957,0.23771046619935823,106.54,1.5730807010185093,1.4369495133163066,11.214646,0.9984675436840131,0.5976671082065811,1.049803,1.2954485992654137,0.9996150475471216,101.56908350057118,0.3346669205316557,233.8796578532501,3.148546480125832,7.791475422424743,0.999233055064574,0.7187567012874446,1.0,128.54215685402488,1.1455832765961784,0.5698405594681146,1.6655554193499325e-06,25.689100590812718,7.508186741843667,1.9290570344014657,1.1623686285491954,0.8125799411892305,0.8409212916662895,2.4390692088312713,0.007359225582837045,5.717049346121379,61.02057515425809,1466.5883939216646,1.028260256910589,85.06358331852043,0.08167846627345039,0.2025051150868813,0.9999319846639276,0.05806181827599416,1.2002700867357547,0.9995767625320345,1.0003721343655207,0.995463099531037,0.999130040577267,0.006414464078061053,0.007259146196891658,0.012759120486428296,8.905034489369884,0.18335852911865103,2.217763969634238,2.6343069884165753,0.0593284506598166,0.3835055564430368,0.17726838341168366,0.07455026263974679,0.740761355351342,7.054542047954311,0.11386806454804949,1.215383185142932,0.586385993273619,0.023571835577589514,1.3414926021817695,5.151024355536194e-06,232.2440860772665,0.3720539260849017,4341.512905846094,0.058290333099566286,61.136543780001055,0.08119601891218854,0.6249289921020255,0.07590542411276832
2026-09-19,80873.58287659245,2611.5555571198493,0.9996902452910752,761.1422907870758,565.0777731211257,83.02318202858054,12.224011588823037,1.0000285596105998,58.1367989799671,8.202547411691457,0.999928177286976,0.11103016568729322,0.9996689404995934,1.000033034480079,4375.379500345792,116.14644077955272,1.13787281481364,0.9999917310813162,0.16830004595938555,0.004244034087134893,3.8131979694357827e-06,1.1337318014500815,0.7671269731119891,0.9984286432063654,4.767003002849004,9.945099538397526,0.10718345772169095,0.038033047877395365,0.04617679396696203,0.09787525369289878,0.26545258379381187,106.54000000000002,1.718973161135633,1.5470376563192876,11.215714,0.9990507554353163,0.731542085471118,1.049894,1.3960002270584508,0.9997655931146715,112.70209381584154,0.33830315503656067,255.35402399818003,3.7625126088515235,8.86197982271963,0.9997498094159742,0.6294439063049742,1.0,139.48564283443642,1.1464841399071544,0.6246385869326831,1.7014631602380808e-06,27.946412288522367,8.154755842306173,1.9918819218379595,1.1637742464695853,0.8455835867248219,0.94373912791814,2.4183933675980667,0.007865640702149445,6.676827718855609,63.54818415867808,1561.5145909962448,1.0316119967283925,92.53945314183504,0.08744317996850924,0.22447159853263435,0.9999324319307381,0.05987791189040351,1.3034774062233134,0.9998020935287384,0.9997987309193501,0.9962323822802565,0.9996238772038117,0.006622773578478001,0.007928590101854422,0.013362006080605018,8.911675461104563,0.19309802450059962,2.486451255336289,2.8637616073969516,0.06953407885567574,0.42452953485137773,0.2211848843021078,0.07924682013108461,0.8141972388048887,7.199897230972009,0.11321221669957486,1.2168085878800967,0.6406657467830471,0.024975497615820148,1.3752030012657535,5.454360555649975e-06,250.1078603523194,0.3985332100607078,4368.747015143593,0.05903235668844491,63.26674212741152,0.08457211014773511,0.72534175735726,0.0755242412842223
2026-09-20,81236.41383660372,2632.0095970320526,0.999596264224465,761.7625351064928,546.6794975361839,82.8671166090631,12.416572914885847,0.9998532285289816,58.25899431575356,10.090015978866983,0.9999600798646626,0.10952556222863447,0.9995023411085163,0.9997943040031718,4374.427513156158,117.80852535489862,1.13787281481364,0.9999897544122931,0.20417370081486114,0.004254457324994559,4.1108178145317445e-06,1.1239559203307845,0.7641173678046366,0.9980299950206392,4.810905481741285,10.369722983157404,0.10464728282427609,0.039117935512350384,0.06456967081254018,0.10504607297740927,0.2816237926691256,106.54000000000002,1.7441282686093693,1.57424349412295,11.215714,0.9990663216968024,0.7243190388706694,1.049894,1.4099588207580518,0.9996995311870612,111.01530437008863,0.33976389757630177,254.911089221465,3.5865306009892803,8.666070636889948,0.9996223655377725,0.5895890683985824,0.9999999999999999,141.01821241950913,1.1391192150954175,0.6223706229241668,1.7065173215343591e-06,25.80267034610299,8.571296338276436,2.0067632251759364,1.1628124009936223,0.8432574972740128,0.9618700308254071,2.402190856083366,0.008802817084024105,7.920080294092058,58.69728774673486,1469.6726472203538,1.0002455877686143,92.1480019383505,0.08770012298395068,0.22777739999581934,0.999849012793839,0.059632865555379055,1.5066671624786891,0.9997944926843315,0.9999463503403829,0.9957034078066045,0.9995573617455208,0.006634259367732556,0.007950412693590725,0.01374080307657418,8.903951878772975,0.1961335830567005,2.5922535359809156,2.8633504174597673,0.0693255104918716,0.4309740856867738,0.20604586541562298,0.0814132620451246,0.8573120386370612,7.219316462634444,0.11653210091438426,1.2158029101561603,0.6587253170600696,0.02484178813003595,1.3812830137303618,5.504150347826018e-06,263.6329923533337,0.42015251948799043,4364.74941569862,0.0584354179153649,65.6598966198357,0.08410261004694372,0.7512340006705667,0.07568165398427322
2026-09-21,81169.03511950027,2644.7349398187544,0.9997299000370392,772.2240978867138,562.5655589059603,82.87250590589686,12.515622855556591,1.0000646787313339,58.72491224353903,11.320773934355588,1.0000708368638962,0.1090287304607276,0.9996117273082277,0.9999578957322016,4371.995001028179,117.83918578594532,1.13787281481364,1.0000731168005708,0.2169872766148059,0.004225015037849599,3.995001973814803e-06,1.134237283915615,0.7394253228660752,0.9982240067097292,4.776025846834223,10.434605234121852,0.10898573749071368,0.03993175065017674,0.059107886659289524,0.10875768381868883,0.2989992480622942,106.54,1.7647931080464874,1.732454176693386,11.215714,0.9990934282688926,0.7386656391932682,1.049894,1.4102316069939922,0.9997579976927018,111.15414771124425,0.34253995138663706,252.66781727855263,4.163360981216509,8.729811001355298,0.9998647935588951,0.7483561247599766,1.0,137.54858649782042,1.1403795244994384,0.6069573940798645,1.716290230700347e-06,29.314022824878418,8.517447884445927,2.010619919476413,1.1628631253171213,0.8268593762515452,0.9428516742105719,2.5668752458620756,0.008443762672569431,7.78121854182252,57.63627933302419,1509.189961964244,1.000235248831819,93.64483508577506,0.08727794041751935,0.22789193394643248,1.0000085441781255,0.05961402243870107,1.4778056886695277,0.9998871213896268,1.0001557197758681,0.9957590700132325,0.9996634195253479,0.006588231027666515,0.00786728222976955,0.014096975790846502,8.926435038818294,0.19723247363860413,2.712563140775276,2.8965529986697733,0.07095343540542677,0.4353597118467454,0.21753852391260955,0.08646192767849811,0.8974151811090844,7.201178088122002,0.11382579684475087,1.2158559460371614,0.6585214525526659,0.024474396618972147,1.3839287348103875,5.483791645246209e-06,261.6414074395551,0.4326132273354863,4362.971485039502,0.05811895841499282,64.12032655469736,0.08579534196498315,0.7235730609817063,0.0759558425233328
2026-09-22,86596.74004249526,2775.1686826711957,0.9997923183508562,799.1366632487325,590.786916912482,87.15827142656629,13.174962130760056,0.9999314725802265,61.98862752291407,11.22963226594034,0.9999241644302235,0.11872471389921002,0.9995821402225588,1.0000837967536602,4367.908781694114,122.96293629819525,1.1379540606469194,0.9999091845704363,0.2123779826618508,0.004375082424411514,4.765512096596664e-06,1.206242496267486,0.7452195905887906,0.998595579495699,4.737253905906311,11.092821466693382,0.11213372614572858,0.043217733753205693,0.057652844216876685,0.11247849680849079,0.29811667113224705,106.54,1.8108135806168628,1.8725138913520865,11.216808,0.9989928537252578,0.7946874533217905,1.050402,1.5349840525522158,0.9998652368237424,118.87215319676594,0.34455090296814633,267.09472334771544,4.26685096763515,8.989983798939514,0.9997977528487502,0.8014767299201347,1.0,145.83823480646873,1.1393227785838431,0.6512200387840735,1.723566959933866e-06,31.97664447027006,8.889449987466442,2.180320324448418,1.1614167631581964,0.8776312787893673,0.9859601150040591,2.5485118634319153,0.009310698000734205,7.848080714300973,59.157928014080895,1470.8124797575856,1.013710798054268,94.04979846054695,0.09980245749264037,0.24504152248723637,0.9999880138216813,0.06602882338346774,1.4433690115556366,0.9997736149080774,1.0003472003045402,0.9959014650073159,0.9997266588122468,0.006938760902255726,0.00878533505158157,0.013979811673749294,8.97482887735807,0.21533901958851495,2.6570772822216946,3.02829646028259,0.07052386055058407,0.4578821415007924,0.22572396278532914,0.09338713047147888,1.0413050116592588,7.4514326671345765,0.11452455331503299,1.214320107306224,0.6985922836993647,0.025215575452746913,1.4489284748751963,6.043507441970599e-06,318.86013513628166,0.45778754887148837,4364.464388537871,0.057361351568495145,66.82642527222829,0.08996311651004116,0.7155108413857336,0.07546876596683266
2026-09-23,86183.29442787907,2752.629093198004,0.9998424952363417,788.1390870300733,573.9543020394774,86.66426928400206,,0.9998045442650576,62.935098562137156,11.302807378963678,0.9999723892160607,,,0.9999314665286456,,,,,0.21630344172998903,,,1.2179310627906088,0.7290873153877415,,,,,,0.05092081272216199,0.11207155360869753,0.30176297296025406,107.53000000000002,,,11.220027,,,,1.571302241663608,0.9998701947785504,118.50707502712261,0.3420076049218839,344.96658805403973,4.41207211165294,10.218740498650503,0.9997210522070917,0.8974626798352717,1.0,147.83595123338552,1.1467263229210385,0.6689130605733542,1.7354742418653574e-06,31.906873632060204,9.42492651923194,2.114357709221731,1.1598442621167944,0.8860720756447352,1.0431192853949816,2.5680656413657905,0.009292727983736551,7.891684336078954,64.108929172899,1628.534871228297,1.0318057093031177,97.19050715676083,0.10035920391876493,0.2540226969927011,1.000001324702481,0.06669255596906576,1.3135124645022265,0.9995225851078207,0.9999403368812697,0.9956944308803866,0.9997513327652385,0.007205138560472474,0.01003216539525001,0.013098861117153696,8.972276661893803,0.21601064494658484,2.625637535165909,3.017571205866235,0.06931492820386179,0.47091604880735355,0.23495086032155854,0.09892559978264463,1.0223915544655828,7.428928075074457,0.11260362652317038,1.2126685281029947,0.683580132088712,0.024697510282043318,1.472385436753103,6.104350305612974e-06,314.66127045527406,0.44098568111995334,4359.381939875312,0.05843017564103826,73.76270314332872,0.09039680225362597,0.7081011505201119,0.07588801267979604
